Id,Label,Latitude,Longitude,Densidade,Tipo
"17.0_-60.0","17.0_-60.0",17.6025,-59.4431,0.005986,"Intermediario"
"34.0_-120.0","34.0_-120.0",34.2048,-119.4984,0.014771,"Intermediario"
"21.0_-130.0","21.0_-130.0",21.6500,-129.3900,0.006750,"Intermediario"
"15.0_-159.0","15.0_-159.0",15.4350,-158.4300,0.001710,"Intermediario"
"14.0_-82.0","14.0_-82.0",14.4650,-81.6250,0.003800,"Intermediario"
"34.0_-66.0","34.0_-66.0",34.4620,-65.4025,0.076492,"Intermediario"
"54.0_-165.0","54.0_-165.0",54.8210,-164.8840,0.000000,"Intermediario"
"19.0_-110.0","19.0_-110.0",19.4467,-109.3300,0.003967,"Intermediario"
"43.0_-70.0","43.0_-70.0",43.3769,-69.5056,0.003789,"Intermediario"
"-14.0_87.0","-14.0_87.0",-13.0805,87.4013,2.994000,"Intermediario"
"33.0_-163.0","33.0_-163.0",33.4179,-162.6658,0.065400,"Intermediario"
"24.0_135.0","24.0_135.0",24.6367,135.1660,0.109500,"Intermediario"
"29.0_-46.0","29.0_-46.0",29.0401,-45.4840,0.300000,"Intermediario"
"26.0_-68.0","26.0_-68.0",26.3450,-67.7250,0.033600,"Intermediario"
"4.0_-125.0","4.0_-125.0",4.0700,-124.0600,0.000000,"Intermediario"
"34.0_-177.0","34.0_-177.0",34.4727,-176.4532,0.194120,"Intermediario"
"-35.0_155.0","-35.0_155.0",-34.7671,155.7123,0.013600,"Intermediario"
"21.0_-61.0","21.0_-61.0",21.5090,-60.1050,0.011163,"Intermediario"
"7.0_-26.0","7.0_-26.0",7.3200,-26.0000,0.000000,"Intermediario"
"40.0_18.0","40.0_18.0",40.3762,18.7320,1.368920,"Intermediario"
"-35.0_27.0","-35.0_27.0",-34.8400,27.5500,0.019100,"Intermediario"
"-28.0_-27.0","-28.0_-27.0",-27.3323,-26.8913,0.009380,"Intermediario"
"37.0_-2.0","37.0_-2.0",37.2388,-1.2504,1.380000,"Intermediario"
"18.0_-153.0","18.0_-153.0",18.3650,-152.5850,0.000000,"Intermediario"
"-8.0_-120.0","-8.0_-120.0",-7.7000,-119.3800,0.000000,"Intermediario"
"14.0_-145.0","14.0_-145.0",14.7100,-144.4800,0.002370,"Intermediario"
"25.0_141.0","25.0_141.0",25.1907,141.1767,0.078600,"Intermediario"
"63.0_-54.0","63.0_-54.0",63.5700,-53.1200,0.061750,"Intermediario"
"38.0_146.0","38.0_146.0",38.9026,146.4218,0.200400,"Intermediario"
"-32.0_-28.0","-32.0_-28.0",-31.6642,-27.5227,0.364000,"Intermediario"
"33.0_-47.0","33.0_-47.0",33.1300,-46.7900,0.015500,"Intermediario"
"16.0_-129.0","16.0_-129.0",16.7200,-128.9200,0.000000,"Intermediario"
"-26.0_-11.0","-26.0_-11.0",-25.8243,-10.2767,0.900000,"Intermediario"
"21.0_-74.0","21.0_-74.0",21.4025,-73.6592,0.020543,"Intermediario"
"48.0_-124.0","48.0_-124.0",48.4850,-123.2900,0.005350,"Intermediario"
"20.0_-68.0","20.0_-68.0",20.1700,-67.9700,0.127000,"Intermediario"
"57.0_-15.0","57.0_-15.0",57.2900,-14.2097,0.020600,"Intermediario"
"27.0_-30.0","27.0_-30.0",27.9700,-29.6500,0.069600,"Intermediario"
"13.0_-63.0","13.0_-63.0",13.5047,-62.5727,0.005103,"Intermediario"
"28.0_-80.0","28.0_-80.0",28.3510,-79.5410,0.003486,"Intermediario"
"25.0_-151.0","25.0_-151.0",25.1354,-150.4719,0.698000,"Intermediario"
"24.0_-128.0","24.0_-128.0",24.4300,-127.2200,0.009820,"Intermediario"
"-47.0_150.0","-47.0_150.0",-46.3877,150.4064,0.000000,"Intermediario"
"31.0_127.0","31.0_127.0",31.5110,127.6634,0.498194,"Intermediario"
"-32.0_177.0","-32.0_177.0",-31.2300,177.5800,0.008160,"Intermediario"
"31.0_-75.0","31.0_-75.0",31.3425,-74.5475,0.020790,"Intermediario"
"28.0_-27.0","28.0_-27.0",28.8700,-26.9500,0.042400,"Intermediario"
"19.0_-76.0","19.0_-76.0",19.2833,-75.4467,0.002057,"Intermediario"
"15.0_-146.0","15.0_-146.0",15.2700,-145.9000,0.000000,"Intermediario"
"-35.0_-19.0","-35.0_-19.0",-34.0419,-18.1859,0.092400,"Intermediario"
"35.0_-147.0","35.0_-147.0",35.1200,-146.2100,0.294000,"Intermediario"
"-57.0_-28.0","-57.0_-28.0",-56.9744,-27.8695,0.000000,"Intermediario"
"60.0_-7.0","60.0_-7.0",60.8324,-6.1447,2.500000,"Intermediario"
"11.0_-60.0","11.0_-60.0",11.4689,-59.6522,0.008989,"Intermediario"
"19.0_128.0","19.0_128.0",19.1399,128.4832,0.145000,"Intermediario"
"29.0_-59.0","29.0_-59.0",29.3125,-58.5900,0.064580,"Intermediario"
"38.0_-63.0","38.0_-63.0",38.1700,-62.7300,0.000000,"Intermediario"
"-64.0_-60.0","-64.0_-60.0",-63.1000,-60.0000,0.009320,"Intermediario"
"41.0_150.0","41.0_150.0",41.3320,150.5760,0.088890,"Intermediario"
"-18.0_-26.0","-18.0_-26.0",-17.8870,-25.0860,0.003640,"Intermediario"
"3.0_-142.0","3.0_-142.0",3.9600,-141.5300,0.004400,"Intermediario"
"-30.0_-25.0","-30.0_-25.0",-29.5155,-24.6103,0.006540,"Intermediario"
"51.0_-28.0","51.0_-28.0",51.1500,-27.3300,0.001170,"Intermediario"
"-27.0_-30.0","-27.0_-30.0",-26.7957,-29.0970,0.004740,"Intermediario"
"26.0_-121.0","26.0_-121.0",26.3967,-120.4733,0.000583,"Intermediario"
"44.0_-67.0","44.0_-67.0",44.2800,-66.9300,0.043200,"Intermediario"
"53.0_-18.0","53.0_-18.0",53.2467,-17.6714,9.062500,"Intermediario"
"30.0_-125.0","30.0_-125.0",30.4100,-124.3050,0.000875,"Intermediario"
"16.0_-67.0","16.0_-67.0",16.4167,-66.3933,0.000900,"Intermediario"
"29.0_129.0","29.0_129.0",29.3053,129.8261,3.008000,"Intermediario"
"23.0_-77.0","23.0_-77.0",23.6500,-76.9200,0.004300,"Intermediario"
"25.0_-71.0","25.0_-71.0",25.9067,-70.6867,0.033133,"Intermediario"
"55.0_-12.0","55.0_-12.0",55.5578,-11.5752,6.000000,"Intermediario"
"43.0_3.0","43.0_3.0",43.2038,3.3517,0.034500,"Intermediario"
"-3.0_-11.0","-3.0_-11.0",-2.7013,-10.2352,0.000000,"Intermediario"
"43.0_140.0","43.0_140.0",43.0474,140.4970,12.320252,"Intermediario"
"-14.0_-152.0","-14.0_-152.0",-13.5650,-151.1950,0.005320,"Intermediario"
"6.0_-86.0","6.0_-86.0",6.9700,-85.9300,0.001080,"Intermediario"
"35.0_23.0","35.0_23.0",35.7025,23.4194,0.306000,"Intermediario"
"39.0_-142.0","39.0_-142.0",39.1300,-141.6200,0.216050,"Intermediario"
"-15.0_-148.0","-15.0_-148.0",-14.6119,-147.5569,0.001797,"Intermediario"
"34.0_136.0","34.0_136.0",34.4352,136.7649,0.660422,"Intermediario"
"35.0_-121.0","35.0_-121.0",35.0545,-120.8488,0.015115,"Intermediario"
"12.0_-26.0","12.0_-26.0",12.5000,-25.9900,0.022100,"Intermediario"
"9.0_-116.0","9.0_-116.0",9.5500,-115.3500,0.000000,"Intermediario"
"27.0_-61.0","27.0_-61.0",27.6755,-60.3109,0.123088,"Intermediario"
"-26.0_107.0","-26.0_107.0",-25.7993,107.8098,0.018500,"Intermediario"
"23.0_-127.0","23.0_-127.0",23.6700,-126.1200,0.000000,"Intermediario"
"43.0_-83.0","43.0_-83.0",43.6387,-82.3606,0.010763,"Intermediario"
"28.0_-123.0","28.0_-123.0",28.3200,-122.8100,0.003200,"Intermediario"
"42.0_5.0","42.0_5.0",42.9735,5.3973,1.910000,"Intermediario"
"-3.0_-142.0","-3.0_-142.0",-2.6467,-141.3733,0.000000,"Intermediario"
"-30.0_69.0","-30.0_69.0",-29.3500,69.3900,0.095300,"Intermediario"
"31.0_-62.0","31.0_-62.0",31.2900,-61.4525,0.062415,"Intermediario"
"27.0_-74.0","27.0_-74.0",27.4850,-73.5400,0.043200,"Intermediario"
"29.0_-119.0","29.0_-119.0",29.3740,-118.6120,0.000000,"Intermediario"
"30.0_130.0","30.0_130.0",30.7261,130.5628,0.709103,"Intermediario"
"22.0_-58.0","22.0_-58.0",22.4329,-57.8114,0.032871,"Intermediario"
"-34.0_15.0","-34.0_15.0",-33.2300,15.3400,0.010600,"Intermediario"
"11.0_-138.0","11.0_-138.0",11.8300,-137.6300,0.001900,"Intermediario"
"45.0_-86.0","45.0_-86.0",45.5608,-85.5290,0.084941,"Intermediario"
"8.0_-146.0","8.0_-146.0",8.2400,-145.5200,0.001175,"Intermediario"
"-32.0_-94.0","-32.0_-94.0",-31.3878,-93.3457,0.016400,"Intermediario"
"-34.0_-84.0","-34.0_-84.0",-33.0195,-83.4213,0.000000,"Intermediario"
"10.0_-155.0","10.0_-155.0",10.6400,-154.7900,0.000000,"Intermediario"
"30.0_-38.0","30.0_-38.0",30.4967,-37.0833,0.031900,"Intermediario"
"32.0_133.0","32.0_133.0",32.8109,133.3698,8.091391,"Intermediario"
"42.0_-64.0","42.0_-64.0",42.4621,-63.5057,0.023014,"Intermediario"
"7.0_-163.0","7.0_-163.0",7.6033,-162.2000,0.002770,"Intermediario"
"56.0_-136.0","56.0_-136.0",56.5400,-135.1500,0.000000,"Intermediario"
"37.0_-140.0","37.0_-140.0",37.7359,-139.7674,1.800000,"Intermediario"
"13.0_133.0","13.0_133.0",13.8530,133.7372,0.028900,"Intermediario"
"-53.0_-53.0","-53.0_-53.0",-52.2120,-52.2446,0.000000,"Intermediario"
"73.0_18.0","73.0_18.0",73.4679,18.5278,0.010800,"Intermediario"
"27.0_-56.0","27.0_-56.0",27.4100,-55.2700,0.504133,"Intermediario"
"37.0_-149.0","37.0_-149.0",37.8400,-148.8350,0.316150,"Intermediario"
"49.0_-9.0","49.0_-9.0",49.2511,-8.4353,4.750000,"Intermediario"
"14.0_-163.0","14.0_-163.0",14.5100,-162.8400,0.000000,"Intermediario"
"-5.0_-157.0","-5.0_-157.0",-4.5000,-156.0700,0.000000,"Intermediario"
"16.0_-147.0","16.0_-147.0",16.8100,-146.6800,0.000794,"Intermediario"
"-26.0_-37.0","-26.0_-37.0",-25.9968,-36.4999,0.024800,"Intermediario"
"-15.0_-153.0","-15.0_-153.0",-14.3033,-152.4667,0.000000,"Intermediario"
"28.0_-62.0","28.0_-62.0",28.5667,-61.2667,0.290900,"Intermediario"
"15.0_-66.0","15.0_-66.0",15.6450,-65.3383,0.002887,"Intermediario"
"24.0_-70.0","24.0_-70.0",24.2880,-69.6280,0.046760,"Intermediario"
"19.0_-58.0","19.0_-58.0",19.4920,-57.8000,0.037972,"Intermediario"
"-30.0_-101.0","-30.0_-101.0",-29.1922,-100.7390,0.128000,"Intermediario"
"57.0_-137.0","57.0_-137.0",57.2600,-136.2200,0.000000,"Intermediario"
"-60.0_128.0","-60.0_128.0",-59.8202,128.7495,0.106000,"Intermediario"
"36.0_-60.0","36.0_-60.0",36.2567,-59.6933,0.046067,"Intermediario"
"-8.0_89.0","-8.0_89.0",-7.2690,89.5073,0.055700,"Intermediario"
"42.0_-82.0","42.0_-82.0",42.2434,-81.3010,0.101953,"Intermediario"
"41.0_17.0","41.0_17.0",41.3540,17.5631,2.550000,"Intermediario"
"13.0_-157.0","13.0_-157.0",13.5050,-156.1550,0.000000,"Intermediario"
"54.0_-9.0","54.0_-9.0",54.8319,-8.7213,6.166667,"Intermediario"
"39.0_-137.0","39.0_-137.0",39.4098,-136.4378,0.192850,"Intermediario"
"43.0_-9.0","43.0_-9.0",43.5614,-8.5790,0.103667,"Intermediario"
"22.0_-45.0","22.0_-45.0",22.8600,-44.5300,0.033400,"Intermediario"
"12.0_-130.0","12.0_-130.0",12.2600,-130.0000,0.000000,"Intermediario"
"25.0_-120.0","25.0_-120.0",25.7600,-119.7800,0.000000,"Intermediario"
"36.0_-3.0","36.0_-3.0",36.6011,-2.6744,0.489600,"Intermediario"
"16.0_-72.0","16.0_-72.0",16.2717,-71.5100,0.000548,"Intermediario"
"7.0_-145.0","7.0_-145.0",7.5950,-144.2900,0.000000,"Intermediario"
"36.0_143.0","36.0_143.0",36.3559,143.1206,0.303600,"Intermediario"
"17.0_-86.0","17.0_-86.0",17.4857,-85.8929,0.007714,"Intermediario"
"16.0_-85.0","16.0_-85.0",16.5332,-84.5877,0.006582,"Intermediario"
"4.0_-156.0","4.0_-156.0",4.3100,-155.5800,0.000000,"Intermediario"
"29.0_-124.0","29.0_-124.0",29.7117,-123.4931,0.025614,"Intermediario"
"29.0_-81.0","29.0_-81.0",29.6200,-80.3750,0.005217,"Intermediario"
"36.0_-122.0","36.0_-122.0",36.8100,-121.9800,0.001180,"Intermediario"
"30.0_-143.0","30.0_-143.0",30.0133,-142.3367,0.145833,"Intermediario"
"21.0_-161.0","21.0_-161.0",21.6504,-160.5444,0.008380,"Intermediario"
"-24.0_166.0","-24.0_166.0",-23.2101,166.6370,0.000610,"Intermediario"
"7.0_-158.0","7.0_-158.0",7.5600,-157.3900,0.000422,"Intermediario"
"73.0_142.0","73.0_142.0",73.0405,142.1484,0.000000,"Intermediario"
"10.0_-67.0","10.0_-67.0",10.7000,-66.0500,0.000000,"Intermediario"
"17.0_-152.0","17.0_-152.0",17.0700,-151.6100,0.007380,"Intermediario"
"21.0_-108.0","21.0_-108.0",21.0100,-107.6200,0.004300,"Intermediario"
"-35.0_-41.0","-35.0_-41.0",-34.8070,-40.0783,0.254000,"Intermediario"
"39.0_3.0","39.0_3.0",39.0490,3.0290,0.088000,"Intermediario"
"22.0_-162.0","22.0_-162.0",22.9567,-161.9107,0.009120,"Intermediario"
"2.0_-123.0","2.0_-123.0",2.1900,-122.6000,0.000000,"Intermediario"
"48.0_-142.0","48.0_-142.0",48.1600,-141.9300,0.000000,"Intermediario"
"8.0_-159.0","8.0_-159.0",8.5600,-158.7100,0.000000,"Intermediario"
"33.0_-132.0","33.0_-132.0",33.0300,-131.6200,0.583000,"Intermediario"
"32.0_-15.0","32.0_-15.0",32.9100,-14.6100,0.059600,"Intermediario"
"27.0_-117.0","27.0_-117.0",27.7400,-116.2650,0.000000,"Intermediario"
"-40.0_-57.0","-40.0_-57.0",-39.7700,-56.7500,0.000000,"Intermediario"
"22.0_128.0","22.0_128.0",22.6010,128.9380,0.120870,"Intermediario"
"50.0_-131.0","50.0_-131.0",50.5150,-130.2100,0.004650,"Intermediario"
"30.0_-60.0","30.0_-60.0",30.4075,-59.5850,0.070178,"Intermediario"
"5.0_-126.0","5.0_-126.0",5.4800,-125.3250,0.000000,"Intermediario"
"-35.0_14.0","-35.0_14.0",-34.6235,14.4685,0.007400,"Intermediario"
"23.0_-158.0","23.0_-158.0",23.5500,-157.5075,0.007088,"Intermediario"
"-26.0_-123.0","-26.0_-123.0",-25.5538,-122.2008,0.003780,"Intermediario"
"28.0_-154.0","28.0_-154.0",28.1700,-153.9500,0.267000,"Intermediario"
"41.0_-127.0","41.0_-127.0",41.2000,-126.1100,0.000000,"Intermediario"
"-3.0_-99.0","-3.0_-99.0",-2.0400,-98.4400,0.000000,"Intermediario"
"17.0_-73.0","17.0_-73.0",17.4250,-72.3850,0.004233,"Intermediario"
"13.0_-113.0","13.0_-113.0",13.6350,-112.7750,0.001260,"Intermediario"
"-14.0_92.0","-14.0_92.0",-13.8559,92.1060,0.482000,"Intermediario"
"15.0_-79.0","15.0_-79.0",15.5700,-78.9800,0.000000,"Intermediario"
"-4.0_-156.0","-4.0_-156.0",-3.3500,-155.5900,0.000000,"Intermediario"
"-1.0_-153.0","-1.0_-153.0",-0.7300,-152.5500,0.000000,"Intermediario"
"15.0_-133.0","15.0_-133.0",15.4600,-132.0400,0.001580,"Intermediario"
"47.0_-3.0","47.0_-3.0",47.1351,-2.7803,1.262000,"Intermediario"
"33.0_-158.0","33.0_-158.0",33.8800,-157.4100,0.021300,"Intermediario"
"24.0_-83.0","24.0_-83.0",24.2597,-82.4190,0.007709,"Intermediario"
"3.0_-160.0","3.0_-160.0",3.4067,-159.3100,0.000000,"Intermediario"
"6.0_-162.0","6.0_-162.0",6.4150,-161.6825,0.000505,"Intermediario"
"11.0_-160.0","11.0_-160.0",11.4900,-159.0200,0.000866,"Intermediario"
"25.0_154.0","25.0_154.0",25.0990,154.1570,0.040400,"Intermediario"
"5.0_-85.0","5.0_-85.0",5.9100,-84.7900,0.000000,"Intermediario"
"-4.0_-143.0","-4.0_-143.0",-3.5500,-142.7050,0.000000,"Intermediario"
"20.0_-111.0","20.0_-111.0",20.2700,-110.4600,0.004100,"Intermediario"
"-7.0_-145.0","-7.0_-145.0",-6.1300,-144.0900,0.000000,"Intermediario"
"60.0_-50.0","60.0_-50.0",60.4600,-49.5400,0.006690,"Intermediario"
"27.0_-43.0","27.0_-43.0",27.1221,-42.9629,0.053200,"Intermediario"
"6.0_89.0","6.0_89.0",6.4692,89.3732,0.001670,"Intermediario"
"31.0_132.0","31.0_132.0",31.6966,132.3959,0.134900,"Intermediario"
"-16.0_-149.0","-16.0_-149.0",-15.5641,-148.4286,0.001055,"Intermediario"
"75.0_51.0","75.0_51.0",75.9524,51.9267,0.203000,"Intermediario"
"35.0_-152.0","35.0_-152.0",35.9200,-151.7500,0.137000,"Intermediario"
"28.0_-75.0","28.0_-75.0",28.4033,-74.3767,0.025927,"Intermediario"
"41.0_-63.0","41.0_-63.0",41.7200,-62.6000,0.000000,"Intermediario"
"30.0_-156.0","30.0_-156.0",30.3100,-155.9300,0.046200,"Intermediario"
"32.0_-59.0","32.0_-59.0",32.7200,-58.3425,0.061875,"Intermediario"
"42.0_151.0","42.0_151.0",42.0580,151.5940,0.241600,"Intermediario"
"38.0_14.0","38.0_14.0",38.5988,14.7965,0.652000,"Intermediario"
"-19.0_-27.0","-19.0_-27.0",-18.6150,-26.1638,0.001560,"Intermediario"
"29.0_134.0","29.0_134.0",29.8234,134.7113,0.046300,"Intermediario"
"58.0_-4.0","58.0_-4.0",58.4072,-3.3379,0.003546,"Intermediario"
"26.0_-72.0","26.0_-72.0",26.6967,-71.6867,0.032695,"Intermediario"
"17.0_-68.0","17.0_-68.0",17.8350,-67.4000,0.005400,"Intermediario"
"36.0_-153.0","36.0_-153.0",36.8800,-152.1100,0.122000,"Intermediario"
"55.0_-8.0","55.0_-8.0",55.6869,-7.5318,2.250000,"Intermediario"
"38.0_-137.0","38.0_-137.0",38.2700,-136.3000,0.157000,"Intermediario"
"12.0_-157.0","12.0_-157.0",12.3067,-156.6167,0.000000,"Intermediario"
"43.0_-78.0","43.0_-78.0",43.5264,-77.4419,0.607478,"Intermediario"
"8.0_-94.0","8.0_-94.0",8.7500,-93.1500,0.000000,"Intermediario"
"5.0_-143.0","5.0_-143.0",5.9500,-142.7000,0.000000,"Intermediario"
"26.0_-116.0","26.0_-116.0",26.8350,-115.3950,0.000000,"Intermediario"
"23.0_-175.0","23.0_-175.0",23.8900,-174.7400,0.001090,"Intermediario"
"20.0_-112.0","20.0_-112.0",20.6900,-111.7600,0.000000,"Intermediario"
"-27.0_-106.0","-27.0_-106.0",-26.4500,-105.4000,0.011200,"Intermediario"
"-6.0_-157.0","-6.0_-157.0",-5.2100,-156.4800,0.000000,"Intermediario"
"6.0_-157.0","6.0_-157.0",6.4067,-156.5533,0.000747,"Intermediario"
"48.0_-16.0","48.0_-16.0",48.6822,-15.5763,4.000000,"Intermediario"
"25.0_-159.0","25.0_-159.0",25.3927,-158.5307,0.018824,"Intermediario"
"77.0_75.0","77.0_75.0",77.4395,75.7306,0.177000,"Intermediario"
"-2.0_-98.0","-2.0_-98.0",-1.8400,-97.3600,0.000000,"Intermediario"
"6.0_88.0","6.0_88.0",6.4225,88.7502,0.001730,"Intermediario"
"12.0_-62.0","12.0_-62.0",12.4637,-61.6653,0.002786,"Intermediario"
"-27.0_108.0","-27.0_108.0",-26.6675,108.2842,0.004520,"Intermediario"
"-65.0_-62.0","-65.0_-62.0",-64.0800,-62.0000,0.000082,"Intermediario"
"39.0_-65.0","39.0_-65.0",39.4388,-64.6638,0.007805,"Intermediario"
"-16.0_141.0","-16.0_141.0",-15.5033,141.0418,0.000590,"Intermediario"
"-13.0_-147.0","-13.0_-147.0",-12.6750,-146.5750,0.000000,"Intermediario"
"35.0_18.0","35.0_18.0",35.1165,18.2948,0.289000,"Intermediario"
"15.0_-150.0","15.0_-150.0",15.2300,-149.4700,0.026000,"Intermediario"
"53.0_-134.0","53.0_-134.0",53.1100,-133.4000,0.000000,"Intermediario"
"2.0_-27.0","2.0_-27.0",2.4600,-26.0100,0.089900,"Intermediario"
"27.0_-38.0","27.0_-38.0",27.4098,-37.3969,0.020600,"Intermediario"
"37.0_144.0","37.0_144.0",37.4406,144.1275,0.503450,"Intermediario"
"-9.0_93.0","-9.0_93.0",-8.2244,93.7140,0.293800,"Intermediario"
"-27.0_-12.0","-27.0_-12.0",-26.2905,-11.2880,0.175000,"Intermediario"
"9.0_-164.0","9.0_-164.0",9.2000,-163.5000,0.019900,"Intermediario"
"-35.0_32.0","-35.0_32.0",-34.4400,32.1200,0.130000,"Intermediario"
"19.0_-80.0","19.0_-80.0",19.5524,-79.3965,0.010505,"Intermediario"
"76.0_2.0","76.0_2.0",76.0717,2.0867,0.751000,"Intermediario"
"22.0_-75.0","22.0_-75.0",22.6373,-74.5373,0.013555,"Intermediario"
"20.0_-60.0","20.0_-60.0",20.5573,-59.4147,0.024471,"Intermediario"
"32.0_-157.0","32.0_-157.0",32.4132,-156.6058,0.139600,"Intermediario"
"-14.0_-33.0","-14.0_-33.0",-13.7400,-32.3800,0.007470,"Intermediario"
"32.0_128.0","32.0_128.0",32.4524,128.5255,0.321875,"Intermediario"
"40.0_139.0","40.0_139.0",40.6266,139.3175,1.631132,"Intermediario"
"25.0_-66.0","25.0_-66.0",25.5740,-65.5060,0.038594,"Intermediario"
"30.0_-74.0","30.0_-74.0",30.5180,-73.5440,0.069152,"Intermediario"
"-5.0_-143.0","-5.0_-143.0",-4.6200,-142.4525,0.000000,"Intermediario"
"10.0_-160.0","10.0_-160.0",10.4675,-159.5175,0.000000,"Intermediario"
"1.0_-167.0","1.0_-167.0",1.6000,-166.8500,0.000000,"Intermediario"
"34.0_-70.0","34.0_-70.0",34.0800,-69.9900,0.045850,"Intermediario"
"-7.0_-158.0","-7.0_-158.0",-6.3900,-157.3200,0.000000,"Intermediario"
"-59.0_-49.0","-59.0_-49.0",-58.5081,-48.3998,0.015000,"Intermediario"
"11.0_-143.0","11.0_-143.0",11.8900,-142.9000,0.016000,"Intermediario"
"30.0_-173.0","30.0_-173.0",30.2800,-172.6200,0.050800,"Intermediario"
"37.0_-123.0","37.0_-123.0",37.6498,-122.4178,1.895111,"Intermediario"
"12.0_-113.0","12.0_-113.0",12.9500,-112.9400,0.005400,"Intermediario"
"34.0_140.0","34.0_140.0",34.9346,140.2099,0.096400,"Intermediario"
"18.0_-61.0","18.0_-61.0",18.5157,-60.4986,0.007197,"Intermediario"
"25.0_-79.0","25.0_-79.0",25.9300,-78.3150,0.000550,"Intermediario"
"-27.0_-38.0","-27.0_-38.0",-26.1310,-37.5873,0.009720,"Intermediario"
"35.0_-67.0","35.0_-67.0",35.3929,-66.4771,0.055057,"Intermediario"
"6.0_-144.0","6.0_-144.0",6.9500,-143.2000,0.000000,"Intermediario"
"33.0_31.0","33.0_31.0",33.1543,31.8692,0.688000,"Intermediario"
"27.0_130.0","27.0_130.0",27.4914,130.5946,0.059300,"Intermediario"
"33.0_-127.0","33.0_-127.0",33.4700,-126.7700,0.008460,"Intermediario"
"32.0_-131.0","32.0_-131.0",32.5881,-130.5830,0.477340,"Intermediario"
"29.0_-63.0","29.0_-63.0",29.3948,-62.7514,0.045725,"Intermediario"
"-10.0_-139.0","-10.0_-139.0",-9.6100,-138.5800,0.001273,"Intermediario"
"23.0_-131.0","23.0_-131.0",23.5677,-130.3722,0.023800,"Intermediario"
"-12.0_-145.0","-12.0_-145.0",-11.6825,-144.5300,0.000000,"Intermediario"
"39.0_135.0","39.0_135.0",39.4485,135.8249,1.841500,"Intermediario"
"27.0_-69.0","27.0_-69.0",27.5400,-68.7675,0.009191,"Intermediario"
"22.0_-62.0","22.0_-62.0",22.9500,-61.0800,0.004300,"Intermediario"
"38.0_-124.0","38.0_-124.0",38.1900,-123.4229,0.073714,"Intermediario"
"-26.0_168.0","-26.0_168.0",-25.0812,168.6988,0.001392,"Intermediario"
"19.0_132.0","19.0_132.0",19.4410,132.7781,0.096400,"Intermediario"
"44.0_-8.0","44.0_-8.0",44.0457,-7.6485,1.340000,"Intermediario"
"22.0_-161.0","22.0_-161.0",22.4200,-160.4973,0.012458,"Intermediario"
"37.0_-61.0","37.0_-61.0",37.2000,-60.9300,0.014000,"Intermediario"
"46.0_-4.0","46.0_-4.0",46.4424,-3.6026,2.040429,"Intermediario"
"28.0_-57.0","28.0_-57.0",28.5650,-56.7150,0.055200,"Intermediario"
"42.0_16.0","42.0_16.0",42.1667,16.3999,2.140000,"Intermediario"
"22.0_-108.0","22.0_-108.0",22.6850,-107.5550,0.011550,"Intermediario"
"33.0_-64.0","33.0_-64.0",33.6363,-63.5413,0.074175,"Intermediario"
"31.0_-161.0","31.0_-161.0",31.3298,-160.2649,0.751633,"Intermediario"
"9.0_-120.0","9.0_-120.0",9.2200,-119.0300,0.000000,"Intermediario"
"-22.0_101.0","-22.0_101.0",-21.2444,101.3991,0.018800,"Intermediario"
"44.0_-134.0","44.0_-134.0",44.8800,-133.9200,0.008690,"Intermediario"
"16.0_-146.0","16.0_-146.0",16.5800,-145.4350,0.001750,"Intermediario"
"-5.0_-156.0","-5.0_-156.0",-4.4850,-155.3150,0.000421,"Intermediario"
"-36.0_13.0","-36.0_13.0",-35.3054,13.3976,0.017067,"Intermediario"
"-68.0_167.0","-68.0_167.0",-67.0973,167.3309,0.000000,"Intermediario"
"38.0_5.0","38.0_5.0",38.2873,5.6022,2.232750,"Intermediario"
"15.0_-163.0","15.0_-163.0",15.3600,-162.4300,0.012100,"Intermediario"
"40.0_-74.0","40.0_-74.0",40.2900,-73.4100,0.000000,"Intermediario"
"-29.0_-16.0","-29.0_-16.0",-28.0320,-15.3368,0.149000,"Intermediario"
"42.0_-128.0","42.0_-128.0",42.7400,-127.1700,0.000000,"Intermediario"
"23.0_-81.0","23.0_-81.0",23.7120,-80.5970,0.005436,"Intermediario"
"-34.0_-35.0","-34.0_-35.0",-33.6870,-34.3420,0.044000,"Intermediario"
"-27.0_-25.0","-27.0_-25.0",-26.4600,-24.2100,0.324000,"Intermediario"
"-20.0_-6.0","-20.0_-6.0",-19.1813,-5.9712,0.005780,"Intermediario"
"-30.0_-102.0","-30.0_-102.0",-29.0453,-101.7302,0.708000,"Intermediario"
"-43.0_148.0","-43.0_148.0",-42.5642,148.6996,0.006051,"Intermediario"
"5.0_-156.0","5.0_-156.0",5.4775,-155.6150,0.001250,"Intermediario"
"73.0_72.0","73.0_72.0",73.8528,72.9964,0.000000,"Intermediario"
"51.0_-132.0","51.0_-132.0",51.1800,-131.2700,0.004900,"Intermediario"
"3.0_-15.0","3.0_-15.0",3.2770,-14.9691,0.058900,"Intermediario"
"29.0_-76.0","29.0_-76.0",29.8900,-75.0700,0.034600,"Intermediario"
"16.0_-71.0","16.0_-71.0",16.5071,-70.4171,0.004843,"Intermediario"
"-7.0_-114.0","-7.0_-114.0",-6.5500,-113.6200,0.000000,"Intermediario"
"35.0_141.0","35.0_141.0",35.6027,141.5522,0.628989,"Intermediario"
"25.0_-128.0","25.0_-128.0",25.5300,-127.1100,0.006840,"Intermediario"
"24.0_-78.0","24.0_-78.0",24.1000,-77.0300,0.002200,"Intermediario"
"34.0_-147.0","34.0_-147.0",34.0900,-146.6000,0.470000,"Intermediario"
"30.0_-43.0","30.0_-43.0",30.5189,-42.0936,0.132000,"Intermediario"
"59.0_-10.0","59.0_-10.0",59.9334,-9.3603,8.500000,"Intermediario"
"19.0_-62.0","19.0_-62.0",19.2400,-61.1650,0.006500,"Intermediario"
"-5.0_-108.0","-5.0_-108.0",-4.6700,-107.6400,0.000000,"Intermediario"
"-11.0_-144.0","-11.0_-144.0",-10.4400,-143.5429,0.000501,"Intermediario"
"20.0_-86.0","20.0_-86.0",20.0100,-85.0800,0.015100,"Intermediario"
"37.0_-74.0","37.0_-74.0",37.7650,-73.4550,0.000000,"Intermediario"
"17.0_-116.0","17.0_-116.0",17.6400,-115.0800,0.001070,"Intermediario"
"14.0_-114.0","14.0_-114.0",14.2800,-113.5900,0.000000,"Intermediario"
"0.0_-90.0","0.0_-90.0",0.0700,-89.7900,0.000000,"Intermediario"
"34.0_-35.0","34.0_-35.0",34.4452,-34.4855,0.101000,"Intermediario"
"25.0_-84.0","25.0_-84.0",25.1638,-83.7613,0.002925,"Intermediario"
"36.0_-68.0","36.0_-68.0",36.5250,-67.5750,0.012950,"Intermediario"
"-34.0_-83.0","-34.0_-83.0",-33.1071,-82.3870,0.000000,"Intermediario"
"30.0_-138.0","30.0_-138.0",30.9954,-137.3145,0.428800,"Intermediario"
"32.0_-126.0","32.0_-126.0",32.3087,-125.2308,0.074000,"Intermediario"
"40.0_-61.0","40.0_-61.0",40.7800,-60.2500,0.000000,"Intermediario"
"31.0_-57.0","31.0_-57.0",31.5250,-56.9250,0.050150,"Intermediario"
"37.0_-141.0","37.0_-141.0",37.5786,-140.6163,0.385600,"Intermediario"
"41.0_-132.0","41.0_-132.0",41.9800,-132.0000,0.003800,"Intermediario"
"40.0_8.0","40.0_8.0",40.4919,8.2682,0.027000,"Intermediario"
"8.0_-163.0","8.0_-163.0",8.4380,-162.3500,0.004166,"Intermediario"
"-7.0_95.0","-7.0_95.0",-6.0231,95.1541,0.143000,"Intermediario"
"14.0_-64.0","14.0_-64.0",14.1657,-63.5429,0.003400,"Intermediario"
"10.0_-142.0","10.0_-142.0",10.8800,-141.1100,0.003080,"Intermediario"
"16.0_-151.0","16.0_-151.0",16.3533,-150.7400,0.018287,"Intermediario"
"3.0_-124.0","3.0_-124.0",3.9750,-123.3250,0.000000,"Intermediario"
"32.0_-76.0","32.0_-76.0",32.3850,-75.4000,0.010050,"Intermediario"
"36.0_21.0","36.0_21.0",36.6830,21.6650,0.539000,"Intermediario"
"28.0_-119.0","28.0_-119.0",28.6600,-118.3050,0.000000,"Intermediario"
"71.0_61.0","71.0_61.0",71.3828,61.1794,0.000000,"Intermediario"
"-15.0_-149.0","-15.0_-149.0",-14.4150,-148.6000,0.000000,"Intermediario"
"-52.0_6.0","-52.0_6.0",-51.0480,6.9937,0.000000,"Intermediario"
"27.0_-60.0","27.0_-60.0",27.5900,-59.5170,0.041424,"Intermediario"
"69.0_49.0","69.0_49.0",69.4582,49.2356,0.000000,"Intermediario"
"31.0_-156.0","31.0_-156.0",31.8500,-155.8400,0.096900,"Intermediario"
"17.0_-103.0","17.0_-103.0",17.2500,-102.6200,0.008640,"Intermediario"
"24.0_-158.0","24.0_-158.0",24.7050,-157.5350,0.016350,"Intermediario"
"24.0_-65.0","24.0_-65.0",24.3733,-64.7200,0.117667,"Intermediario"
"4.0_-160.0","4.0_-160.0",4.0700,-159.7600,0.000000,"Intermediario"
"28.0_175.0","28.0_175.0",28.4783,175.3150,0.148000,"Intermediario"
"27.0_-178.0","27.0_-178.0",27.5500,-177.0300,0.027000,"Intermediario"
"-24.0_170.0","-24.0_170.0",-23.7586,170.5256,0.000000,"Intermediario"
"-8.0_94.0","-8.0_94.0",-7.9668,94.9486,0.051200,"Intermediario"
"9.0_-146.0","9.0_-146.0",9.0100,-145.5200,0.000000,"Intermediario"
"42.0_-146.0","42.0_-146.0",42.1500,-145.3400,0.029900,"Intermediario"
"-62.0_117.0","-62.0_117.0",-61.9637,117.2831,0.045900,"Intermediario"
"45.0_-148.0","45.0_-148.0",45.0267,-147.7433,0.000443,"Intermediario"
"-25.0_105.0","-25.0_105.0",-24.2042,105.9532,0.064700,"Intermediario"
"-58.0_-8.0","-58.0_-8.0",-57.5044,-7.0140,0.000000,"Intermediario"
"14.0_-158.0","14.0_-158.0",14.5267,-157.5600,0.003515,"Intermediario"
"-13.0_-152.0","-13.0_-152.0",-12.4100,-151.2100,0.000000,"Intermediario"
"11.0_-156.0","11.0_-156.0",11.1100,-155.7000,0.002160,"Intermediario"
"-53.0_-48.0","-53.0_-48.0",-52.3936,-47.9570,0.003000,"Intermediario"
"39.0_-70.0","39.0_-70.0",39.5987,-69.5018,0.009581,"Intermediario"
"37.0_-154.0","37.0_-154.0",37.1200,-153.5500,0.127000,"Intermediario"
"72.0_140.0","72.0_140.0",72.5677,140.3557,0.000000,"Intermediario"
"25.0_-115.0","25.0_-115.0",25.6500,-114.4275,0.002243,"Intermediario"
"19.0_-75.0","19.0_-75.0",19.2677,-74.4838,0.005031,"Intermediario"
"-25.0_-8.0","-25.0_-8.0",-24.3825,-7.2670,0.096800,"Intermediario"
"35.0_-148.0","35.0_-148.0",35.6912,-147.6655,0.382000,"Intermediario"
"-34.0_-2.0","-34.0_-2.0",-33.2157,-1.2692,0.121000,"Intermediario"
"35.0_-36.0","35.0_-36.0",35.6729,-35.0237,0.022800,"Intermediario"
"11.0_-69.0","11.0_-69.0",11.8780,-68.1220,0.004530,"Intermediario"
"-2.0_-141.0","-2.0_-141.0",-1.7500,-140.2800,0.000000,"Intermediario"
"20.0_-73.0","20.0_-73.0",20.4489,-72.4578,0.010971,"Intermediario"
"30.0_-56.0","30.0_-56.0",30.4500,-55.7000,0.166800,"Intermediario"
"47.0_-57.0","47.0_-57.0",47.2567,-56.3167,0.001650,"Intermediario"
"20.0_-107.0","20.0_-107.0",20.3186,-106.4914,0.001777,"Intermediario"
"-17.0_-24.0","-17.0_-24.0",-16.9837,-23.7325,0.010500,"Intermediario"
"20.0_125.0","20.0_125.0",20.9944,125.9808,0.075200,"Intermediario"
"34.0_-121.0","34.0_-121.0",34.3211,-120.4825,0.025600,"Intermediario"
"37.0_15.0","37.0_15.0",37.8168,15.5000,0.094200,"Intermediario"
"21.0_-156.0","21.0_-156.0",21.8900,-155.6600,0.450000,"Intermediario"
"56.0_-7.0","56.0_-7.0",56.4359,-6.5866,0.555522,"Intermediario"
"-21.0_-177.0","-21.0_-177.0",-20.6600,-176.9300,0.047100,"Intermediario"
"-24.0_-179.0","-24.0_-179.0",-23.3800,-178.2100,0.000000,"Intermediario"
"12.0_-139.0","12.0_-139.0",12.3000,-138.6750,0.001452,"Intermediario"
"55.0_-135.0","55.0_-135.0",55.4050,-134.4800,0.006250,"Intermediario"
"-35.0_4.0","-35.0_4.0",-34.1586,4.8587,0.026000,"Intermediario"
"30.0_-69.0","30.0_-69.0",30.3233,-68.5233,0.116667,"Intermediario"
"40.0_41.0","40.0_41.0",40.5934,41.3256,1.112000,"Intermediario"
"54.0_-10.0","54.0_-10.0",54.6434,-9.8060,0.750000,"Intermediario"
"23.0_-59.0","23.0_-59.0",23.5675,-58.6150,0.031750,"Intermediario"
"24.0_-145.0","24.0_-145.0",24.5118,-144.8631,0.550867,"Intermediario"
"32.0_-63.0","32.0_-63.0",32.3975,-62.4350,0.075775,"Intermediario"
"6.0_93.0","6.0_93.0",6.5455,93.6810,0.010900,"Intermediario"
"52.0_-133.0","52.0_-133.0",52.3650,-132.6650,0.003240,"Intermediario"
"15.0_-70.0","15.0_-70.0",15.4929,-69.7171,0.002880,"Intermediario"
"9.0_-159.0","9.0_-159.0",9.4800,-158.8700,0.000000,"Intermediario"
"7.0_-88.0","7.0_-88.0",7.2200,-87.9600,0.023100,"Intermediario"
"43.0_-65.0","43.0_-65.0",43.5124,-64.4784,0.010916,"Intermediario"
"13.0_-76.0","13.0_-76.0",13.0300,-75.5800,0.000000,"Intermediario"
"-28.0_-26.0","-28.0_-26.0",-27.8835,-25.8982,0.010400,"Intermediario"
"40.0_144.0","40.0_144.0",40.1258,144.9701,1.098143,"Intermediario"
"33.0_134.0","33.0_134.0",33.3077,134.5872,1.622346,"Intermediario"
"23.0_-109.0","23.0_-109.0",23.4122,-108.6189,0.001376,"Intermediario"
"6.0_-161.0","6.0_-161.0",6.8000,-160.8750,0.000000,"Intermediario"
"43.0_154.0","43.0_154.0",43.5960,154.4250,0.416060,"Intermediario"
"28.0_131.0","28.0_131.0",28.3409,131.3408,0.643500,"Intermediario"
"-13.0_-150.0","-13.0_-150.0",-12.5900,-149.5300,0.000000,"Intermediario"
"-18.0_1.0","-18.0_1.0",-17.6274,1.8473,0.000000,"Intermediario"
"27.0_-75.0","27.0_-75.0",27.6250,-74.3900,0.046083,"Intermediario"
"16.0_-128.0","16.0_-128.0",16.6300,-127.5400,0.026000,"Intermediario"
"12.0_-58.0","12.0_-58.0",12.5700,-57.9000,0.000000,"Intermediario"
"42.0_-144.0","42.0_-144.0",42.2600,-143.3400,0.016400,"Intermediario"
"25.0_-150.0","25.0_-150.0",25.5686,-149.1358,1.110000,"Intermediario"
"12.0_-160.0","12.0_-160.0",12.3650,-159.4583,0.000353,"Intermediario"
"45.0_-87.0","45.0_-87.0",45.4120,-86.3610,0.135666,"Intermediario"
"24.0_-129.0","24.0_-129.0",24.2205,-128.3530,0.014200,"Intermediario"
"8.0_-145.0","8.0_-145.0",8.3800,-144.6600,0.000000,"Intermediario"
"-10.0_-156.0","-10.0_-156.0",-9.6300,-155.4800,0.000000,"Intermediario"
"31.0_126.0","31.0_126.0",31.9675,126.7028,0.023300,"Intermediario"
"-32.0_-93.0","-32.0_-93.0",-31.5774,-92.3432,0.018000,"Intermediario"
"33.0_-59.0","33.0_-59.0",33.3960,-58.6220,0.030140,"Intermediario"
"-60.0_-51.0","-60.0_-51.0",-59.6409,-50.9165,0.003000,"Intermediario"
"15.0_-147.0","15.0_-147.0",15.6600,-146.4600,0.014800,"Intermediario"
"14.0_-70.0","14.0_-70.0",14.3900,-69.3400,0.000000,"Intermediario"
"51.0_-14.0","51.0_-14.0",51.5535,-13.3488,14.900000,"Intermediario"
"-21.0_98.0","-21.0_98.0",-20.7180,98.6807,0.107700,"Intermediario"
"35.0_-146.0","35.0_-146.0",35.5000,-145.3000,0.138000,"Intermediario"
"42.0_-63.0","42.0_-63.0",42.4071,-62.4614,0.003700,"Intermediario"
"-43.0_152.0","-43.0_152.0",-42.7404,152.8330,0.008660,"Intermediario"
"56.0_-137.0","56.0_-137.0",56.8800,-136.1000,0.000000,"Intermediario"
"3.0_-156.0","3.0_-156.0",3.5850,-155.5000,0.000000,"Intermediario"
"7.0_-164.0","7.0_-164.0",7.7800,-163.9200,0.000000,"Intermediario"
"50.0_-132.0","50.0_-132.0",50.3900,-131.1900,0.000000,"Intermediario"
"-30.0_-24.0","-30.0_-24.0",-29.9658,-23.4819,0.016400,"Intermediario"
"56.0_-5.0","56.0_-5.0",56.1083,-4.8460,0.207846,"Intermediario"
"54.0_-166.0","54.0_-166.0",54.8690,-165.6695,0.086800,"Intermediario"
"34.0_-67.0","34.0_-67.0",34.5220,-66.3910,0.049160,"Intermediario"
"5.0_-127.0","5.0_-127.0",5.5100,-126.5600,0.000000,"Intermediario"
"19.0_-155.0","19.0_-155.0",19.4732,-154.6426,0.008559,"Intermediario"
"36.0_-149.0","36.0_-149.0",36.4178,-148.8748,1.760000,"Intermediario"
"43.0_-71.0","43.0_-71.0",43.1560,-70.2020,0.005560,"Intermediario"
"30.0_-124.0","30.0_-124.0",30.5926,-123.6044,0.041964,"Intermediario"
"29.0_-47.0","29.0_-47.0",29.7322,-46.0428,0.130000,"Intermediario"
"27.0_-147.0","27.0_-147.0",27.3936,-146.5599,1.820667,"Intermediario"
"43.0_141.0","43.0_141.0",43.4176,141.2873,0.372580,"Intermediario"
"34.0_137.0","34.0_137.0",34.4683,137.2226,31.594992,"Intermediario"
"21.0_-62.0","21.0_-62.0",21.4750,-61.1300,0.005400,"Intermediario"
"17.0_-171.0","17.0_-171.0",17.4700,-170.0100,0.001850,"Intermediario"
"-9.0_89.0","-9.0_89.0",-8.5737,89.5838,0.299467,"Intermediario"
"-4.0_-157.0","-4.0_-157.0",-3.8000,-156.5150,0.000000,"Intermediario"
"14.0_-144.0","14.0_-144.0",14.4100,-143.6300,0.000000,"Intermediario"
"-8.0_-121.0","-8.0_-121.0",-7.7300,-120.0600,0.000000,"Intermediario"
"42.0_6.0","42.0_6.0",42.6282,6.3084,1.172400,"Intermediario"
"28.0_-39.0","28.0_-39.0",28.5621,-38.6771,0.156000,"Intermediario"
"33.0_151.0","33.0_151.0",33.2582,151.1831,0.100000,"Intermediario"
"-9.0_-122.0","-9.0_-122.0",-8.2300,-122.0000,0.000000,"Intermediario"
"-3.0_-141.0","-3.0_-141.0",-2.6400,-140.2100,0.000000,"Intermediario"
"70.0_3.0","70.0_3.0",70.3694,3.7309,0.019200,"Intermediario"
"35.0_-133.0","35.0_-133.0",35.8771,-132.5730,0.082200,"Intermediario"
"21.0_-75.0","21.0_-75.0",21.5143,-74.3786,0.005251,"Intermediario"
"41.0_-150.0","41.0_-150.0",41.3100,-149.3300,0.000000,"Intermediario"
"48.0_-123.0","48.0_-123.0",48.2000,-122.9200,0.000000,"Intermediario"
"13.0_-62.0","13.0_-62.0",13.4246,-61.4266,0.002389,"Intermediario"
"27.0_127.0","27.0_127.0",27.3095,127.5158,1.298121,"Intermediario"
"32.0_-139.0","32.0_-139.0",32.1927,-138.6154,1.406400,"Intermediario"
"-24.0_-40.0","-24.0_-40.0",-23.4996,-39.2757,0.046200,"Intermediario"
"31.0_-74.0","31.0_-74.0",31.2500,-73.6460,0.040720,"Intermediario"
"14.0_-131.0","14.0_-131.0",14.3100,-130.6500,0.000000,"Intermediario"
"20.0_119.0","20.0_119.0",20.9969,119.4892,0.047800,"Intermediario"
"22.0_-158.0","22.0_-158.0",22.3920,-157.5060,0.009654,"Intermediario"
"-28.0_-111.0","-28.0_-111.0",-27.0220,-110.9803,0.028000,"Intermediario"
"13.0_-132.0","13.0_-132.0",13.4250,-131.5400,0.000000,"Intermediario"
"39.0_4.0","39.0_4.0",39.8033,4.6083,7.230000,"Intermediario"
"8.0_-158.0","8.0_-158.0",8.5700,-157.4475,0.000186,"Intermediario"
"45.0_-74.0","45.0_-74.0",45.5569,-73.5134,0.948800,"Intermediario"
"-28.0_109.0","-28.0_109.0",-27.9693,109.3647,0.396000,"Intermediario"
"23.0_-65.0","23.0_-65.0",23.3480,-64.8300,0.157460,"Intermediario"
"38.0_-64.0","38.0_-64.0",38.4700,-63.5600,0.026625,"Intermediario"
"37.0_-69.0","37.0_-69.0",37.6850,-68.5000,0.009700,"Intermediario"
"74.0_156.0","74.0_156.0",74.1378,156.1220,0.009000,"Intermediario"
"25.0_-72.0","25.0_-72.0",25.3467,-71.5333,0.012967,"Intermediario"
"59.0_-3.0","59.0_-3.0",59.0260,-2.9560,0.000000,"Intermediario"
"26.0_-166.0","26.0_-166.0",26.2400,-165.5600,0.005320,"Intermediario"
"-5.0_-107.0","-5.0_-107.0",-4.4400,-106.9600,0.000000,"Intermediario"
"76.0_13.0","76.0_13.0",76.5820,13.6629,0.134667,"Intermediario"
"39.0_-154.0","39.0_-154.0",39.7300,-153.3700,0.016800,"Intermediario"
"38.0_-160.0","38.0_-160.0",38.6700,-159.2400,0.070700,"Intermediario"
"53.0_-17.0","53.0_-17.0",53.3373,-16.5466,9.500000,"Intermediario"
"19.0_-111.0","19.0_-111.0",19.3767,-110.4833,0.000720,"Intermediario"
"16.0_-68.0","16.0_-68.0",16.2600,-67.5400,0.000000,"Intermediario"
"29.0_-160.0","29.0_-160.0",29.8500,-159.9400,0.034100,"Intermediario"
"20.0_-130.0","20.0_-130.0",20.5167,-129.4733,0.030267,"Intermediario"
"55.0_-11.0","55.0_-11.0",55.4752,-10.5407,5.833333,"Intermediario"
"29.0_128.0","29.0_128.0",29.8447,128.9985,0.555200,"Intermediario"
"-40.0_163.0","-40.0_163.0",-39.3149,163.5791,0.000875,"Intermediario"
"31.0_-158.0","31.0_-158.0",31.2750,-157.5700,0.039785,"Intermediario"
"4.0_-124.0","4.0_-124.0",4.6400,-123.1600,0.000000,"Intermediario"
"-14.0_-153.0","-14.0_-153.0",-13.6300,-152.6850,0.000000,"Intermediario"
"6.0_-87.0","6.0_-87.0",6.1300,-86.5100,0.002060,"Intermediario"
"35.0_24.0","35.0_24.0",35.6380,24.6720,1.500000,"Intermediario"
"3.0_-130.0","3.0_-130.0",3.5750,-129.6800,0.000000,"Intermediario"
"-15.0_-147.0","-15.0_-147.0",-14.5577,-146.5900,0.002889,"Intermediario"
"18.0_-58.0","18.0_-58.0",18.1400,-57.7150,0.001080,"Intermediario"
"27.0_-62.0","27.0_-62.0",27.7420,-61.5020,0.077400,"Intermediario"
"-16.0_123.0","-16.0_123.0",-15.2025,123.3336,0.001027,"Intermediario"
"9.0_-117.0","9.0_-117.0",9.7600,-116.5600,0.000888,"Intermediario"
"40.0_19.0","40.0_19.0",40.2737,19.2556,1.163333,"Intermediario"
"55.0_-165.0","55.0_-165.0",55.5070,-164.5415,0.045750,"Intermediario"
"42.0_-131.0","42.0_-131.0",42.1963,-130.1732,0.024800,"Intermediario"
"17.0_-105.0","17.0_-105.0",17.4500,-104.2300,0.000000,"Intermediario"
"-10.0_-143.0","-10.0_-143.0",-9.5450,-142.7000,0.002500,"Intermediario"
"18.0_-152.0","18.0_-152.0",18.1200,-151.3200,0.000000,"Intermediario"
"31.0_-61.0","31.0_-61.0",31.6675,-60.3750,0.081400,"Intermediario"
"11.0_-161.0","11.0_-161.0",11.3700,-160.2200,0.001040,"Intermediario"
"18.0_-134.0","18.0_-134.0",18.0300,-133.2600,0.000000,"Intermediario"
"57.0_-4.0","57.0_-4.0",57.7776,-3.5337,0.005114,"Intermediario"
"30.0_131.0","30.0_131.0",30.7025,131.5181,0.097300,"Intermediario"
"22.0_-57.0","22.0_-57.0",22.3000,-56.5200,0.010800,"Intermediario"
"29.0_-125.0","29.0_-125.0",29.7100,-124.5000,0.000292,"Intermediario"
"36.0_-123.0","36.0_-123.0",36.4900,-122.2864,0.006409,"Intermediario"
"30.0_-142.0","30.0_-142.0",30.1542,-141.4417,1.660250,"Intermediario"
"4.0_-155.0","4.0_-155.0",4.5500,-154.5600,0.000000,"Intermediario"
"-7.0_-144.0","-7.0_-144.0",-6.3950,-143.3750,0.000000,"Intermediario"
"46.0_-86.0","46.0_-86.0",46.8487,-85.2473,0.016240,"Intermediario"
"40.0_-69.0","40.0_-69.0",40.6350,-68.5681,0.004734,"Intermediario"
"50.0_-15.0","50.0_-15.0",50.4765,-14.7666,11.500000,"Intermediario"
"14.0_140.0","14.0_140.0",14.3156,140.5955,0.233386,"Intermediario"
"-34.0_-34.0","-34.0_-34.0",-33.4538,-33.1737,0.099800,"Intermediario"
"21.0_-107.0","21.0_-107.0",21.1300,-106.9200,0.003030,"Intermediario"
"17.0_-153.0","17.0_-153.0",17.5500,-152.5450,0.003720,"Intermediario"
"2.0_-122.0","2.0_-122.0",2.8900,-121.4300,0.000000,"Intermediario"
"28.0_-74.0","28.0_-74.0",28.3960,-73.3400,0.003940,"Intermediario"
"-53.0_137.0","-53.0_137.0",-52.3620,137.9405,0.009200,"Intermediario"
"41.0_-64.0","41.0_-64.0",41.7140,-63.6520,0.005132,"Intermediario"
"1.0_-141.0","1.0_-141.0",1.7800,-140.6900,0.000948,"Intermediario"
"33.0_-133.0","33.0_-133.0",33.5167,-132.5367,0.647033,"Intermediario"
"27.0_-116.0","27.0_-116.0",27.5150,-115.5150,0.000270,"Intermediario"
"-4.0_-131.0","-4.0_-131.0",-3.5400,-130.0800,0.000000,"Intermediario"
"49.0_-8.0","49.0_-8.0",49.2513,-7.6504,8.500000,"Intermediario"
"27.0_-57.0","27.0_-57.0",27.4900,-56.7200,0.130000,"Intermediario"
"14.0_-162.0","14.0_-162.0",14.5300,-161.5100,0.000000,"Intermediario"
"-35.0_13.0","-35.0_13.0",-34.9659,13.9320,0.000000,"Intermediario"
"-21.0_174.0","-21.0_174.0",-20.0037,174.9692,0.007580,"Intermediario"
"32.0_-130.0","32.0_-130.0",32.5062,-129.2380,0.136500,"Intermediario"
"28.0_-61.0","28.0_-61.0",28.4620,-60.2240,0.099500,"Intermediario"
"-10.0_-138.0","-10.0_-138.0",-9.1900,-137.4300,0.000000,"Intermediario"
"23.0_-157.0","23.0_-157.0",23.4750,-156.4500,0.007850,"Intermediario"
"33.0_129.0","33.0_129.0",33.4137,129.5512,34.496684,"Intermediario"
"33.0_-120.0","33.0_-120.0",33.5302,-119.4278,0.006340,"Intermediario"
"-26.0_-122.0","-26.0_-122.0",-25.8596,-121.3422,0.008180,"Intermediario"
"15.0_-65.0","15.0_-65.0",15.4811,-64.3600,0.001202,"Intermediario"
"-9.0_-153.0","-9.0_-153.0",-8.5600,-152.2950,0.002400,"Intermediario"
"49.0_-16.0","49.0_-16.0",49.6810,-15.5844,16.250000,"Intermediario"
"-36.0_155.0","-36.0_155.0",-35.6754,155.1225,0.001646,"Intermediario"
"-27.0_-42.0","-27.0_-42.0",-26.4261,-41.0363,0.003940,"Intermediario"
"57.0_-136.0","57.0_-136.0",57.5100,-135.1800,0.000000,"Intermediario"
"36.0_131.0","36.0_131.0",36.2479,131.6298,0.168000,"Intermediario"
"5.0_-158.0","5.0_-158.0",5.4200,-157.0700,0.000000,"Intermediario"
"16.0_-159.0","16.0_-159.0",16.5043,-158.4843,0.000617,"Intermediario"
"36.0_-61.0","36.0_-61.0",36.7125,-60.3325,0.013500,"Intermediario"
"-13.0_92.0","-13.0_92.0",-12.0164,92.0346,0.083200,"Intermediario"
"42.0_-81.0","42.0_-81.0",42.4133,-80.2912,0.648510,"Intermediario"
"38.0_-155.0","38.0_-155.0",38.1600,-154.2900,0.042900,"Intermediario"
"12.0_-80.0","12.0_-80.0",12.7700,-79.8300,0.000000,"Intermediario"
"13.0_-158.0","13.0_-158.0",13.6150,-157.7200,0.000000,"Intermediario"
"-1.0_-152.0","-1.0_-152.0",-0.9800,-151.7400,0.000000,"Intermediario"
"26.0_141.0","26.0_141.0",26.0993,141.0793,0.185000,"Intermediario"
"16.0_-73.0","16.0_-73.0",16.4800,-72.6167,0.006907,"Intermediario"
"7.0_-146.0","7.0_-146.0",7.4100,-145.0400,0.000830,"Intermediario"
"3.0_-161.0","3.0_-161.0",3.2825,-160.3600,0.000270,"Intermediario"
"17.0_-85.0","17.0_-85.0",17.4113,-84.2825,0.003698,"Intermediario"
"-32.0_-27.0","-32.0_-27.0",-31.4843,-26.3197,0.096800,"Intermediario"
"16.0_-86.0","16.0_-86.0",16.4579,-85.6692,0.002990,"Intermediario"
"18.0_-80.0","18.0_-80.0",18.4617,-79.3183,0.004445,"Intermediario"
"12.0_-155.0","12.0_-155.0",12.7300,-154.8800,0.000000,"Intermediario"
"77.0_12.0","77.0_12.0",77.9226,12.4858,0.000000,"Intermediario"
"32.0_-161.0","32.0_-161.0",32.5850,-160.5850,0.057400,"Intermediario"
"26.0_-36.0","26.0_-36.0",26.1100,-35.2600,0.344000,"Intermediario"
"-20.0_174.0","-20.0_174.0",-19.9843,174.9851,0.023133,"Intermediario"
"38.0_-142.0","38.0_-142.0",38.6913,-141.7720,0.072200,"Intermediario"
"0.0_-129.0","0.0_-129.0",0.1800,-128.0900,0.000000,"Intermediario"
"27.0_-129.0","27.0_-129.0",27.7000,-128.7900,0.005420,"Intermediario"
"20.0_-156.0","20.0_-156.0",20.5767,-155.5133,0.001060,"Intermediario"
"-42.0_148.0","-42.0_148.0",-41.8866,148.4764,0.005015,"Intermediario"
"7.0_-120.0","7.0_-120.0",7.1800,-119.1700,0.000000,"Intermediario"
"40.0_-131.0","40.0_-131.0",40.5100,-130.5600,0.000000,"Intermediario"
"-33.0_-79.0","-33.0_-79.0",-32.6500,-78.5600,0.012510,"Intermediario"
"-27.0_-108.0","-27.0_-108.0",-26.8000,-107.1300,0.000206,"Intermediario"
"-34.0_-78.0","-34.0_-78.0",-33.4250,-77.9450,0.033750,"Intermediario"
"76.0_88.0","76.0_88.0",76.1895,88.6255,0.000000,"Intermediario"
"31.0_131.0","31.0_131.0",31.4250,131.4837,6.759980,"Intermediario"
"48.0_-141.0","48.0_-141.0",48.3200,-140.1000,0.000000,"Intermediario"
"-64.0_107.0","-64.0_107.0",-63.4747,107.5246,0.099000,"Intermediario"
"30.0_-155.0","30.0_-155.0",30.1833,-154.5300,0.068033,"Intermediario"
"40.0_-144.0","40.0_-144.0",40.6500,-143.3300,0.003270,"Intermediario"
"-9.0_-140.0","-9.0_-140.0",-8.8067,-139.4900,0.000000,"Intermediario"
"22.0_127.0","22.0_127.0",22.1851,127.9298,0.397000,"Intermediario"
"30.0_157.0","30.0_157.0",30.7313,157.7742,0.029000,"Intermediario"
"30.0_-61.0","30.0_-61.0",30.5313,-60.6240,0.078836,"Intermediario"
"23.0_-113.0","23.0_-113.0",23.6400,-112.3660,0.000528,"Intermediario"
"-23.0_102.0","-23.0_102.0",-22.4730,102.5353,0.041800,"Intermediario"
"21.0_-57.0","21.0_-57.0",21.6800,-56.7000,0.004320,"Intermediario"
"25.0_-176.0","25.0_-176.0",25.9600,-175.6900,0.011200,"Intermediario"
"-30.0_-19.0","-30.0_-19.0",-29.1203,-18.5112,0.128000,"Intermediario"
"34.0_-170.0","34.0_-170.0",34.3688,-169.1825,0.058000,"Intermediario"
"17.0_-72.0","17.0_-72.0",17.1700,-71.6425,0.004325,"Intermediario"
"-19.0_176.0","-19.0_176.0",-18.5741,176.4948,0.049650,"Intermediario"
"-27.0_107.0","-27.0_107.0",-26.3628,107.6017,0.013900,"Intermediario"
"44.0_140.0","44.0_140.0",44.5554,140.3124,13.571000,"Intermediario"
"13.0_-114.0","13.0_-114.0",13.2533,-113.4967,0.057340,"Intermediario"
"48.0_-17.0","48.0_-17.0",48.6928,-16.1646,10.928333,"Intermediario"
"16.0_-115.0","16.0_-115.0",16.6500,-114.7900,0.011880,"Intermediario"
"-66.0_158.0","-66.0_158.0",-65.9730,158.9910,0.009300,"Intermediario"
"41.0_18.0","41.0_18.0",41.3459,18.5784,0.726667,"Intermediario"
"26.0_-148.0","26.0_-148.0",26.6001,-147.4020,0.765500,"Intermediario"
"18.0_132.0","18.0_132.0",18.5320,132.6815,0.125000,"Intermediario"
"39.0_-136.0","39.0_-136.0",39.5300,-135.3050,0.279000,"Intermediario"
"10.0_-136.0","10.0_-136.0",10.0600,-135.8500,0.000000,"Intermediario"
"-65.0_-63.0","-65.0_-63.0",-64.8250,-62.8350,0.002240,"Intermediario"
"39.0_-66.0","39.0_-66.0",39.3929,-65.6214,0.008671,"Intermediario"
"24.0_-82.0","24.0_-82.0",24.2410,-81.6910,0.008868,"Intermediario"
"-6.0_-145.0","-6.0_-145.0",-5.4400,-144.6000,0.001225,"Intermediario"
"37.0_143.0","37.0_143.0",37.2564,143.1638,0.171640,"Intermediario"
"-19.0_94.0","-19.0_94.0",-18.5007,94.7851,0.019100,"Intermediario"
"-22.0_102.0","-22.0_102.0",-21.9105,102.4007,0.239000,"Intermediario"
"30.0_-62.0","30.0_-62.0",30.4823,-61.3538,0.144000,"Intermediario"
"40.0_138.0","40.0_138.0",40.5722,138.5131,5.131000,"Intermediario"
"-36.0_12.0","-36.0_12.0",-35.0166,12.4497,0.011800,"Intermediario"
"32.0_-156.0","32.0_-156.0",32.5600,-155.4250,0.098600,"Intermediario"
"21.0_-58.0","21.0_-58.0",21.5614,-57.7286,0.008304,"Intermediario"
"28.0_-43.0","28.0_-43.0",28.4327,-42.7136,0.086300,"Intermediario"
"24.0_-59.0","24.0_-59.0",24.4423,-58.2977,0.013911,"Intermediario"
"32.0_129.0","32.0_129.0",32.6709,129.5086,1.524783,"Intermediario"
"33.0_-63.0","33.0_-63.0",33.4071,-62.6071,0.048243,"Intermediario"
"11.0_-131.0","11.0_-131.0",11.3750,-130.2950,0.004375,"Intermediario"
"-29.0_179.0","-29.0_179.0",-28.4100,179.1400,0.000000,"Intermediario"
"20.0_155.0","20.0_155.0",20.5115,155.1814,0.027200,"Intermediario"
"23.0_-82.0","23.0_-82.0",23.8732,-81.6755,0.011688,"Intermediario"
"-34.0_152.0","-34.0_152.0",-33.5205,152.3551,0.034693,"Intermediario"
"-5.0_-142.0","-5.0_-142.0",-4.4220,-141.5260,0.000343,"Intermediario"
"36.0_-141.0","36.0_-141.0",36.0504,-140.4844,0.824000,"Intermediario"
"7.0_-87.0","7.0_-87.0",7.3400,-87.0000,0.001020,"Intermediario"
"43.0_-66.0","43.0_-66.0",43.2310,-65.3170,0.025850,"Intermediario"
"73.0_-84.0","73.0_-84.0",73.1479,-83.0332,0.000000,"Intermediario"
"76.0_93.0","76.0_93.0",76.5154,93.3611,0.000000,"Intermediario"
"50.0_-5.0","50.0_-5.0",50.1483,-4.1013,0.091000,"Intermediario"
"45.0_13.0","45.0_13.0",45.5678,13.6149,6.292941,"Intermediario"
"29.0_133.0","29.0_133.0",29.7662,133.2656,1.365667,"Intermediario"
"19.0_-106.0","19.0_-106.0",19.9600,-105.8700,0.000000,"Intermediario"
"58.0_-3.0","58.0_-3.0",58.6196,-2.7336,0.012875,"Intermediario"
"26.0_-71.0","26.0_-71.0",26.6267,-70.2900,0.165267,"Intermediario"
"17.0_-67.0","17.0_-67.0",17.4320,-66.5970,0.002060,"Intermediario"
"12.0_-156.0","12.0_-156.0",12.3700,-155.9100,0.000000,"Intermediario"
"-30.0_86.0","-30.0_86.0",-29.7500,86.2500,0.231000,"Intermediario"
"43.0_-79.0","43.0_-79.0",43.4834,-78.6443,1.756433,"Intermediario"
"71.0_38.0","71.0_38.0",71.0491,38.6913,0.421000,"Intermediario"
"44.0_-83.0","44.0_-83.0",44.5384,-82.5491,0.023145,"Intermediario"
"16.0_-132.0","16.0_-132.0",16.7200,-131.4000,0.008480,"Intermediario"
"-54.0_149.0","-54.0_149.0",-53.6266,149.3100,0.003000,"Intermediario"
"-12.0_-144.0","-12.0_-144.0",-11.4640,-143.6380,0.000540,"Intermediario"
"25.0_-114.0","25.0_-114.0",25.5467,-113.6067,0.000281,"Intermediario"
"-51.0_134.0","-51.0_134.0",-50.8540,134.5925,0.000000,"Intermediario"
"38.0_-125.0","38.0_-125.0",38.3767,-124.5067,0.000000,"Intermediario"
"6.0_-156.0","6.0_-156.0",6.6600,-155.7200,0.000000,"Intermediario"
"40.0_-157.0","40.0_-157.0",40.3353,-156.3935,0.062500,"Intermediario"
"31.0_-175.0","31.0_-175.0",31.1333,-174.3002,0.072000,"Intermediario"
"11.0_-68.0","11.0_-68.0",11.5333,-67.3458,0.001083,"Intermediario"
"19.0_131.0","19.0_131.0",19.8272,131.8722,6.970000,"Intermediario"
"18.0_-75.0","18.0_-75.0",18.5814,-74.6829,0.012733,"Intermediario"
"31.0_130.0","31.0_130.0",31.4266,130.5233,0.783100,"Intermediario"
"20.0_-72.0","20.0_-72.0",20.4180,-71.4520,0.014533,"Intermediario"
"-61.0_128.0","-61.0_128.0",-60.1798,128.7495,0.105700,"Intermediario"
"-22.0_115.0","-22.0_115.0",-21.1972,115.4915,0.001110,"Intermediario"
"48.0_-9.0","48.0_-9.0",48.4166,-8.4688,4.666667,"Intermediario"
"-13.0_-146.0","-13.0_-146.0",-12.3620,-145.7200,0.000568,"Intermediario"
"46.0_-55.0","46.0_-55.0",46.6600,-54.5400,0.007000,"Intermediario"
"46.0_-3.0","46.0_-3.0",46.4249,-2.5860,1.339500,"Intermediario"
"10.0_-119.0","10.0_-119.0",10.1900,-118.1150,0.000000,"Intermediario"
"7.0_-159.0","7.0_-159.0",7.4000,-158.4500,0.000000,"Intermediario"
"22.0_-109.0","22.0_-109.0",22.4625,-108.5725,0.000000,"Intermediario"
"22.0_-74.0","22.0_-74.0",22.7120,-73.6470,0.016300,"Intermediario"
"31.0_-162.0","31.0_-162.0",31.4300,-161.5200,0.023400,"Intermediario"
"14.0_-65.0","14.0_-65.0",14.4750,-64.4050,0.000000,"Intermediario"
"23.0_134.0","23.0_134.0",23.2736,134.5952,0.054200,"Intermediario"
"-29.0_-17.0","-29.0_-17.0",-28.3865,-16.3898,0.130000,"Intermediario"
"8.0_-162.0","8.0_-162.0",8.4175,-161.3475,0.000315,"Intermediario"
"15.0_-64.0","15.0_-64.0",15.5689,-63.3667,0.002640,"Intermediario"
"42.0_-127.0","42.0_-127.0",42.1200,-126.9200,0.000000,"Intermediario"
"32.0_-77.0","32.0_-77.0",32.4400,-76.2300,0.010800,"Intermediario"
"1.0_-124.0","1.0_-124.0",1.7100,-123.6200,0.000000,"Intermediario"
"35.0_-129.0","35.0_-129.0",35.6239,-128.6742,0.038000,"Intermediario"
"41.0_-146.0","41.0_-146.0",41.4433,-145.4083,0.018907,"Intermediario"
"30.0_-75.0","30.0_-75.0",30.3413,-74.3213,0.061363,"Intermediario"
"23.0_-130.0","23.0_-130.0",23.4200,-129.2700,0.014900,"Intermediario"
"57.0_-135.0","57.0_-135.0",57.1400,-134.0500,0.000000,"Intermediario"
"-12.0_143.0","-12.0_143.0",-11.9875,143.2887,0.013200,"Intermediario"
"5.0_-157.0","5.0_-157.0",5.5467,-156.5100,0.000000,"Intermediario"
"-35.0_-42.0","-35.0_-42.0",-34.8687,-41.3467,0.526000,"Intermediario"
"42.0_-80.0","42.0_-80.0",42.5277,-79.8300,0.518237,"Intermediario"
"-25.0_-124.0","-25.0_-124.0",-24.9669,-123.9391,0.026200,"Intermediario"
"51.0_-131.0","51.0_-131.0",51.2767,-130.6033,0.047723,"Intermediario"
"46.0_-148.0","46.0_-148.0",46.5900,-147.0900,0.000000,"Intermediario"
"41.0_-81.0","41.0_-81.0",41.9527,-80.8735,0.288500,"Intermediario"
"18.0_-62.0","18.0_-62.0",18.1300,-61.1500,0.002160,"Intermediario"
"35.0_-66.0","35.0_-66.0",35.4872,-65.6504,0.071452,"Intermediario"
"55.0_-7.0","55.0_-7.0",55.7717,-6.7073,2.223957,"Intermediario"
"-70.0_-116.0","-70.0_-116.0",-69.9921,-115.4874,0.000000,"Intermediario"
"-14.0_-149.0","-14.0_-149.0",-13.4050,-148.1600,0.000540,"Intermediario"
"29.0_-64.0","29.0_-64.0",29.5531,-63.3433,0.027532,"Intermediario"
"19.0_-172.0","19.0_-172.0",19.4900,-171.5350,0.000555,"Intermediario"
"30.0_-141.0","30.0_-141.0",30.4091,-140.6752,1.713000,"Intermediario"
"43.0_-152.0","43.0_-152.0",43.0700,-151.7200,0.000000,"Intermediario"
"-30.0_-99.0","-30.0_-99.0",-29.5605,-98.8063,0.043000,"Intermediario"
"30.0_127.0","30.0_127.0",30.7241,127.5568,2.094833,"Intermediario"
"44.0_-70.0","44.0_-70.0",44.2000,-69.0100,0.000000,"Intermediario"
"25.0_-158.0","25.0_-158.0",25.7900,-157.7050,0.026300,"Intermediario"
"22.0_-61.0","22.0_-61.0",22.6650,-60.3100,0.112290,"Intermediario"
"12.0_-63.0","12.0_-63.0",12.3775,-62.3600,0.002500,"Intermediario"
"-36.0_25.0","-36.0_25.0",-35.1300,25.5400,0.065600,"Intermediario"
"29.0_-156.0","29.0_-156.0",29.9900,-155.7000,0.017400,"Intermediario"
"40.0_11.0","40.0_11.0",40.7504,11.3938,0.325000,"Intermediario"
"28.0_-56.0","28.0_-56.0",28.2500,-55.0200,0.135000,"Intermediario"
"15.0_-151.0","15.0_-151.0",15.8200,-150.7000,0.000000,"Intermediario"
"-68.0_-70.0","-68.0_-70.0",-67.6674,-69.3205,0.025000,"Intermediario"
"41.0_-15.0","41.0_-15.0",41.5700,-14.7300,0.041600,"Intermediario"
"21.0_-111.0","21.0_-111.0",21.3950,-110.3100,0.000000,"Intermediario"
"-25.0_-34.0","-25.0_-34.0",-24.4602,-33.7087,0.118300,"Intermediario"
"-20.0_100.0","-20.0_100.0",-19.6114,100.2827,0.062100,"Intermediario"
"40.0_-126.0","40.0_-126.0",40.4000,-125.6300,0.001080,"Intermediario"
"45.0_-60.0","45.0_-60.0",45.0900,-59.8000,0.005050,"Intermediario"
"9.0_-121.0","9.0_-121.0",9.9350,-120.4300,0.001160,"Intermediario"
"61.0_-7.0","61.0_-7.0",61.0056,-6.1152,1.170000,"Intermediario"
"76.0_14.0","76.0_14.0",76.0950,14.8876,0.000000,"Intermediario"
"53.0_-16.0","53.0_-16.0",53.5148,-15.3578,11.750000,"Intermediario"
"44.0_-65.0","44.0_-65.0",44.1837,-64.2050,0.006775,"Intermediario"
"5.0_-162.0","5.0_-162.0",5.6043,-161.7214,0.001650,"Intermediario"
"54.0_-11.0","54.0_-11.0",54.6504,-10.5631,4.676471,"Intermediario"
"31.0_-69.0","31.0_-69.0",31.5890,-68.5210,0.064770,"Intermediario"
"3.0_-125.0","3.0_-125.0",3.4600,-124.5075,0.000000,"Intermediario"
"40.0_-73.0","40.0_-73.0",40.0000,-72.6900,0.000000,"Intermediario"
"32.0_-64.0","32.0_-64.0",32.4333,-63.7033,0.076842,"Intermediario"
"73.0_149.0","73.0_149.0",73.1446,149.2105,0.000000,"Intermediario"
"-13.0_129.0","-13.0_129.0",-12.8190,129.4005,0.000000,"Intermediario"
"28.0_-118.0","28.0_-118.0",28.4817,-117.7050,0.000000,"Intermediario"
"36.0_22.0","36.0_22.0",36.2390,22.3300,1.521000,"Intermediario"
"6.0_-88.0","6.0_-88.0",6.3200,-87.7700,0.000000,"Intermediario"
"-35.0_-37.0","-35.0_-37.0",-34.6837,-36.4507,0.137000,"Intermediario"
"31.0_-157.0","31.0_-157.0",31.6996,-156.6227,0.069100,"Intermediario"
"-29.0_66.0","-29.0_66.0",-28.1400,66.4900,0.380000,"Intermediario"
"6.0_-138.0","6.0_-138.0",6.1000,-137.6200,0.000000,"Intermediario"
"38.0_-28.0","38.0_-28.0",38.7500,-27.4200,0.091700,"Intermediario"
"24.0_-159.0","24.0_-159.0",24.4114,-158.4786,0.008824,"Intermediario"
"24.0_-20.0","24.0_-20.0",24.5642,-19.7887,0.005700,"Intermediario"
"29.0_-77.0","29.0_-77.0",29.5460,-76.4080,0.066900,"Intermediario"
"-55.0_95.0","-55.0_95.0",-54.8432,95.7649,0.000000,"Intermediario"
"41.0_151.0","41.0_151.0",41.6260,151.1750,0.226270,"Intermediario"
"31.0_-144.0","31.0_-144.0",31.7909,-143.9588,0.195200,"Intermediario"
"24.0_-77.0","24.0_-77.0",24.5267,-76.1280,0.008247,"Intermediario"
"-17.0_-149.0","-17.0_-149.0",-16.2525,-148.5500,0.000000,"Intermediario"
"-27.0_-112.0","-27.0_-112.0",-26.8718,-111.9128,0.020800,"Intermediario"
"15.0_-116.0","15.0_-116.0",15.6300,-115.3000,0.001080,"Intermediario"
"-18.0_95.0","-18.0_95.0",-17.4415,95.1633,0.040100,"Intermediario"
"19.0_-61.0","19.0_-61.0",19.3125,-60.5650,0.013325,"Intermediario"
"27.0_131.0","27.0_131.0",27.7416,131.5784,0.068300,"Intermediario"
"-13.0_88.0","-13.0_88.0",-12.5812,88.9129,0.065800,"Intermediario"
"33.0_-128.0","33.0_-128.0",33.4700,-127.7700,0.178000,"Intermediario"
"17.0_141.0","17.0_141.0",17.4289,141.1276,0.196015,"Intermediario"
"-29.0_153.0","-29.0_153.0",-28.3399,153.9227,0.061700,"Intermediario"
"32.0_-138.0","32.0_-138.0",32.1939,-137.7294,1.765333,"Intermediario"
"28.0_-69.0","28.0_-69.0",28.4000,-68.3200,0.024685,"Intermediario"
"14.0_-113.0","14.0_-113.0",14.4350,-112.5450,0.000510,"Intermediario"
"39.0_-71.0","39.0_-71.0",39.6167,-70.4557,0.007857,"Intermediario"
"25.0_-85.0","25.0_-85.0",25.1950,-84.3775,0.003575,"Intermediario"
"-2.0_-142.0","-2.0_-142.0",-1.6200,-141.9000,0.000000,"Intermediario"
"39.0_-141.0","39.0_-141.0",39.1500,-140.2600,0.195000,"Intermediario"
"74.0_47.0","74.0_47.0",74.3890,47.1365,1.600000,"Intermediario"
"-34.0_-82.0","-34.0_-82.0",-33.1342,-81.2382,0.002180,"Intermediario"
"-42.0_152.0","-42.0_152.0",-41.1381,152.2691,0.002018,"Intermediario"
"36.0_-69.0","36.0_-69.0",36.4000,-68.5750,0.017300,"Intermediario"
"31.0_-56.0","31.0_-56.0",31.4700,-55.6800,0.037450,"Intermediario"
"-54.0_118.0","-54.0_118.0",-53.2547,118.2175,0.000000,"Intermediario"
"43.0_-2.0","43.0_-2.0",43.7013,-1.7602,0.151250,"Intermediario"
"34.0_-122.0","34.0_-122.0",34.5767,-121.3093,0.027417,"Intermediario"
"-10.0_-173.0","-10.0_-173.0",-9.4500,-172.3500,0.006120,"Intermediario"
"27.0_-39.0","27.0_-39.0",27.1974,-38.1324,0.326000,"Intermediario"
"56.0_-6.0","56.0_-6.0",56.0178,-5.7418,0.154000,"Intermediario"
"21.0_-155.0","21.0_-155.0",21.6979,-154.6366,0.046000,"Intermediario"
"23.0_-161.0","23.0_-161.0",23.5985,-160.3846,0.013514,"Intermediario"
"13.0_-150.0","13.0_-150.0",13.4633,-149.1833,0.001693,"Intermediario"
"40.0_7.0","40.0_7.0",40.6300,7.1170,0.667000,"Intermediario"
"10.0_-141.0","10.0_-141.0",10.3200,-140.2500,0.000000,"Intermediario"
"6.0_-125.0","6.0_-125.0",6.6500,-124.4150,0.000000,"Intermediario"
"6.0_94.0","6.0_94.0",6.7768,94.4928,0.017100,"Intermediario"
"-28.0_-14.0","-28.0_-14.0",-27.2220,-13.2660,0.047600,"Intermediario"
"-35.0_3.0","-35.0_3.0",-34.2653,3.5147,0.031950,"Intermediario"
"-30.0_-6.0","-30.0_-6.0",-29.7700,-5.3100,0.928000,"Intermediario"
"73.0_66.0","73.0_66.0",73.3142,66.8495,0.000000,"Intermediario"
"-32.0_3.0","-32.0_3.0",-31.3100,3.7500,0.020100,"Intermediario"
"40.0_-139.0","40.0_-139.0",40.8200,-138.2000,0.000000,"Intermediario"
"16.0_-163.0","16.0_-163.0",16.2100,-162.6100,0.001590,"Intermediario"
"40.0_143.0","40.0_143.0",40.3946,143.0710,3.271348,"Intermediario"
"28.0_-38.0","28.0_-38.0",28.3091,-37.4031,0.024000,"Intermediario"
"33.0_133.0","33.0_133.0",33.1483,133.7676,1.842506,"Intermediario"
"23.0_-108.0","23.0_-108.0",23.5617,-107.7500,0.002720,"Intermediario"
"35.0_140.0","35.0_140.0",35.3057,140.5269,0.384000,"Intermediario"
"28.0_130.0","28.0_130.0",28.6180,130.9593,1.147000,"Intermediario"
"22.0_-127.0","22.0_-127.0",22.6900,-126.6000,0.001190,"Intermediario"
"59.0_-11.0","59.0_-11.0",59.8084,-10.7495,6.625000,"Intermediario"
"38.0_-138.0","38.0_-138.0",38.5741,-137.4732,1.540000,"Intermediario"
"9.0_-147.0","9.0_-147.0",9.4933,-146.6233,0.000338,"Intermediario"
"-11.0_-145.0","-11.0_-145.0",-10.4350,-144.7400,0.000000,"Intermediario"
"-30.0_99.0","-30.0_99.0",-29.9300,99.9900,0.032700,"Intermediario"
"-8.0_95.0","-8.0_95.0",-7.9769,95.1541,0.173600,"Intermediario"
"-25.0_104.0","-25.0_104.0",-24.8701,104.9520,0.088000,"Intermediario"
"14.0_-157.0","14.0_-157.0",14.6033,-156.4300,0.000000,"Intermediario"
"15.0_-82.0","15.0_-82.0",15.9700,-81.7700,0.025900,"Intermediario"
"37.0_138.0","37.0_138.0",37.8798,138.3776,2.725000,"Intermediario"
"41.0_7.0","41.0_7.0",41.3340,7.4469,0.057800,"Intermediario"
"-6.0_-158.0","-6.0_-158.0",-5.4200,-157.3600,0.000000,"Intermediario"
"-25.0_-9.0","-25.0_-9.0",-24.9143,-8.2032,0.117000,"Intermediario"
"19.0_-74.0","19.0_-74.0",19.5833,-73.8022,0.008116,"Intermediario"
"-9.0_-136.0","-9.0_-136.0",-8.3600,-135.9600,0.000000,"Intermediario"
"13.0_-163.0","13.0_-163.0",13.5500,-162.0800,0.000000,"Intermediario"
"30.0_-57.0","30.0_-57.0",30.2300,-56.6780,0.124720,"Intermediario"
"47.0_-58.0","47.0_-58.0",47.0800,-57.7800,0.017400,"Intermediario"
"32.0_-125.0","32.0_-125.0",32.4790,-124.3785,0.095000,"Intermediario"
"20.0_-108.0","20.0_-108.0",20.5450,-107.4250,0.004985,"Intermediario"
"-12.0_-139.0","-12.0_-139.0",-11.1800,-138.4400,0.003240,"Intermediario"
"26.0_-57.0","26.0_-57.0",26.3467,-56.5850,0.040540,"Intermediario"
"14.0_132.0","14.0_132.0",14.1698,132.4148,0.438720,"Intermediario"
"22.0_-168.0","22.0_-168.0",22.2100,-167.0800,0.119000,"Intermediario"
"5.0_-128.0","5.0_-128.0",5.4900,-127.3300,0.003240,"Intermediario"
"50.0_-133.0","50.0_-133.0",50.3900,-132.2500,0.000000,"Intermediario"
"35.0_-61.0","35.0_-61.0",35.1300,-60.9800,0.015100,"Intermediario"
"19.0_-156.0","19.0_-156.0",19.3327,-155.6366,0.026998,"Intermediario"
"44.0_-69.0","44.0_-69.0",44.1760,-68.3420,0.010940,"Intermediario"
"25.0_130.0","25.0_130.0",25.8207,130.8707,3.880000,"Intermediario"
"55.0_-10.0","55.0_-10.0",55.4416,-9.5286,4.487500,"Intermediario"
"34.0_-131.0","34.0_-131.0",34.9838,-130.9448,0.059000,"Intermediario"
"-15.0_-146.0","-15.0_-146.0",-14.9100,-145.9300,0.000818,"Intermediario"
"2.0_139.0","2.0_139.0",2.2895,139.4599,0.047269,"Intermediario"
"-21.0_-6.0","-21.0_-6.0",-20.8803,-5.9975,0.007380,"Intermediario"
"-36.0_150.0","-36.0_150.0",-35.3952,150.8446,0.029880,"Intermediario"
"-1.0_-129.0","-1.0_-129.0",-0.1800,-128.4700,0.000000,"Intermediario"
"34.0_138.0","34.0_138.0",34.4726,138.6593,1.291800,"Intermediario"
"-31.0_103.0","-31.0_103.0",-30.3300,103.3000,0.071900,"Intermediario"
"17.0_132.0","17.0_132.0",17.0454,132.0522,0.043600,"Intermediario"
"10.0_-135.0","10.0_-135.0",10.5100,-134.5250,0.000578,"Intermediario"
"30.0_-58.0","30.0_-58.0",30.0000,-57.3500,0.047100,"Intermediario"
"1.0_-160.0","1.0_-160.0",1.7450,-159.4650,0.000000,"Intermediario"
"37.0_-160.0","37.0_-160.0",37.5150,-159.6300,0.012660,"Intermediario"
"20.0_-109.0","20.0_-109.0",20.6967,-108.5567,0.002400,"Intermediario"
"37.0_18.0","37.0_18.0",37.7953,18.5134,1.030000,"Intermediario"
"-56.0_134.0","-56.0_134.0",-55.4396,134.5226,0.011600,"Intermediario"
"33.0_-152.0","33.0_-152.0",33.6350,-151.7600,0.077300,"Intermediario"
"36.0_15.0","36.0_15.0",36.0415,15.2268,0.182000,"Intermediario"
"42.0_7.0","42.0_7.0",42.7070,7.5460,0.275250,"Intermediario"
"-3.0_-144.0","-3.0_-144.0",-2.1750,-143.7950,0.000000,"Intermediario"
"31.0_-64.0","31.0_-64.0",31.5489,-63.5344,0.045232,"Intermediario"
"14.0_-143.0","14.0_-143.0",14.6500,-142.1100,0.000000,"Intermediario"
"52.0_-10.0","52.0_-10.0",52.8860,-9.7085,24.250000,"Intermediario"
"41.0_-151.0","41.0_-151.0",41.0000,-150.6600,0.000000,"Intermediario"
"32.0_-160.0","32.0_-160.0",32.3517,-159.6298,0.374667,"Intermediario"
"1.0_-90.0","1.0_-90.0",1.4550,-89.1950,0.000000,"Intermediario"
"0.0_-128.0","0.0_-128.0",0.2700,-127.6800,0.000000,"Intermediario"
"74.0_81.0","74.0_81.0",74.1717,81.1872,0.000000,"Intermediario"
"3.0_-166.0","3.0_-166.0",3.7500,-165.7700,0.022600,"Intermediario"
"32.0_-61.0","32.0_-61.0",32.4700,-60.5167,0.013317,"Intermediario"
"23.0_-57.0","23.0_-57.0",23.3400,-56.6560,0.007948,"Intermediario"
"26.0_-44.0","26.0_-44.0",26.5553,-43.4565,0.076600,"Intermediario"
"33.0_-58.0","33.0_-58.0",33.8800,-57.3600,0.006480,"Intermediario"
"41.0_-69.0","41.0_-69.0",41.3470,-68.6770,0.004544,"Intermediario"
"51.0_-13.0","51.0_-13.0",51.6538,-12.3805,8.125000,"Intermediario"
"30.0_163.0","30.0_163.0",30.4448,163.3177,0.015700,"Intermediario"
"22.0_-155.0","22.0_-155.0",22.6979,-154.6366,0.008000,"Intermediario"
"-17.0_145.0","-17.0_145.0",-16.5582,145.7480,0.010585,"Intermediario"
"42.0_-62.0","42.0_-62.0",42.4350,-61.7310,0.015834,"Intermediario"
"30.0_-158.0","30.0_-158.0",30.5133,-157.3133,0.069533,"Intermediario"
"45.0_-4.0","45.0_-4.0",45.5283,-3.3256,0.051500,"Intermediario"
"23.0_127.0","23.0_127.0",23.5755,127.9059,0.852100,"Intermediario"
"27.0_-159.0","27.0_-159.0",27.4775,-158.4425,0.092775,"Intermediario"
"31.0_-124.0","31.0_-124.0",31.4277,-123.4162,0.102900,"Intermediario"
"24.0_-76.0","24.0_-76.0",24.5908,-75.5904,0.037644,"Intermediario"
"39.0_-153.0","39.0_-153.0",39.7200,-152.8500,0.060400,"Intermediario"
"54.0_-167.0","54.0_-167.0",54.6650,-166.5106,0.023200,"Intermediario"
"-26.0_-31.0","-26.0_-31.0",-25.4300,-30.0700,0.028200,"Intermediario"
"34.0_-68.0","34.0_-68.0",34.5300,-67.2950,0.073450,"Intermediario"
"76.0_12.0","76.0_12.0",76.4770,12.4124,0.187050,"Intermediario"
"-5.0_-106.0","-5.0_-106.0",-4.0200,-105.6300,0.000000,"Intermediario"
"33.0_28.0","33.0_28.0",33.4883,28.0428,2.125000,"Intermediario"
"28.0_-60.0","28.0_-60.0",28.4300,-59.5578,0.061133,"Intermediario"
"-8.0_-157.0","-8.0_-157.0",-7.3333,-156.4800,0.000000,"Intermediario"
"10.0_-122.0","10.0_-122.0",10.7900,-121.8100,0.000000,"Intermediario"
"33.0_-165.0","33.0_-165.0",33.2827,-164.9998,0.035600,"Intermediario"
"36.0_28.0","36.0_28.0",36.0860,28.2200,0.360000,"Intermediario"
"-24.0_102.0","-24.0_102.0",-23.5270,102.5353,0.041800,"Intermediario"
"19.0_-56.0","19.0_-56.0",19.0000,-55.1500,0.001760,"Intermediario"
"35.0_131.0","35.0_131.0",35.4218,131.5315,0.672758,"Intermediario"
"4.0_-123.0","4.0_-123.0",4.4800,-122.5000,0.000000,"Intermediario"
"-62.0_-55.0","-62.0_-55.0",-61.2500,-54.6296,0.003000,"Intermediario"
"-4.0_-149.0","-4.0_-149.0",-3.2400,-148.4400,0.000000,"Intermediario"
"31.0_-51.0","31.0_-51.0",31.6200,-50.4800,0.489000,"Intermediario"
"-35.0_-39.0","-35.0_-39.0",-34.6662,-38.8243,0.183000,"Intermediario"
"42.0_-88.0","42.0_-88.0",42.4583,-87.4617,0.082678,"Intermediario"
"-11.0_-138.0","-11.0_-138.0",-10.5033,-137.4500,0.000000,"Intermediario"
"26.0_127.0","26.0_127.0",26.0867,127.7007,0.032400,"Intermediario"
"2.0_-143.0","2.0_-143.0",2.5433,-142.8333,0.000000,"Intermediario"
"26.0_-145.0","26.0_-145.0",26.8536,-144.9669,0.443500,"Intermediario"
"43.0_-126.0","43.0_-126.0",43.6150,-125.5250,0.000000,"Intermediario"
"0.0_-159.0","0.0_-159.0",0.4200,-158.2433,0.000000,"Intermediario"
"0.0_-27.0","0.0_-27.0",0.1800,-26.0200,0.000000,"Intermediario"
"17.0_-80.0","17.0_-80.0",17.3595,-79.4240,0.009317,"Intermediario"
"28.0_-125.0","28.0_-125.0",28.2700,-124.0300,0.000000,"Intermediario"
"20.0_-66.0","20.0_-66.0",20.5525,-65.3000,0.025150,"Intermediario"
"36.0_141.0","36.0_141.0",36.5612,141.3935,0.357825,"Intermediario"
"30.0_-80.0","30.0_-80.0",30.5850,-79.5450,0.006500,"Intermediario"
"21.0_-76.0","21.0_-76.0",21.9700,-75.9300,0.002200,"Intermediario"
"35.0_25.0","35.0_25.0",35.4405,25.2260,1.348333,"Intermediario"
"-1.0_-94.0","-1.0_-94.0",-0.9550,-93.3900,0.000000,"Intermediario"
"14.0_-130.0","14.0_-130.0",14.8500,-129.8850,0.001565,"Intermediario"
"79.0_74.0","79.0_74.0",79.0821,74.2626,0.000000,"Intermediario"
"22.0_-111.0","22.0_-111.0",22.7933,-110.3483,0.003662,"Intermediario"
"39.0_20.0","39.0_20.0",39.5274,20.1014,1.400250,"Intermediario"
"73.0_69.0","73.0_69.0",73.6711,69.8025,0.000000,"Intermediario"
"15.0_-59.0","15.0_-59.0",15.3000,-58.5675,0.007415,"Intermediario"
"60.0_-5.0","60.0_-5.0",60.5643,-4.5798,16.300000,"Intermediario"
"49.0_-127.0","49.0_-127.0",49.5400,-126.6300,0.000000,"Intermediario"
"12.0_-150.0","12.0_-150.0",12.3300,-149.8000,0.000000,"Intermediario"
"8.0_-157.0","8.0_-157.0",8.4520,-156.7240,0.000000,"Intermediario"
"-2.0_-91.0","-2.0_-91.0",-1.1400,-90.6350,0.000000,"Intermediario"
"27.0_-115.0","27.0_-115.0",27.1300,-114.7800,0.000000,"Intermediario"
"-28.0_108.0","-28.0_108.0",-27.3325,108.2842,0.004500,"Intermediario"
"25.0_-60.0","25.0_-60.0",25.3592,-59.6292,0.055446,"Intermediario"
"-42.0_26.0","-42.0_26.0",-41.0004,26.8374,0.000000,"Intermediario"
"38.0_-65.0","38.0_-65.0",38.3100,-64.6633,0.053467,"Intermediario"
"24.0_-63.0","24.0_-63.0",24.4936,-62.7826,0.013613,"Intermediario"
"37.0_-68.0","37.0_-68.0",37.5867,-67.6833,0.016500,"Intermediario"
"42.0_132.0","42.0_132.0",42.8776,132.7322,0.057700,"Intermediario"
"40.0_-141.0","40.0_-141.0",40.3673,-140.9322,0.126000,"Intermediario"
"-33.0_-89.0","-33.0_-89.0",-32.3817,-88.1103,0.013500,"Intermediario"
"-27.0_-32.0","-27.0_-32.0",-26.1955,-31.5322,0.017150,"Intermediario"
"-22.0_170.0","-22.0_170.0",-21.7595,170.6397,0.012098,"Intermediario"
"26.0_-158.0","26.0_-158.0",26.5100,-157.9700,0.022800,"Intermediario"
"39.0_-148.0","39.0_-148.0",39.7600,-147.7200,0.002530,"Intermediario"
"2.0_-156.0","2.0_-156.0",2.8200,-155.9500,0.000000,"Intermediario"
"23.0_-156.0","23.0_-156.0",23.8500,-155.1700,0.036100,"Intermediario"
"33.0_128.0","33.0_128.0",33.3274,128.9543,0.244750,"Intermediario"
"23.0_-75.0","23.0_-75.0",23.5100,-74.6765,0.017204,"Intermediario"
"33.0_-121.0","33.0_-121.0",33.5787,-120.3392,0.009587,"Intermediario"
"16.0_-61.0","16.0_-61.0",16.5118,-60.3809,0.005173,"Intermediario"
"40.0_25.0","40.0_25.0",40.2210,25.2180,1.432000,"Intermediario"
"-33.0_-5.0","-33.0_-5.0",-32.6180,-4.8462,0.110000,"Intermediario"
"76.0_127.0","76.0_127.0",76.5357,127.4835,0.000000,"Intermediario"
"17.0_-75.0","17.0_-75.0",17.5673,-74.4693,0.003542,"Intermediario"
"27.0_-67.0","27.0_-67.0",27.5300,-66.7800,0.251900,"Intermediario"
"31.0_-119.0","31.0_-119.0",31.8900,-118.7000,0.034700,"Intermediario"
"25.0_-69.0","25.0_-69.0",25.3689,-68.3728,0.031822,"Intermediario"
"5.0_-159.0","5.0_-159.0",5.6800,-158.0200,0.000822,"Intermediario"
"49.0_-15.0","49.0_-15.0",49.6021,-14.6645,15.250000,"Intermediario"
"-13.0_91.0","-13.0_91.0",-12.5715,91.4443,0.327100,"Intermediario"
"30.0_-176.0","30.0_-176.0",30.1500,-175.0600,0.033400,"Intermediario"
"64.0_-53.0","64.0_-53.0",64.6879,-52.0336,0.038600,"Intermediario"
"-14.0_-150.0","-14.0_-150.0",-13.8100,-149.8500,0.000000,"Intermediario"
"15.0_-77.0","15.0_-77.0",15.7050,-76.3300,0.002713,"Intermediario"
"24.0_-81.0","24.0_-81.0",24.4376,-80.4604,0.006222,"Intermediario"
"11.0_-162.0","11.0_-162.0",11.3400,-161.2700,0.000972,"Intermediario"
"19.0_-69.0","19.0_-69.0",19.2717,-68.6433,0.005333,"Intermediario"
"57.0_-3.0","57.0_-3.0",57.5925,-2.4041,0.008129,"Intermediario"
"70.0_-53.0","70.0_-53.0",70.9456,-52.4782,0.000000,"Intermediario"
"8.0_-91.0","8.0_-91.0",8.1400,-90.3700,0.027600,"Intermediario"
"-18.0_120.0","-18.0_120.0",-17.6544,120.1442,0.159200,"Intermediario"
"-31.0_61.0","-31.0_61.0",-30.0600,61.4200,0.078500,"Intermediario"
"12.0_-163.0","12.0_-163.0",12.6600,-162.4250,0.001080,"Intermediario"
"46.0_-85.0","46.0_-85.0",46.5860,-84.7222,0.041340,"Intermediario"
"-4.0_-141.0","-4.0_-141.0",-3.6700,-140.3400,0.000000,"Intermediario"
"-36.0_132.0","-36.0_132.0",-35.4784,132.1674,0.001423,"Intermediario"
"-20.0_96.0","-20.0_96.0",-19.4879,96.5486,0.024600,"Intermediario"
"-34.0_-33.0","-34.0_-33.0",-33.2383,-32.0515,0.125000,"Intermediario"
"13.0_-70.0","13.0_-70.0",13.4750,-69.6150,0.001438,"Intermediario"
"-38.0_153.0","-38.0_153.0",-37.3877,153.5295,0.019875,"Intermediario"
"-28.0_-110.0","-28.0_-110.0",-27.1000,-109.6000,0.134000,"Intermediario"
"29.0_-70.0","29.0_-70.0",29.4075,-69.5225,0.070200,"Intermediario"
"22.0_-21.0","22.0_-21.0",22.3912,-20.6640,0.005300,"Intermediario"
"28.0_-73.0","28.0_-73.0",28.4225,-72.2675,0.062650,"Intermediario"
"31.0_134.0","31.0_134.0",31.2500,134.4200,0.000000,"Intermediario"
"15.0_-153.0","15.0_-153.0",15.3600,-152.9000,0.000000,"Intermediario"
"14.0_-161.0","14.0_-161.0",14.3200,-160.7300,0.000000,"Intermediario"
"58.0_-6.0","58.0_-6.0",58.2835,-5.6300,0.823582,"Intermediario"
"-9.0_-141.0","-9.0_-141.0",-8.5241,-140.4947,0.000151,"Intermediario"
"17.0_-62.0","17.0_-62.0",17.4500,-61.4050,0.007025,"Intermediario"
"-9.0_90.0","-9.0_90.0",-8.8469,90.7480,0.366650,"Intermediario"
"16.0_-149.0","16.0_-149.0",16.9400,-148.4300,0.002320,"Intermediario"
"41.0_139.0","41.0_139.0",41.2384,139.6058,4.737133,"Intermediario"
"23.0_-112.0","23.0_-112.0",23.3400,-111.5600,0.001230,"Intermediario"
"39.0_-32.0","39.0_-32.0",39.4700,-31.3000,0.075600,"Intermediario"
"-32.0_153.0","-32.0_153.0",-31.0339,153.3670,0.008643,"Intermediario"
"15.0_-122.0","15.0_-122.0",15.3100,-122.0000,0.028000,"Intermediario"
"24.0_133.0","24.0_133.0",24.9428,133.6285,2.320000,"Intermediario"
"42.0_145.0","42.0_145.0",42.7084,145.0532,9.700000,"Intermediario"
"8.0_-139.0","8.0_-139.0",8.6100,-139.0000,0.000000,"Intermediario"
"54.0_-136.0","54.0_-136.0",54.0500,-135.2900,0.000000,"Intermediario"
"-65.0_-64.0","-65.0_-64.0",-64.9397,-63.6927,0.054000,"Intermediario"
"23.0_-169.0","23.0_-169.0",23.0200,-168.8600,0.022700,"Intermediario"
"43.0_-7.0","43.0_-7.0",43.7194,-6.3435,0.217500,"Intermediario"
"-34.0_-20.0","-34.0_-20.0",-33.4867,-19.0997,0.094000,"Intermediario"
"48.0_-8.0","48.0_-8.0",48.2524,-7.5548,5.000000,"Intermediario"
"16.0_-74.0","16.0_-74.0",16.6044,-73.6133,0.001329,"Intermediario"
"-40.0_-77.0","-40.0_-77.0",-39.6298,-76.9828,0.001500,"Intermediario"
"12.0_133.0","12.0_133.0",12.3947,133.0777,0.241100,"Intermediario"
"37.0_142.0","37.0_142.0",37.5674,142.3421,0.252500,"Intermediario"
"16.0_-87.0","16.0_-87.0",16.3780,-86.2210,0.002244,"Intermediario"
"-10.0_86.0","-10.0_86.0",-9.7332,86.9031,0.342000,"Intermediario"
"25.0_-38.0","25.0_-38.0",25.5796,-37.2534,0.014900,"Intermediario"
"-25.0_94.0","-25.0_94.0",-24.0191,94.8233,0.028400,"Intermediario"
"-27.0_-118.0","-27.0_-118.0",-26.1643,-117.5795,0.007260,"Intermediario"
"39.0_-135.0","39.0_-135.0",39.4400,-134.0900,0.088500,"Intermediario"
"-35.0_-74.0","-35.0_-74.0",-34.1697,-73.0895,0.000814,"Intermediario"
"36.0_-124.0","36.0_-124.0",36.6400,-123.1800,0.006050,"Intermediario"
"30.0_-145.0","30.0_-145.0",30.0225,-144.3925,0.113575,"Intermediario"
"7.0_-156.0","7.0_-156.0",7.8300,-155.7000,0.001080,"Intermediario"
"10.0_-148.0","10.0_-148.0",10.5800,-147.6100,0.000000,"Intermediario"
"20.0_-157.0","20.0_-157.0",20.5667,-156.7267,0.008333,"Intermediario"
"-7.0_-8.0","-7.0_-8.0",-6.0789,-7.5232,0.006000,"Intermediario"
"23.0_-62.0","23.0_-62.0",23.0000,-61.2500,0.010800,"Intermediario"
"10.0_-65.0","10.0_-65.0",10.5378,-64.6233,0.002938,"Intermediario"
"-58.0_128.0","-58.0_128.0",-57.6021,128.0747,0.001770,"Intermediario"
"17.0_-150.0","17.0_-150.0",17.2600,-149.4100,0.002130,"Intermediario"
"22.0_-65.0","22.0_-65.0",22.3575,-64.8025,0.180800,"Intermediario"
"28.0_138.0","28.0_138.0",28.2396,138.1748,0.017967,"Intermediario"
"33.0_-134.0","33.0_-134.0",33.7401,-133.6512,0.098333,"Intermediario"
"-27.0_-117.0","-27.0_-117.0",-26.2380,-116.6753,0.011800,"Intermediario"
"59.0_-8.0","59.0_-8.0",59.3509,-7.2273,6.142857,"Intermediario"
"31.0_-141.0","31.0_-141.0",31.3150,-140.3350,0.186000,"Intermediario"
"9.0_-140.0","9.0_-140.0",9.3900,-139.6000,0.004240,"Intermediario"
"19.0_-107.0","19.0_-107.0",19.5100,-106.3575,0.003780,"Intermediario"
"6.0_-146.0","6.0_-146.0",6.5100,-145.4100,0.000000,"Intermediario"
"35.0_-69.0","35.0_-69.0",35.5633,-68.5100,0.026533,"Intermediario"
"20.0_-158.0","20.0_-158.0",20.6382,-157.5364,0.008960,"Intermediario"
"-12.0_-143.0","-12.0_-143.0",-11.3650,-142.6950,0.000000,"Intermediario"
"17.0_-158.0","17.0_-158.0",17.4100,-157.4850,0.001715,"Intermediario"
"36.0_136.0","36.0_136.0",36.6548,136.2662,0.425033,"Intermediario"
"19.0_130.0","19.0_130.0",19.9520,130.8170,0.900750,"Intermediario"
"11.0_-67.0","11.0_-67.0",11.3843,-66.5829,0.006504,"Intermediario"
"49.0_-131.0","49.0_-131.0",49.4000,-130.7300,0.001080,"Intermediario"
"42.0_18.0","42.0_18.0",42.1734,18.6833,2.045000,"Intermediario"
"32.0_-168.0","32.0_-168.0",32.2592,-167.9920,0.268000,"Intermediario"
"20.0_-71.0","20.0_-71.0",20.2617,-70.3574,0.003350,"Intermediario"
"2.0_-126.0","2.0_-126.0",2.6300,-125.6600,0.000000,"Intermediario"
"22.0_-64.0","22.0_-64.0",22.1500,-63.1474,0.043600,"Intermediario"
"50.0_-11.0","50.0_-11.0",50.4314,-10.4777,2.560444,"Intermediario"
"47.0_-5.0","47.0_-5.0",47.4227,-4.5049,2.015750,"Intermediario"
"41.0_-60.0","41.0_-60.0",41.1700,-59.2300,0.002200,"Intermediario"
"18.0_-115.0","18.0_-115.0",18.6600,-114.5100,0.000000,"Intermediario"
"34.0_-180.0","34.0_-180.0",34.1753,-179.9637,0.226000,"Intermediario"
"19.0_-160.0","19.0_-160.0",19.1367,-159.5033,0.013217,"Intermediario"
"46.0_-2.0","46.0_-2.0",46.2751,-1.4627,0.050000,"Intermediario"
"32.0_-69.0","32.0_-69.0",32.0360,-68.3160,0.043384,"Intermediario"
"12.0_-133.0","12.0_-133.0",12.5800,-132.4000,0.016400,"Intermediario"
"-22.0_103.0","-22.0_103.0",-21.0828,103.4794,0.677000,"Intermediario"
"30.0_-63.0","30.0_-63.0",30.4300,-62.5200,0.132450,"Intermediario"
"43.0_-10.0","43.0_-10.0",43.0438,-9.5756,0.162000,"Intermediario"
"25.0_-148.0","25.0_-148.0",25.2133,-147.6700,0.887333,"Intermediario"
"-58.0_133.0","-58.0_133.0",-57.2420,133.0833,0.025800,"Intermediario"
"44.0_-60.0","44.0_-60.0",44.2800,-59.3317,0.109517,"Intermediario"
"21.0_-59.0","21.0_-59.0",21.5667,-58.7022,0.017689,"Intermediario"
"53.0_-11.0","53.0_-11.0",53.4937,-10.4543,6.052632,"Intermediario"
"-35.0_6.0","-35.0_6.0",-34.3584,6.2549,0.158000,"Intermediario"
"24.0_-58.0","24.0_-58.0",24.5233,-57.6050,0.007933,"Intermediario"
"-29.0_-18.0","-29.0_-18.0",-28.8320,-17.4430,0.288000,"Intermediario"
"33.0_-62.0","33.0_-62.0",33.4367,-61.5083,0.056883,"Intermediario"
"33.0_-147.0","33.0_-147.0",33.0700,-146.7900,0.091300,"Intermediario"
"18.0_-128.0","18.0_-128.0",18.5050,-127.8700,0.000000,"Intermediario"
"30.0_-162.0","30.0_-162.0",30.8700,-161.2700,0.006690,"Intermediario"
"41.0_-147.0","41.0_-147.0",41.0700,-146.6400,0.038900,"Intermediario"
"50.0_-129.0","50.0_-129.0",50.3525,-128.3450,0.000965,"Intermediario"
"70.0_166.0","70.0_166.0",70.7142,166.2902,0.000000,"Intermediario"
"38.0_-148.0","38.0_-148.0",38.1600,-147.5200,0.226000,"Intermediario"
"43.0_-67.0","43.0_-67.0",43.5586,-66.5671,0.003343,"Intermediario"
"26.0_-127.0","26.0_-127.0",26.5900,-126.6000,0.018800,"Intermediario"
"32.0_139.0","32.0_139.0",32.4098,139.8947,0.041600,"Intermediario"
"41.0_143.0","41.0_143.0",41.6310,143.5764,3.369356,"Intermediario"
"18.0_-159.0","18.0_-159.0",18.5100,-158.4210,0.017360,"Intermediario"
"38.0_12.0","38.0_12.0",38.0939,12.4034,0.434000,"Intermediario"
"19.0_-60.0","19.0_-60.0",19.5571,-59.6214,0.011263,"Intermediario"
"55.0_-6.0","55.0_-6.0",55.4748,-5.3911,0.042814,"Intermediario"
"38.0_-135.0","38.0_-135.0",38.3300,-134.8300,0.046300,"Intermediario"
"-11.0_-142.0","-11.0_-142.0",-10.2867,-141.6867,0.000203,"Intermediario"
"12.0_-159.0","12.0_-159.0",12.2867,-158.2933,0.000450,"Intermediario"
"-35.0_-43.0","-35.0_-43.0",-34.8428,-42.5657,0.024200,"Intermediario"
"-15.0_-151.0","-15.0_-151.0",-14.3000,-150.2500,0.000000,"Intermediario"
"5.0_-145.0","5.0_-145.0",5.3880,-144.5880,0.000210,"Intermediario"
"-2.0_-169.0","-2.0_-169.0",-1.3700,-168.3500,0.000000,"Intermediario"
"28.0_-68.0","28.0_-68.0",28.5800,-67.7167,0.075933,"Intermediario"
"75.0_126.0","75.0_126.0",75.3773,126.3468,0.000000,"Intermediario"
"-30.0_-98.0","-30.0_-98.0",-29.8994,-97.9295,0.107000,"Intermediario"
"17.0_-132.0","17.0_-132.0",17.5400,-131.0800,0.017500,"Intermediario"
"35.0_139.0","35.0_139.0",35.2629,139.4949,2.185739,"Intermediario"
"44.0_143.0","44.0_143.0",44.8827,143.3261,19.335000,"Intermediario"
"27.0_141.0","27.0_141.0",27.1606,141.6323,0.231000,"Intermediario"
"12.0_-64.0","12.0_-64.0",12.4900,-63.2600,0.006911,"Intermediario"
"36.0_-155.0","36.0_-155.0",36.1300,-154.9700,0.224000,"Intermediario"
"15.0_-152.0","15.0_-152.0",15.5700,-151.5300,0.000000,"Intermediario"
"39.0_-63.0","39.0_-63.0",39.0300,-62.9800,0.002200,"Intermediario"
"40.0_-63.0","40.0_-63.0",40.3450,-62.3750,0.003260,"Intermediario"
"15.0_159.0","15.0_159.0",15.5056,159.5530,0.003130,"Intermediario"
"28.0_-161.0","28.0_-161.0",28.4892,-160.2029,0.334450,"Intermediario"
"46.0_-125.0","46.0_-125.0",46.3075,-124.4000,0.013157,"Intermediario"
"11.0_-163.0","11.0_-163.0",11.4133,-162.5233,0.005267,"Intermediario"
"-36.0_127.0","-36.0_127.0",-35.0724,127.2462,0.000000,"Intermediario"
"24.0_-152.0","24.0_-152.0",24.6293,-151.6611,0.036000,"Intermediario"
"42.0_131.0","42.0_131.0",42.6427,131.2204,0.447333,"Intermediario"
"-7.0_106.0","-7.0_106.0",-6.0631,106.7784,1.072125,"Intermediario"
"18.0_-85.0","18.0_-85.0",18.8000,-84.9000,0.008080,"Intermediario"
"9.0_-166.0","9.0_-166.0",9.5400,-165.2600,0.000000,"Intermediario"
"29.0_-122.0","29.0_-122.0",29.4433,-121.4133,0.000000,"Intermediario"
"61.0_1.0","61.0_1.0",61.0508,1.4635,0.000000,"Intermediario"
"32.0_-155.0","32.0_-155.0",32.1500,-154.8300,0.153000,"Intermediario"
"-5.0_-110.0","-5.0_-110.0",-4.9050,-109.5300,0.000000,"Intermediario"
"15.0_-63.0","15.0_-63.0",15.5800,-62.4097,0.006717,"Intermediario"
"8.0_-161.0","8.0_-161.0",8.8150,-160.8050,0.000600,"Intermediario"
"77.0_107.0","77.0_107.0",77.8535,107.3552,0.000000,"Intermediario"
"16.0_-60.0","16.0_-60.0",16.6190,-59.4230,0.003118,"Intermediario"
"-16.0_-34.0","-16.0_-34.0",-15.8300,-33.4000,0.000000,"Intermediario"
"36.0_-142.0","36.0_-142.0",36.6123,-141.1970,3.990000,"Intermediario"
"40.0_-136.0","40.0_-136.0",40.8200,-135.7300,0.007970,"Intermediario"
"30.0_-76.0","30.0_-76.0",30.3263,-75.5650,0.165800,"Intermediario"
"19.0_156.0","19.0_156.0",19.4321,156.1433,0.008020,"Intermediario"
"57.0_-134.0","57.0_-134.0",57.4600,-133.7700,0.000000,"Intermediario"
"-30.0_72.0","-30.0_72.0",-29.5600,72.4300,0.115000,"Intermediario"
"36.0_-40.0","36.0_-40.0",36.4300,-39.0200,0.036600,"Intermediario"
"50.0_-8.0","50.0_-8.0",50.9474,-7.7587,3.000000,"Intermediario"
"30.0_-175.0","30.0_-175.0",30.2300,-174.0400,0.006260,"Intermediario"
"-32.0_-21.0","-32.0_-21.0",-31.8705,-20.7480,0.005300,"Intermediario"
"12.0_-115.0","12.0_-115.0",12.3700,-114.4300,0.003740,"Intermediario"
"-14.0_-146.0","-14.0_-146.0",-13.6720,-145.3320,0.000952,"Intermediario"
"58.0_-15.0","58.0_-15.0",58.1169,-14.4248,0.023625,"Intermediario"
"25.0_-73.0","25.0_-73.0",25.7291,-72.5036,0.060036,"Intermediario"
"15.0_-117.0","15.0_-117.0",15.5200,-116.5700,0.000000,"Intermediario"
"9.0_-93.0","9.0_-93.0",9.4300,-92.9700,0.000000,"Intermediario"
"27.0_-71.0","27.0_-71.0",27.5988,-70.7200,0.098562,"Intermediario"
"40.0_-149.0","40.0_-149.0",40.6146,-148.2108,0.068033,"Intermediario"
"10.0_-166.0","10.0_-166.0",10.6100,-165.9500,0.000982,"Intermediario"
"44.0_-42.0","44.0_-42.0",44.8000,-41.5800,0.007360,"Intermediario"
"-13.0_87.0","-13.0_87.0",-12.9195,87.4013,2.990000,"Intermediario"
"16.0_-69.0","16.0_-69.0",16.1400,-68.5950,0.000000,"Intermediario"
"32.0_-137.0","32.0_-137.0",32.3180,-136.5016,2.596667,"Intermediario"
"11.0_-158.0","11.0_-158.0",11.2575,-157.6575,0.000000,"Intermediario"
"-13.0_-154.0","-13.0_-154.0",-12.4800,-153.7300,0.000000,"Intermediario"
"29.0_-65.0","29.0_-65.0",29.5600,-64.6567,0.116383,"Intermediario"
"34.0_-158.0","34.0_-158.0",34.5145,-157.8488,0.270000,"Intermediario"
"20.0_136.0","20.0_136.0",20.2567,136.0245,0.096487,"Intermediario"
"30.0_128.0","30.0_128.0",30.6048,128.4101,1.072333,"Intermediario"
"-4.0_-105.0","-4.0_-105.0",-3.5400,-104.4600,0.000000,"Intermediario"
"-2.0_-143.0","-2.0_-143.0",-1.3025,-142.3775,0.000000,"Intermediario"
"22.0_134.0","22.0_134.0",22.9917,134.4728,0.066200,"Intermediario"
"19.0_-73.0","19.0_-73.0",19.9800,-73.0000,0.010800,"Intermediario"
"39.0_-140.0","39.0_-140.0",39.2500,-139.3100,0.009270,"Intermediario"
"13.0_-160.0","13.0_-160.0",13.4350,-159.3250,0.003360,"Intermediario"
"74.0_129.0","74.0_129.0",74.3721,129.1221,0.006750,"Intermediario"
"35.0_-6.0","35.0_-6.0",35.9500,-5.5523,0.565000,"Intermediario"
"-34.0_0.0","-34.0_0.0",-33.4173,0.0825,0.344000,"Intermediario"
"-33.0_-80.0","-33.0_-80.0",-32.8900,-79.4700,0.000516,"Intermediario"
"20.0_123.0","20.0_123.0",20.9922,123.9717,0.008950,"Intermediario"
"21.0_-158.0","21.0_-158.0",21.3945,-157.5982,0.005917,"Intermediario"
"9.0_-122.0","9.0_-122.0",9.4100,-121.1300,0.001670,"Intermediario"
"56.0_-9.0","56.0_-9.0",56.5713,-8.5185,4.102941,"Intermediario"
"43.0_6.0","43.0_6.0",43.1488,6.4658,0.250740,"Intermediario"
"6.0_95.0","6.0_95.0",6.9277,95.3367,0.004880,"Intermediario"
"24.0_-147.0","24.0_-147.0",24.4804,-146.5750,0.018015,"Intermediario"
"35.0_130.0","35.0_130.0",35.1738,130.6708,0.549000,"Intermediario"
"1.0_-125.0","1.0_-125.0",1.2200,-124.5300,0.000000,"Intermediario"
"-35.0_-38.0","-35.0_-38.0",-34.7650,-37.5982,0.037800,"Intermediario"
"38.0_7.0","38.0_7.0",38.1780,7.5380,1.280000,"Intermediario"
"2.0_-161.0","2.0_-161.0",2.7800,-160.3100,0.000000,"Intermediario"
"-25.0_-125.0","-25.0_-125.0",-24.6527,-124.7923,0.050200,"Intermediario"
"24.0_128.0","24.0_128.0",24.8517,128.4417,3.090000,"Intermediario"
"39.0_146.0","39.0_146.0",39.0908,146.1556,4.594000,"Intermediario"
"40.0_146.0","40.0_146.0",40.1671,146.3902,0.131913,"Intermediario"
"29.0_-78.0","29.0_-78.0",29.6691,-77.4918,0.047087,"Intermediario"
"-7.0_-116.0","-7.0_-116.0",-6.9750,-115.4600,0.000540,"Intermediario"
"33.0_132.0","33.0_132.0",33.5390,132.2437,57.614000,"Intermediario"
"34.0_-145.0","34.0_-145.0",34.2913,-144.3522,0.670000,"Intermediario"
"59.0_-12.0","59.0_-12.0",59.7205,-11.0074,5.000000,"Intermediario"
"76.0_132.0","76.0_132.0",76.9044,132.3361,0.000000,"Intermediario"
"26.0_-74.0","26.0_-74.0",26.3706,-73.4375,0.076863,"Intermediario"
"-2.0_-130.0","-2.0_-130.0",-1.1100,-129.5600,0.001440,"Intermediario"
"20.0_-84.0","20.0_-84.0",20.9500,-83.4800,0.007550,"Intermediario"
"44.0_-86.0","44.0_-86.0",44.9075,-85.6044,0.061920,"Intermediario"
"17.0_-114.0","17.0_-114.0",17.1900,-113.6400,0.003865,"Intermediario"
"14.0_-112.0","14.0_-112.0",14.4150,-111.7000,0.002160,"Intermediario"
"38.0_136.0","38.0_136.0",38.0124,136.2575,0.569000,"Intermediario"
"-24.0_-7.0","-24.0_-7.0",-23.8528,-6.3298,0.036000,"Intermediario"
"37.0_137.0","37.0_137.0",37.4990,137.6514,2.357100,"Intermediario"
"-30.0_-10.0","-30.0_-10.0",-29.1000,-9.1400,0.081400,"Intermediario"
"21.0_133.0","21.0_133.0",21.5190,133.8991,0.057200,"Intermediario"
"44.0_8.0","44.0_8.0",44.2351,8.6187,0.800200,"Intermediario"
"9.0_-135.0","9.0_-135.0",9.2950,-134.7000,0.000580,"Intermediario"
"6.0_-159.0","6.0_-159.0",6.3900,-158.1600,0.007320,"Intermediario"
"32.0_-124.0","32.0_-124.0",32.4638,-123.6403,0.086252,"Intermediario"
"36.0_-66.0","36.0_-66.0",36.5487,-65.3640,0.125120,"Intermediario"
"40.0_120.0","40.0_120.0",40.1295,120.6661,0.470000,"Intermediario"
"-16.0_92.0","-16.0_92.0",-15.4076,92.5553,0.044827,"Intermediario"
"39.0_120.0","39.0_120.0",39.4819,120.3193,0.230000,"Intermediario"
"-3.0_-100.0","-3.0_-100.0",-2.2000,-99.8200,0.000000,"Intermediario"
"-6.0_-146.0","-6.0_-146.0",-5.1500,-145.5000,0.000000,"Intermediario"
"39.0_9.0","39.0_9.0",39.1125,9.5741,0.630833,"Intermediario"
"13.0_-65.0","13.0_-65.0",13.4450,-64.6250,0.001423,"Intermediario"
"5.0_-163.0","5.0_-163.0",5.7117,-162.0833,0.001647,"Intermediario"
"14.0_-62.0","14.0_-62.0",14.4380,-61.5136,0.005828,"Intermediario"
"31.0_129.0","31.0_129.0",31.5303,129.4648,0.570276,"Intermediario"
"37.0_-156.0","37.0_-156.0",37.1500,-155.1700,0.016200,"Intermediario"
"27.0_-145.0","27.0_-145.0",27.3793,-144.9872,0.274250,"Intermediario"
"26.0_-61.0","26.0_-61.0",26.4471,-60.5129,0.137743,"Intermediario"
"-5.0_-141.0","-5.0_-141.0",-4.4900,-140.2567,0.000000,"Intermediario"
"77.0_95.0","77.0_95.0",77.1509,95.6137,0.000000,"Intermediario"
"19.0_-142.0","19.0_-142.0",19.8900,-141.5900,0.016700,"Intermediario"
"42.0_-135.0","42.0_-135.0",42.0300,-134.1900,0.002150,"Intermediario"
"4.0_-16.0","4.0_-16.0",4.4781,-15.9218,0.005300,"Intermediario"
"32.0_-74.0","32.0_-74.0",32.5900,-73.2600,0.036700,"Intermediario"
"49.0_-2.0","49.0_-2.0",49.7671,-1.3880,0.110200,"Intermediario"
"42.0_8.0","42.0_8.0",42.6058,8.6672,0.202171,"Intermediario"
"-3.0_-143.0","-3.0_-143.0",-2.3733,-142.1400,0.000322,"Intermediario"
"-32.0_-29.0","-32.0_-29.0",-31.9400,-28.6897,0.179000,"Intermediario"
"41.0_-57.0","41.0_-57.0",41.6000,-56.8300,0.002000,"Intermediario"
"-21.0_3.0","-21.0_3.0",-20.2379,3.0499,0.003900,"Intermediario"
"-18.0_98.0","-18.0_98.0",-17.1122,98.3047,0.561000,"Intermediario"
"29.0_-118.0","29.0_-118.0",29.1000,-117.1800,0.000000,"Intermediario"
"-9.0_-124.0","-9.0_-124.0",-8.5300,-123.1200,0.002120,"Intermediario"
"20.0_-21.0","20.0_-21.0",20.7870,-20.7550,0.000000,"Intermediario"
"13.0_-64.0","13.0_-64.0",13.4867,-63.4167,0.001817,"Intermediario"
"38.0_-140.0","38.0_-140.0",38.0400,-139.3300,0.039500,"Intermediario"
"10.0_-147.0","10.0_-147.0",10.8200,-146.4300,0.002570,"Intermediario"
"-11.0_142.0","-11.0_142.0",-10.7651,142.3144,0.005258,"Intermediario"
"31.0_-76.0","31.0_-76.0",31.7233,-75.3167,0.003593,"Intermediario"
"33.0_-140.0","33.0_-140.0",33.6775,-139.7681,7.875000,"Intermediario"
"22.0_-156.0","22.0_-156.0",22.7200,-155.6400,0.048300,"Intermediario"
"26.0_-177.0","26.0_-177.0",26.5600,-176.4100,0.014980,"Intermediario"
"31.0_-138.0","31.0_-138.0",31.9040,-137.2726,0.479000,"Intermediario"
"37.0_-67.0","37.0_-67.0",37.4455,-66.6245,0.092545,"Intermediario"
"49.0_-128.0","49.0_-128.0",49.4975,-127.5150,0.000000,"Intermediario"
"32.0_132.0","32.0_132.0",32.5700,132.7048,4.885317,"Intermediario"
"15.0_-58.0","15.0_-58.0",15.0200,-57.6700,0.000000,"Intermediario"
"30.0_-157.0","30.0_-157.0",30.5900,-156.3100,0.054300,"Intermediario"
"8.0_-156.0","8.0_-156.0",8.3650,-155.4100,0.003682,"Intermediario"
"14.0_-168.0","14.0_-168.0",14.5800,-167.4450,0.000000,"Intermediario"
"42.0_10.0","42.0_10.0",42.8212,10.2724,0.508000,"Intermediario"
"23.0_128.0","23.0_128.0",23.4200,128.7200,0.028800,"Intermediario"
"-55.0_-55.0","-55.0_-55.0",-54.8566,-54.8167,0.000000,"Intermediario"
"40.0_-27.0","40.0_-27.0",40.0700,-26.2500,0.000000,"Intermediario"
"27.0_-158.0","27.0_-158.0",27.3767,-157.7067,0.178500,"Intermediario"
"44.0_-2.0","44.0_-2.0",44.4530,-1.6221,0.126857,"Intermediario"
"32.0_-119.0","32.0_-119.0",32.4636,-118.5892,0.015645,"Intermediario"
"76.0_11.0","76.0_11.0",76.3904,11.9397,0.000000,"Intermediario"
"31.0_-125.0","31.0_-125.0",31.9142,-124.1637,0.215467,"Intermediario"
"13.0_-130.0","13.0_-130.0",13.4450,-129.9550,0.000870,"Intermediario"
"26.0_-56.0","26.0_-56.0",26.2033,-55.8933,0.084800,"Intermediario"
"35.0_-60.0","35.0_-60.0",35.6075,-59.3450,0.043750,"Intermediario"
"44.0_-68.0","44.0_-68.0",44.2375,-67.4450,0.001140,"Intermediario"
"16.0_-170.0","16.0_-170.0",16.3900,-169.0500,0.000000,"Intermediario"
"-50.0_133.0","-50.0_133.0",-49.1238,133.5555,0.000000,"Intermediario"
"-23.0_104.0","-23.0_104.0",-22.1868,104.6521,0.137000,"Intermediario"
"16.0_-117.0","16.0_-117.0",16.8300,-116.1200,0.000000,"Intermediario"
"-15.0_-145.0","-15.0_-145.0",-14.1100,-144.4050,0.002700,"Intermediario"
"2.0_-142.0","2.0_-142.0",2.6700,-141.0100,0.000000,"Intermediario"
"10.0_-134.0","10.0_-134.0",10.7167,-133.3100,0.000997,"Intermediario"
"30.0_-59.0","30.0_-59.0",30.4752,-58.8172,0.060252,"Intermediario"
"-10.0_-145.0","-10.0_-145.0",-10.0000,-144.7900,0.000000,"Intermediario"
"20.0_-163.0","20.0_-163.0",20.2400,-162.7900,0.009570,"Intermediario"
"59.0_-1.0","59.0_-1.0",59.3192,-0.6108,0.005500,"Intermediario"
"18.0_-69.0","18.0_-69.0",18.4400,-68.3671,0.014194,"Intermediario"
"14.0_-142.0","14.0_-142.0",14.2100,-141.3500,0.009360,"Intermediario"
"31.0_-63.0","31.0_-63.0",31.6367,-62.4274,0.037150,"Intermediario"
"47.0_-135.0","47.0_-135.0",47.8500,-134.6800,0.000000,"Intermediario"
"36.0_142.0","36.0_142.0",36.3067,142.2825,2.040122,"Intermediario"
"27.0_-73.0","27.0_-73.0",27.4892,-72.5258,0.336317,"Intermediario"
"52.0_-11.0","52.0_-11.0",52.6578,-10.4596,5.333333,"Intermediario"
"22.0_-59.0","22.0_-59.0",22.4013,-58.4907,0.030852,"Intermediario"
"20.0_-65.0","20.0_-65.0",20.3399,-64.5559,0.030464,"Intermediario"
"12.0_-162.0","12.0_-162.0",12.1100,-161.1500,0.000000,"Intermediario"
"-70.0_-166.0","-70.0_-166.0",-69.7363,-165.0274,0.000000,"Intermediario"
"45.0_-85.0","45.0_-85.0",45.8341,-84.8079,0.139635,"Intermediario"
"-31.0_-96.0","-31.0_-96.0",-30.9504,-95.3477,0.009880,"Intermediario"
"-32.0_-95.0","-32.0_-95.0",-31.1743,-94.3172,0.004600,"Intermediario"
"-2.0_-92.0","-2.0_-92.0",-1.1300,-91.9600,0.000000,"Intermediario"
"-35.0_-80.0","-35.0_-80.0",-34.2900,-79.4300,0.078200,"Intermediario"
"-30.0_79.0","-30.0_79.0",-29.8400,79.8400,0.361000,"Intermediario"
"72.0_65.0","72.0_65.0",72.5880,65.3704,0.000000,"Intermediario"
"21.0_-109.0","21.0_-109.0",21.4180,-108.6200,0.000216,"Intermediario"
"22.0_-112.0","22.0_-112.0",22.9100,-111.2400,0.001145,"Intermediario"
"60.0_-6.0","60.0_-6.0",60.2064,-5.2298,9.000000,"Intermediario"
"-38.0_154.0","-38.0_154.0",-37.7481,154.6652,0.022000,"Intermediario"
"28.0_-72.0","28.0_-72.0",28.4171,-71.6114,0.104943,"Intermediario"
"17.0_-129.0","17.0_-129.0",17.3200,-128.5000,0.000000,"Intermediario"
"43.0_-60.0","43.0_-60.0",43.4600,-59.7050,0.009400,"Intermediario"
"16.0_158.0","16.0_158.0",16.4507,158.5566,0.000776,"Intermediario"
"7.0_-162.0","7.0_-162.0",7.7300,-161.7200,0.000000,"Intermediario"
"56.0_-135.0","56.0_-135.0",56.6100,-134.5800,0.000000,"Intermediario"
"31.0_-169.0","31.0_-169.0",31.6400,-168.1100,0.049700,"Intermediario"
"24.0_-75.0","24.0_-75.0",24.4218,-74.4111,0.077515,"Intermediario"
"54.0_-168.0","54.0_-168.0",54.6665,-167.6895,0.000000,"Intermediario"
"5.0_-129.0","5.0_-129.0",5.7400,-128.9000,0.001030,"Intermediario"
"35.0_-157.0","35.0_-157.0",35.5000,-156.3500,0.071400,"Intermediario"
"75.0_78.0","75.0_78.0",75.9725,78.5088,0.000000,"Intermediario"
"43.0_4.0","43.0_4.0",43.3061,4.5739,0.091729,"Intermediario"
"19.0_-157.0","19.0_-157.0",19.4455,-156.3904,0.015252,"Intermediario"
"24.0_-149.0","24.0_-149.0",24.3400,-148.5300,0.220000,"Intermediario"
"11.0_-115.0","11.0_-115.0",11.2467,-114.4367,0.003140,"Intermediario"
"27.0_125.0","27.0_125.0",27.7435,125.8141,1.055200,"Intermediario"
"21.0_-64.0","21.0_-64.0",21.4463,-63.6153,0.075067,"Intermediario"
"12.0_-109.0","12.0_-109.0",12.0000,-108.0800,0.078500,"Intermediario"
"17.0_131.0","17.0_131.0",17.1310,131.1900,0.091200,"Intermediario"
"-12.0_-173.0","-12.0_-173.0",-11.0800,-172.6400,0.000000,"Intermediario"
"1.0_-161.0","1.0_-161.0",1.5433,-160.5500,0.000000,"Intermediario"
"42.0_-87.0","42.0_-87.0",42.5108,-86.7290,0.101212,"Intermediario"
"28.0_-124.0","28.0_-124.0",28.7800,-123.3400,0.002030,"Intermediario"
"30.0_-81.0","30.0_-81.0",30.5600,-80.4550,0.002550,"Intermediario"
"17.0_-87.0","17.0_-87.0",17.5600,-86.3300,0.016430,"Intermediario"
"26.0_-38.0","26.0_-38.0",26.4199,-37.5407,0.036800,"Intermediario"
"21.0_-77.0","21.0_-77.0",21.6300,-76.2300,0.008600,"Intermediario"
"1.0_-130.0","1.0_-130.0",1.6000,-129.2800,0.000000,"Intermediario"
"35.0_26.0","35.0_26.0",35.7420,26.2120,0.540000,"Intermediario"
"27.0_-127.0","27.0_-127.0",27.3100,-126.2000,0.002360,"Intermediario"
"34.0_-150.0","34.0_-150.0",34.6700,-149.3900,1.310000,"Intermediario"
"-4.0_-142.0","-4.0_-142.0",-3.2633,-141.7267,0.000000,"Intermediario"
"-47.0_38.0","-47.0_38.0",-46.7837,38.0635,0.002950,"Intermediario"
"7.0_-157.0","7.0_-157.0",7.3920,-156.7440,0.000292,"Intermediario"
"32.0_-141.0","32.0_-141.0",32.7190,-140.3034,8.131500,"Intermediario"
"-34.0_43.0","-34.0_43.0",-33.2000,43.2300,0.006210,"Intermediario"
"39.0_2.0","39.0_2.0",39.7450,2.1610,0.064000,"Intermediario"
"31.0_133.0","31.0_133.0",31.7966,133.6349,0.168333,"Intermediario"
"31.0_-160.0","31.0_-160.0",31.1502,-159.9790,0.494000,"Intermediario"
"51.0_-133.0","51.0_-133.0",51.0200,-132.2900,0.000000,"Intermediario"
"10.0_-116.0","10.0_-116.0",10.6950,-115.5150,0.001770,"Intermediario"
"14.0_-59.0","14.0_-59.0",14.5200,-58.6660,0.000860,"Intermediario"
"38.0_-66.0","38.0_-66.0",38.5488,-65.4250,0.007855,"Intermediario"
"0.0_-162.0","0.0_-162.0",0.2900,-161.2400,0.000000,"Intermediario"
"-9.0_-142.0","-9.0_-142.0",-8.4143,-141.3800,0.000000,"Intermediario"
"18.0_-60.0","18.0_-60.0",18.6718,-59.5309,0.025109,"Intermediario"
"79.0_60.0","79.0_60.0",79.6731,60.9899,0.068300,"Intermediario"
"40.0_-142.0","40.0_-142.0",40.7300,-141.3600,0.014800,"Intermediario"
"-27.0_-31.0","-27.0_-31.0",-26.4893,-30.0290,0.023200,"Intermediario"
"13.0_-82.0","13.0_-82.0",13.6233,-81.5033,0.000733,"Intermediario"
"-61.0_-61.0","-61.0_-61.0",-60.3388,-60.5325,0.080000,"Intermediario"
"3.0_140.0","3.0_140.0",3.1809,140.3905,0.118339,"Intermediario"
"16.0_-148.0","16.0_-148.0",16.7700,-147.4800,0.001190,"Intermediario"
"23.0_-111.0","23.0_-111.0",23.1467,-110.8133,0.000720,"Intermediario"
"36.0_29.0","36.0_29.0",36.0230,29.5620,0.704000,"Intermediario"
"23.0_-76.0","23.0_-76.0",23.7785,-75.2277,0.062792,"Intermediario"
"16.0_-62.0","16.0_-62.0",16.5282,-61.7509,0.003433,"Intermediario"
"11.0_-150.0","11.0_-150.0",11.5100,-149.6300,0.000000,"Intermediario"
"27.0_-68.0","27.0_-68.0",27.3420,-67.5520,0.030540,"Intermediario"
"42.0_144.0","42.0_144.0",42.6462,144.3306,0.464824,"Intermediario"
"17.0_-74.0","17.0_-74.0",17.2640,-73.6040,0.003460,"Intermediario"
"76.0_126.0","76.0_126.0",76.8628,126.1312,0.000000,"Intermediario"
"35.0_138.0","35.0_138.0",35.1025,138.6759,0.628550,"Intermediario"
"9.0_-119.0","9.0_-119.0",9.5800,-118.6100,0.000000,"Intermediario"
"40.0_13.0","40.0_13.0",40.5469,13.8569,0.317000,"Intermediario"
"18.0_130.0","18.0_130.0",18.2591,130.5652,0.034050,"Intermediario"
"41.0_-88.0","41.0_-88.0",41.9172,-87.5533,0.093093,"Intermediario"
"36.0_-2.0","36.0_-2.0",36.4550,-1.8913,0.230000,"Intermediario"
"-33.0_-20.0","-33.0_-20.0",-32.5913,-19.9480,0.084400,"Intermediario"
"24.0_-80.0","24.0_-80.0",24.7467,-79.6800,0.016743,"Intermediario"
"4.0_-122.0","4.0_-122.0",4.3800,-121.7450,0.000000,"Intermediario"
"15.0_-76.0","15.0_-76.0",15.5762,-75.6512,0.003125,"Intermediario"
"41.0_16.0","41.0_16.0",41.7494,16.9573,3.175000,"Intermediario"
"18.0_-158.0","18.0_-158.0",18.5717,-157.4233,0.004165,"Intermediario"
"57.0_-2.0","57.0_-2.0",57.3929,-1.8245,0.018818,"Intermediario"
"6.0_-163.0","6.0_-163.0",6.5533,-162.5100,0.011077,"Intermediario"
"29.0_-18.0","29.0_-18.0",29.6800,-17.2900,0.061100,"Intermediario"
"-31.0_-103.0","-31.0_-103.0",-30.0100,-102.5000,0.306000,"Intermediario"
"37.0_141.0","37.0_141.0",37.6634,141.5941,0.493458,"Intermediario"
"43.0_-38.0","43.0_-38.0",43.5700,-37.6500,0.104000,"Intermediario"
"39.0_-134.0","39.0_-134.0",39.9000,-133.6700,0.121000,"Intermediario"
"-27.0_-119.0","-27.0_-119.0",-26.0652,-118.5125,0.001200,"Intermediario"
"30.0_133.0","30.0_133.0",30.0000,133.3900,0.000000,"Intermediario"
"77.0_58.0","77.0_58.0",77.5824,58.4736,2.110000,"Intermediario"
"-5.0_-136.0","-5.0_-136.0",-4.6700,-135.2500,0.000000,"Intermediario"
"-2.0_-127.0","-2.0_-127.0",-1.5600,-126.9700,0.000000,"Intermediario"
"1.0_-91.0","1.0_-91.0",1.1500,-90.1100,0.000000,"Intermediario"
"-21.0_61.0","-21.0_61.0",-20.2472,61.6722,0.010900,"Intermediario"
"10.0_-103.0","10.0_-103.0",10.7600,-102.4400,0.000000,"Intermediario"
"36.0_-125.0","36.0_-125.0",36.8130,-124.5854,0.009000,"Intermediario"
"30.0_-144.0","30.0_-144.0",30.0367,-143.5900,0.078067,"Intermediario"
"29.0_148.0","29.0_148.0",29.7272,148.0468,0.382000,"Intermediario"
"44.0_-126.0","44.0_-126.0",44.6400,-125.2700,0.003960,"Intermediario"
"10.0_-66.0","10.0_-66.0",10.7150,-65.4879,0.006814,"Intermediario"
"12.0_-144.0","12.0_-144.0",12.3200,-143.7200,0.013700,"Intermediario"
"1.0_-143.0","1.0_-143.0",1.4320,-142.2880,0.000000,"Intermediario"
"17.0_-151.0","17.0_-151.0",17.6400,-150.4000,0.001060,"Intermediario"
"42.0_-61.0","42.0_-61.0",42.5920,-60.6640,0.021420,"Intermediario"
"51.0_-12.0","51.0_-12.0",51.5854,-11.5302,8.750000,"Intermediario"
"17.0_157.0","17.0_157.0",17.7254,157.3082,0.009010,"Intermediario"
"29.0_-71.0","29.0_-71.0",29.7275,-70.4825,0.154387,"Intermediario"
"28.0_137.0","28.0_137.0",28.4494,137.2824,0.271500,"Intermediario"
"50.0_-13.0","50.0_-13.0",50.6379,-12.2460,7.500000,"Intermediario"
"32.0_-58.0","32.0_-58.0",32.5733,-57.1500,0.061400,"Intermediario"
"37.0_1.0","37.0_1.0",37.4856,1.4478,1.010000,"Intermediario"
"41.0_-62.0","41.0_-62.0",41.1300,-61.5700,0.003780,"Intermediario"
"33.0_-135.0","33.0_-135.0",33.7639,-134.5297,1.381950,"Intermediario"
"17.0_-61.0","17.0_-61.0",17.4300,-60.6180,0.003540,"Intermediario"
"58.0_-5.0","58.0_-5.0",58.6387,-4.6028,0.003267,"Intermediario"
"14.0_-160.0","14.0_-160.0",14.3750,-159.4300,0.001965,"Intermediario"
"29.0_135.0","29.0_135.0",29.3400,135.2200,0.172200,"Intermediario"
"-11.0_88.0","-11.0_88.0",-10.1596,88.3502,0.028100,"Intermediario"
"-68.0_163.0","-68.0_163.0",-67.2879,163.5447,0.000000,"Intermediario"
"26.0_-159.0","26.0_-159.0",26.4567,-158.4867,0.026533,"Intermediario"
"-12.0_-142.0","-12.0_-142.0",-11.5611,-141.5622,0.000317,"Intermediario"
"-29.0_-103.0","-29.0_-103.0",-28.8929,-102.5777,0.208000,"Intermediario"
"33.0_-122.0","33.0_-122.0",33.5360,-121.5825,0.024644,"Intermediario"
"25.0_131.0","25.0_131.0",25.8828,131.0734,0.022000,"Intermediario"
"-26.0_-124.0","-26.0_-124.0",-25.2705,-123.2543,0.002880,"Intermediario"
"26.0_-69.0","26.0_-69.0",26.4780,-68.5120,0.026810,"Intermediario"
"40.0_-155.0","40.0_-155.0",40.5400,-154.3100,0.013500,"Intermediario"
"19.0_-139.0","19.0_-139.0",19.2800,-138.9700,0.022000,"Intermediario"
"-10.0_-5.0","-10.0_-5.0",-9.5860,-4.7060,0.000000,"Intermediario"
"22.0_-130.0","22.0_-130.0",22.8300,-129.3400,0.008660,"Intermediario"
"49.0_-14.0","49.0_-14.0",49.9010,-13.6351,8.020000,"Intermediario"
"34.0_139.0","34.0_139.0",34.8092,139.3806,0.651470,"Intermediario"
"-14.0_93.0","-14.0_93.0",-13.1515,93.2554,1.270000,"Intermediario"
"43.0_-8.0","43.0_-8.0",43.6276,-7.2393,0.135000,"Intermediario"
"-13.0_-148.0","-13.0_-148.0",-12.7900,-147.5100,0.000000,"Intermediario"
"25.0_-165.0","25.0_-165.0",25.1200,-164.4100,0.000000,"Intermediario"
"-54.0_112.0","-54.0_112.0",-53.7986,112.3688,0.000000,"Intermediario"
"46.0_-53.0","46.0_-53.0",46.3000,-52.9500,0.000000,"Intermediario"
"16.0_-75.0","16.0_-75.0",16.5642,-74.5400,0.020599,"Intermediario"
"48.0_-7.0","48.0_-7.0",48.3131,-6.7474,2.003500,"Intermediario"
"47.0_-4.0","47.0_-4.0",47.3573,-3.5778,3.192167,"Intermediario"
"2.0_142.0","2.0_142.0",2.5684,142.5496,0.326002,"Intermediario"
"22.0_-107.0","22.0_-107.0",22.1700,-106.4600,0.007200,"Intermediario"
"42.0_174.0","42.0_174.0",42.7317,174.5375,0.099050,"Intermediario"
"31.0_-80.0","31.0_-80.0",31.8200,-79.1200,0.000000,"Intermediario"
"-16.0_-175.0","-16.0_-175.0",-15.9100,-174.5000,0.034900,"Intermediario"
"-27.0_-13.0","-27.0_-13.0",-26.8388,-12.2565,0.107000,"Intermediario"
"1.0_-157.0","1.0_-157.0",1.7750,-156.4900,0.000000,"Intermediario"
"18.0_-86.0","18.0_-86.0",18.5000,-85.3950,0.006660,"Intermediario"
"-35.0_5.0","-35.0_5.0",-34.4967,5.1020,0.041400,"Intermediario"
"42.0_-129.0","42.0_-129.0",42.7969,-128.3858,0.092000,"Intermediario"
"15.0_-62.0","15.0_-62.0",15.5156,-61.8200,0.001673,"Intermediario"
"30.0_-161.0","30.0_-161.0",30.7500,-160.5100,0.050500,"Intermediario"
"-6.0_-134.0","-6.0_-134.0",-5.2900,-133.7450,0.000000,"Intermediario"
"29.0_122.0","29.0_122.0",29.9962,122.6235,0.094900,"Intermediario"
"34.0_130.0","34.0_130.0",34.3472,130.4858,1.392926,"Intermediario"
"41.0_-148.0","41.0_-148.0",41.9800,-147.1500,0.002000,"Intermediario"
"26.0_-60.0","26.0_-60.0",26.4450,-59.5920,0.112710,"Intermediario"
"38.0_-149.0","38.0_-149.0",38.3400,-148.4200,0.199000,"Intermediario"
"-14.0_-21.0","-14.0_-21.0",-13.9923,-20.7390,0.008980,"Intermediario"
"-64.0_-67.0","-64.0_-67.0",-63.9586,-66.2373,0.002400,"Intermediario"
"-12.0_-155.0","-12.0_-155.0",-11.2567,-154.8967,0.000675,"Intermediario"
"41.0_144.0","41.0_144.0",41.3085,144.5491,0.379530,"Intermediario"
"59.0_-9.0","59.0_-9.0",59.6826,-8.4331,11.042500,"Intermediario"
"7.0_-139.0","7.0_-139.0",7.5350,-138.4450,0.000000,"Intermediario"
"6.0_-145.0","6.0_-145.0",6.2450,-144.6600,0.000675,"Intermediario"
"35.0_-68.0","35.0_-68.0",35.5767,-67.3000,0.079208,"Intermediario"
"20.0_-159.0","20.0_-159.0",20.4433,-158.1433,0.003300,"Intermediario"
"26.0_-115.0","26.0_-115.0",26.3500,-114.6400,0.000000,"Intermediario"
"72.0_-78.0","72.0_-78.0",72.6750,-77.5439,0.000000,"Intermediario"
"24.0_-166.0","24.0_-166.0",24.9000,-165.0800,0.005390,"Intermediario"
"12.0_-145.0","12.0_-145.0",12.8600,-144.6100,0.041700,"Intermediario"
"1.0_-144.0","1.0_-144.0",1.2900,-143.1100,0.000000,"Intermediario"
"-34.0_-14.0","-34.0_-14.0",-33.5729,-13.7057,0.156000,"Intermediario"
"22.0_-63.0","22.0_-63.0",22.6259,-62.6196,0.025435,"Intermediario"
"41.0_5.0","41.0_5.0",41.3152,5.6629,1.455000,"Intermediario"
"42.0_19.0","42.0_19.0",42.0372,19.0037,0.260000,"Intermediario"
"32.0_-123.0","32.0_-123.0",32.7067,-122.4842,0.067057,"Intermediario"
"29.0_-154.0","29.0_-154.0",29.4070,-153.6150,0.490000,"Intermediario"
"-1.0_-133.0","-1.0_-133.0",-0.6100,-132.6850,0.000361,"Intermediario"
"13.0_-59.0","13.0_-59.0",13.2150,-58.0500,0.000000,"Intermediario"
"39.0_-64.0","39.0_-64.0",39.3057,-63.4400,0.015866,"Intermediario"
"50.0_-12.0","50.0_-12.0",50.4767,-11.1617,1.010500,"Intermediario"
"11.0_-120.0","11.0_-120.0",11.3050,-119.2900,0.001060,"Intermediario"
"42.0_130.0","42.0_130.0",42.5067,130.8121,1.500000,"Intermediario"
"25.0_-56.0","25.0_-56.0",25.6700,-56.0000,0.011200,"Intermediario"
"53.0_-10.0","53.0_-10.0",53.1952,-9.4291,12.277778,"Intermediario"
"30.0_-64.0","30.0_-64.0",30.3444,-63.6266,0.128775,"Intermediario"
"29.0_-123.0","29.0_-123.0",29.5867,-122.4100,0.000357,"Intermediario"
"29.0_-40.0","29.0_-40.0",29.8048,-39.3083,0.278000,"Intermediario"
"-35.0_33.0","-35.0_33.0",-34.1800,33.7200,0.006860,"Intermediario"
"34.0_-60.0","34.0_-60.0",34.9300,-59.1100,0.071400,"Intermediario"
"23.0_-154.0","23.0_-154.0",23.2278,-153.4595,0.284000,"Intermediario"
"38.0_-123.0","38.0_-123.0",38.1650,-122.2833,0.401500,"Intermediario"
"37.0_23.0","37.0_23.0",37.8847,23.5776,0.552786,"Intermediario"
"36.0_20.0","36.0_20.0",36.4020,20.8054,0.216000,"Intermediario"
"9.0_-26.0","9.0_-26.0",9.5600,-25.9900,0.010000,"Intermediario"
"-53.0_-43.0","-53.0_-43.0",-52.6810,-42.5199,0.000000,"Intermediario"
"38.0_6.0","38.0_6.0",38.1160,6.6370,0.920000,"Intermediario"
"19.0_155.0","19.0_155.0",19.6586,155.1127,0.013200,"Intermediario"
"-1.0_-146.0","-1.0_-146.0",-0.5200,-145.0800,0.000000,"Intermediario"
"43.0_-68.0","43.0_-68.0",43.5960,-67.7347,0.003420,"Intermediario"
"14.0_-76.0","14.0_-76.0",14.2500,-75.4000,0.002200,"Intermediario"
"50.0_-7.0","50.0_-7.0",50.9901,-6.4961,29.500000,"Intermediario"
"73.0_73.0","73.0_73.0",73.3198,73.1317,0.000000,"Intermediario"
"-2.0_-157.0","-2.0_-157.0",-1.8400,-156.3700,0.000000,"Intermediario"
"39.0_147.0","39.0_147.0",39.6900,147.5441,0.336733,"Intermediario"
"37.0_-124.0","37.0_-124.0",37.7714,-123.1914,0.043000,"Intermediario"
"15.0_-75.0","15.0_-75.0",15.5414,-74.4271,0.004629,"Intermediario"
"38.0_13.0","38.0_13.0",38.5525,13.3326,1.178000,"Intermediario"
"19.0_-108.0","19.0_-108.0",19.5643,-107.5286,0.001513,"Intermediario"
"-1.0_-159.0","-1.0_-159.0",-0.5767,-158.6433,0.000327,"Intermediario"
"12.0_-158.0","12.0_-158.0",12.4567,-157.5567,0.000000,"Intermediario"
"74.0_76.0","74.0_76.0",74.8105,76.1663,0.000000,"Intermediario"
"8.0_-93.0","8.0_-93.0",8.7000,-92.5600,0.000000,"Intermediario"
"-35.0_-44.0","-35.0_-44.0",-34.9098,-43.8572,0.025400,"Intermediario"
"28.0_-67.0","28.0_-67.0",28.5367,-66.4333,0.126133,"Intermediario"
"75.0_127.0","75.0_127.0",75.2580,127.2371,0.000000,"Intermediario"
"36.0_137.0","36.0_137.0",36.8996,137.2841,0.261750,"Intermediario"
"-33.0_-4.0","-33.0_-4.0",-32.8350,-3.6837,0.010900,"Intermediario"
"11.0_-66.0","11.0_-66.0",11.8150,-65.5600,0.000000,"Intermediario"
"-2.0_-144.0","-2.0_-144.0",-1.6700,-143.5200,0.000000,"Intermediario"
"22.0_-160.0","22.0_-160.0",22.0300,-159.9200,0.000000,"Intermediario"
"20.0_-70.0","20.0_-70.0",20.2963,-69.7200,0.012267,"Intermediario"
"32.0_-167.0","32.0_-167.0",32.3410,-166.1182,0.059100,"Intermediario"
"31.0_-58.0","31.0_-58.0",31.5571,-57.3086,0.029929,"Intermediario"
"10.0_-117.0","10.0_-117.0",10.4350,-116.5600,0.006420,"Intermediario"
"19.0_-161.0","19.0_-161.0",19.3200,-160.6500,0.011800,"Intermediario"
"34.0_18.0","34.0_18.0",34.8865,18.5521,0.011500,"Intermediario"
"21.0_-157.0","21.0_-157.0",21.4250,-156.2450,0.012640,"Intermediario"
"56.0_-8.0","56.0_-8.0",56.4477,-7.3498,3.418690,"Intermediario"
"19.0_-85.0","19.0_-85.0",19.1900,-84.5600,0.008580,"Intermediario"
"48.0_-129.0","48.0_-129.0",48.5200,-128.9300,0.000000,"Intermediario"
"40.0_9.0","40.0_9.0",40.9008,9.6736,0.358143,"Intermediario"
"31.0_-168.0","31.0_-168.0",31.7700,-167.5400,0.987000,"Intermediario"
"43.0_5.0","43.0_5.0",43.1978,5.5213,0.577582,"Intermediario"
"14.0_-63.0","14.0_-63.0",14.5353,-62.3841,0.016598,"Intermediario"
"-34.0_39.0","-34.0_39.0",-33.5600,39.8700,0.036900,"Intermediario"
"35.0_-180.0","35.0_-180.0",35.2960,-179.8991,0.103467,"Intermediario"
"51.0_-129.0","51.0_-129.0",51.0500,-128.0700,0.000000,"Intermediario"
"1.0_-126.0","1.0_-126.0",1.9900,-125.3300,0.000000,"Intermediario"
"25.0_-61.0","25.0_-61.0",25.5517,-60.2100,0.082200,"Intermediario"
"30.0_-77.0","30.0_-77.0",30.2340,-76.6220,0.085540,"Intermediario"
"2.0_-160.0","2.0_-160.0",2.2150,-159.6800,0.000000,"Intermediario"
"40.0_-137.0","40.0_-137.0",40.4833,-136.5933,0.042333,"Intermediario"
"20.0_-128.0","20.0_-128.0",20.4100,-127.4900,0.000000,"Intermediario"
"-25.0_-126.0","-25.0_-126.0",-24.5847,-125.7344,0.045600,"Intermediario"
"40.0_145.0","40.0_145.0",40.6020,145.1070,0.221720,"Intermediario"
"49.0_-1.0","49.0_-1.0",49.5735,-0.4434,0.758167,"Intermediario"
"33.0_131.0","33.0_131.0",33.4418,131.7505,0.607700,"Intermediario"
"32.0_-75.0","32.0_-75.0",32.7700,-74.8300,0.004320,"Intermediario"
"25.0_-129.0","25.0_-129.0",25.1070,-128.1097,0.054200,"Intermediario"
"35.0_142.0","35.0_142.0",35.1957,142.6767,17.080000,"Intermediario"
"-14.0_-147.0","-14.0_-147.0",-13.6080,-146.5540,0.000840,"Intermediario"
"18.0_-68.0","18.0_-68.0",18.3540,-67.6720,0.005890,"Intermediario"
"12.0_-114.0","12.0_-114.0",12.4650,-113.5050,0.001155,"Intermediario"
"-27.0_-39.0","-27.0_-39.0",-26.5697,-38.4473,0.007320,"Intermediario"
"25.0_-74.0","25.0_-74.0",25.5826,-73.5032,0.020554,"Intermediario"
"55.0_-5.0","55.0_-5.0",55.8100,-4.8481,0.054900,"Intermediario"
"45.0_-84.0","45.0_-84.0",45.6027,-83.4980,0.013694,"Intermediario"
"-11.0_-143.0","-11.0_-143.0",-10.4900,-142.5383,0.000435,"Intermediario"
"44.0_-41.0","44.0_-41.0",44.4700,-40.6500,0.003600,"Intermediario"
"27.0_-72.0","27.0_-72.0",27.5867,-71.5493,0.141647,"Intermediario"
"-51.0_72.0","-51.0_72.0",-50.9903,72.0449,0.000000,"Intermediario"
"11.0_-159.0","11.0_-159.0",11.3700,-158.3700,0.000000,"Intermediario"
"38.0_-70.0","38.0_-70.0",38.6118,-69.4773,0.007792,"Intermediario"
"18.0_-109.0","18.0_-109.0",18.5900,-108.7200,0.003323,"Intermediario"
"29.0_-66.0","29.0_-66.0",29.2925,-65.3188,0.047766,"Intermediario"
"37.0_136.0","37.0_136.0",37.1471,136.6389,6.350145,"Intermediario"
"29.0_140.0","29.0_140.0",29.7438,140.3554,0.119025,"Intermediario"
"30.0_129.0","30.0_129.0",30.7554,129.6764,0.230000,"Intermediario"
"-9.0_-138.0","-9.0_-138.0",-8.2667,-137.6133,0.000510,"Intermediario"
"22.0_133.0","22.0_133.0",22.8007,133.1384,0.207000,"Intermediario"
"13.0_-161.0","13.0_-161.0",13.2800,-160.9900,0.000000,"Intermediario"
"12.0_-65.0","12.0_-65.0",12.4629,-64.4371,0.000926,"Intermediario"
"-34.0_1.0","-34.0_1.0",-33.6215,1.0787,0.019600,"Intermediario"
"-39.0_154.0","-39.0_154.0",-38.7456,154.3173,0.009820,"Intermediario"
"28.0_-160.0","28.0_-160.0",28.2750,-159.4750,0.018150,"Intermediario"
"79.0_69.0","79.0_69.0",79.0149,69.7101,0.011800,"Intermediario"
"7.0_-161.0","7.0_-161.0",7.5100,-160.4150,0.000000,"Intermediario"
"0.0_-158.0","0.0_-158.0",0.3857,-157.6814,0.000387,"Intermediario"
"9.0_-123.0","9.0_-123.0",9.3700,-122.5300,0.000000,"Intermediario"
"17.0_-102.0","17.0_-102.0",17.0400,-101.3600,0.000000,"Intermediario"
"-14.0_89.0","-14.0_89.0",-13.2496,89.7556,0.109900,"Intermediario"
"16.0_-152.0","16.0_-152.0",16.2900,-151.6000,0.002160,"Intermediario"
"31.0_128.0","31.0_128.0",31.2678,128.2870,0.691917,"Intermediario"
"24.0_-57.0","24.0_-57.0",24.4586,-56.5300,0.015856,"Intermediario"
"33.0_-61.0","33.0_-61.0",33.2767,-60.7100,0.015850,"Intermediario"
"32.0_127.0","32.0_127.0",32.2091,127.5527,2.135000,"Intermediario"
"23.0_-58.0","23.0_-58.0",23.4589,-57.6400,0.036517,"Intermediario"
"32.0_-62.0","32.0_-62.0",32.4025,-61.6725,0.100375,"Intermediario"
"11.0_-133.0","11.0_-133.0",11.6900,-132.8400,0.000000,"Intermediario"
"-38.0_124.0","-38.0_124.0",-37.3700,124.8200,0.000000,"Intermediario"
"-3.0_-156.0","-3.0_-156.0",-2.5200,-155.8800,0.000000,"Intermediario"
"34.0_-133.0","34.0_-133.0",34.1215,-132.7483,0.033000,"Intermediario"
"21.0_-82.0","21.0_-82.0",21.4650,-81.4900,0.010800,"Intermediario"
"42.0_-69.0","42.0_-69.0",42.4505,-68.5227,0.003755,"Intermediario"
"31.0_-155.0","31.0_-155.0",31.5300,-154.3400,0.067900,"Intermediario"
"42.0_-134.0","42.0_-134.0",42.0500,-133.3700,0.008770,"Intermediario"
"42.0_9.0","42.0_9.0",42.6400,9.4132,0.622333,"Intermediario"
"0.0_-132.0","0.0_-132.0",0.4250,-131.3500,0.000000,"Intermediario"
"29.0_-79.0","29.0_-79.0",29.3817,-78.5983,0.036383,"Intermediario"
"16.0_131.0","16.0_131.0",16.1258,131.7241,0.076800,"Intermediario"
"58.0_-14.0","58.0_-14.0",58.2447,-13.2220,0.028100,"Intermediario"
"15.0_-118.0","15.0_-118.0",15.9500,-117.0300,0.000000,"Intermediario"
"17.0_-69.0","17.0_-69.0",17.6500,-68.5167,0.000000,"Intermediario"
"-18.0_97.0","-18.0_97.0",-17.5764,97.7249,0.042100,"Intermediario"
"-28.0_-104.0","-28.0_-104.0",-27.1200,-103.3800,0.176000,"Intermediario"
"26.0_-73.0","26.0_-73.0",26.4950,-72.6281,0.133194,"Intermediario"
"19.0_-130.0","19.0_-130.0",19.2300,-129.4700,0.003280,"Intermediario"
"-13.0_86.0","-13.0_86.0",-12.3292,86.3510,0.188000,"Intermediario"
"17.0_-159.0","17.0_-159.0",17.4420,-158.5320,0.008889,"Intermediario"
"16.0_-26.0","16.0_-26.0",16.1100,-25.9700,0.000000,"Intermediario"
"32.0_-136.0","32.0_-136.0",32.1014,-135.4803,3.910000,"Intermediario"
"38.0_135.0","38.0_135.0",38.8632,135.2897,15.800000,"Intermediario"
"73.0_129.0","73.0_129.0",73.5217,129.1890,0.000000,"Intermediario"
"36.0_-161.0","36.0_-161.0",36.0700,-160.1500,0.039200,"Intermediario"
"44.0_9.0","44.0_9.0",44.2934,9.2035,1.280000,"Intermediario"
"-11.0_-156.0","-11.0_-156.0",-10.5700,-155.2050,0.001890,"Intermediario"
"-9.0_87.0","-9.0_87.0",-8.0810,87.1732,0.198000,"Intermediario"
"36.0_-67.0","36.0_-67.0",36.4818,-66.4173,0.029245,"Intermediario"
"-34.0_-80.0","-34.0_-80.0",-33.5700,-79.7500,0.035100,"Intermediario"
"6.0_-158.0","6.0_-158.0",6.4967,-157.2833,0.000000,"Intermediario"
"-13.0_-140.0","-13.0_-140.0",-12.9400,-139.5800,0.000000,"Intermediario"
"27.0_-157.0","27.0_-157.0",27.2500,-156.7700,0.000000,"Intermediario"
"39.0_121.0","39.0_121.0",39.3880,121.1152,0.170000,"Intermediario"
"44.0_-3.0","44.0_-3.0",44.4750,-2.1381,0.421800,"Intermediario"
"24.0_-74.0","24.0_-74.0",24.5717,-73.5400,0.037083,"Intermediario"
"49.0_-5.0","49.0_-5.0",49.6873,-4.0053,0.000000,"Intermediario"
"32.0_-118.0","32.0_-118.0",32.7829,-117.5060,0.234765,"Intermediario"
"43.0_131.0","43.0_131.0",43.2322,131.8617,0.529875,"Intermediario"
"22.0_141.0","22.0_141.0",22.4379,141.1710,0.071002,"Intermediario"
"17.0_-161.0","17.0_-161.0",17.4450,-160.5200,0.000000,"Intermediario"
"-18.0_-151.0","-18.0_-151.0",-17.1773,-150.4100,0.000205,"Intermediario"
"30.0_-47.0","30.0_-47.0",30.5454,-46.6554,0.272000,"Intermediario"
"-29.0_-104.0","-29.0_-104.0",-28.7311,-103.5486,0.064600,"Intermediario"
"-8.0_-155.0","-8.0_-155.0",-7.5750,-154.8550,0.000000,"Intermediario"
"7.0_96.0","7.0_96.0",7.1457,96.5989,0.005870,"Intermediario"
"54.0_-15.0","54.0_-15.0",54.4218,-14.2817,13.750000,"Intermediario"
"4.0_-26.0","4.0_-26.0",4.9900,-26.0000,0.000000,"Intermediario"
"-33.0_-12.0","-33.0_-12.0",-32.9033,-11.3745,0.264000,"Intermediario"
"-34.0_114.0","-34.0_114.0",-33.1183,114.4671,0.000820,"Intermediario"
"38.0_41.0","38.0_41.0",38.6074,41.0664,1.447500,"Intermediario"
"32.0_-171.0","32.0_-171.0",32.8404,-170.0683,0.046800,"Intermediario"
"35.0_133.0","35.0_133.0",35.7740,133.6070,0.550620,"Intermediario"
"-18.0_-6.0","-18.0_-6.0",-17.7225,-5.9518,0.017300,"Intermediario"
"-12.0_90.0","-12.0_90.0",-11.5460,90.3147,0.032000,"Intermediario"
"25.0_-80.0","25.0_-80.0",25.5384,-79.6951,0.009767,"Intermediario"
"16.0_-76.0","16.0_-76.0",16.7050,-75.5700,0.001087,"Intermediario"
"47.0_-132.0","47.0_-132.0",47.9800,-131.7200,0.005400,"Intermediario"
"-40.0_153.0","-40.0_153.0",-39.7317,153.9481,0.002070,"Intermediario"
"26.0_-33.0","26.0_-33.0",26.9100,-32.8400,0.036000,"Intermediario"
"34.0_-142.0","34.0_-142.0",34.1188,-141.6152,3.923824,"Intermediario"
"-10.0_88.0","-10.0_88.0",-9.5410,88.4283,0.331250,"Intermediario"
"18.0_-131.0","18.0_-131.0",18.6400,-130.5200,0.006710,"Intermediario"
"17.0_-82.0","17.0_-82.0",17.3043,-81.8486,0.003086,"Intermediario"
"28.0_-127.0","28.0_-127.0",28.9700,-126.5100,0.000000,"Intermediario"
"14.0_-60.0","14.0_-60.0",14.4367,-59.6811,0.012916,"Intermediario"
"34.0_-44.0","34.0_-44.0",34.6800,-43.3500,0.359000,"Intermediario"
"39.0_7.0","39.0_7.0",39.8014,7.7391,7.566667,"Intermediario"
"-25.0_96.0","-25.0_96.0",-24.4935,96.4434,0.206000,"Intermediario"
"58.0_-12.0","58.0_-12.0",58.5394,-11.0849,7.000000,"Intermediario"
"13.0_-153.0","13.0_-153.0",13.8300,-152.1600,0.000000,"Intermediario"
"39.0_-133.0","39.0_-133.0",39.8033,-132.2900,0.027933,"Intermediario"
"36.0_-126.0","36.0_-126.0",36.5987,-125.8362,0.009000,"Intermediario"
"10.0_-146.0","10.0_-146.0",10.0300,-145.8600,0.003580,"Intermediario"
"29.0_-24.0","29.0_-24.0",29.9700,-23.6900,0.017500,"Intermediario"
"24.0_-61.0","24.0_-61.0",24.4250,-60.4350,0.079850,"Intermediario"
"21.0_-165.0","21.0_-165.0",21.0100,-164.3700,0.017500,"Intermediario"
"47.0_-145.0","47.0_-145.0",47.8500,-144.7600,0.001350,"Intermediario"
"26.0_-130.0","26.0_-130.0",26.5800,-129.4100,0.000000,"Intermediario"
"-6.0_-171.0","-6.0_-171.0",-5.7500,-170.7500,0.000000,"Intermediario"
"37.0_-66.0","37.0_-66.0",37.4433,-65.4622,0.007824,"Intermediario"
"8.0_-155.0","8.0_-155.0",8.8200,-154.3100,0.000000,"Intermediario"
"6.0_-118.0","6.0_-118.0",6.4200,-117.2500,0.000000,"Intermediario"
"49.0_-129.0","49.0_-129.0",49.5000,-128.2200,0.000000,"Intermediario"
"-4.0_-134.0","-4.0_-134.0",-3.2500,-133.2800,0.000000,"Intermediario"
"-27.0_-120.0","-27.0_-120.0",-26.0422,-119.4320,0.022800,"Intermediario"
"32.0_-72.0","32.0_-72.0",32.1650,-71.6200,0.009700,"Intermediario"
"15.0_-111.0","15.0_-111.0",15.5950,-110.7100,0.001080,"Intermediario"
"23.0_-68.0","23.0_-68.0",23.3620,-67.6920,0.008080,"Intermediario"
"56.0_-2.0","56.0_-2.0",56.4920,-1.4575,0.033900,"Intermediario"
"-18.0_140.0","-18.0_140.0",-17.0615,140.7747,0.000000,"Intermediario"
"42.0_138.0","42.0_138.0",42.5282,138.5459,10.160000,"Intermediario"
"14.0_130.0","14.0_130.0",14.0186,130.8809,0.131000,"Intermediario"
"35.0_-156.0","35.0_-156.0",35.1100,-155.4900,0.226000,"Intermediario"
"8.0_-124.0","8.0_-124.0",8.3050,-123.4200,0.000540,"Intermediario"
"19.0_-158.0","19.0_-158.0",19.3167,-157.6583,0.007015,"Intermediario"
"-8.0_98.0","-8.0_98.0",-7.7071,98.2521,0.177300,"Intermediario"
"-34.0_37.0","-34.0_37.0",-33.9100,37.0300,0.007060,"Intermediario"
"28.0_-158.0","28.0_-158.0",28.5860,-157.7640,0.171904,"Intermediario"
"-9.0_-156.0","-9.0_-156.0",-8.7300,-155.8700,0.000000,"Intermediario"
"10.0_-133.0","10.0_-133.0",10.6200,-132.6100,0.000000,"Intermediario"
"52.0_-7.0","52.0_-7.0",52.0818,-6.9457,41.055556,"Intermediario"
"25.0_-160.0","25.0_-160.0",25.4600,-159.2250,0.004395,"Intermediario"
"38.0_-150.0","38.0_-150.0",38.6350,-149.7200,0.225000,"Intermediario"
"20.0_-164.0","20.0_-164.0",20.6100,-163.4900,0.002850,"Intermediario"
"-22.0_-36.0","-22.0_-36.0",-21.0900,-35.9700,0.006770,"Intermediario"
"23.0_-42.0","23.0_-42.0",23.7400,-41.9000,0.012300,"Intermediario"
"21.0_-152.0","21.0_-152.0",21.8050,-151.5650,0.011950,"Intermediario"
"19.0_-67.0","19.0_-67.0",19.2600,-66.9100,0.010200,"Intermediario"
"20.0_129.0","20.0_129.0",20.8770,129.6497,0.273900,"Intermediario"
"26.0_-77.0","26.0_-77.0",26.3675,-76.6725,0.051325,"Intermediario"
"52.0_-12.0","52.0_-12.0",52.3570,-11.5440,9.500000,"Intermediario"
"-7.0_-141.0","-7.0_-141.0",-6.5860,-140.5000,0.000800,"Intermediario"
"-35.0_0.0","-35.0_0.0",-34.5039,0.0250,0.060600,"Intermediario"
"0.0_-126.0","0.0_-126.0",0.5000,-125.1900,0.000000,"Intermediario"
"33.0_-141.0","33.0_-141.0",33.8990,-140.5267,0.798200,"Intermediario"
"-31.0_-97.0","-31.0_-97.0",-30.5732,-96.2025,0.012700,"Intermediario"
"41.0_-10.0","41.0_-10.0",41.9952,-9.0102,0.632000,"Intermediario"
"41.0_-67.0","41.0_-67.0",41.4500,-66.3750,0.003930,"Intermediario"
"4.0_-147.0","4.0_-147.0",4.6500,-146.2300,0.000000,"Intermediario"
"56.0_1.0","56.0_1.0",56.8171,1.3029,0.005700,"Intermediario"
"-33.0_12.0","-33.0_12.0",-32.8100,12.7700,0.005070,"Intermediario"
"13.0_-72.0","13.0_-72.0",13.2400,-71.2867,0.018233,"Intermediario"
"36.0_-139.0","36.0_-139.0",36.4900,-138.8400,0.159000,"Intermediario"
"43.0_-61.0","43.0_-61.0",43.1771,-60.6871,0.004054,"Intermediario"
"28.0_-71.0","28.0_-71.0",28.4924,-70.3512,0.063394,"Intermediario"
"31.0_136.0","31.0_136.0",31.2534,136.9944,0.006400,"Intermediario"
"16.0_-160.0","16.0_-160.0",16.4500,-159.3400,0.000000,"Intermediario"
"33.0_130.0","33.0_130.0",33.7838,130.2650,5.376250,"Intermediario"
"45.0_-2.0","45.0_-2.0",45.7031,-1.7364,0.206000,"Intermediario"
"-9.0_-143.0","-9.0_-143.0",-8.6600,-142.5000,0.000535,"Intermediario"
"0.0_-161.0","0.0_-161.0",0.3933,-160.5900,0.000000,"Intermediario"
"58.0_-8.0","58.0_-8.0",58.4287,-7.4789,2.889111,"Intermediario"
"17.0_-64.0","17.0_-64.0",17.4850,-63.5089,0.005053,"Intermediario"
"38.0_10.0","38.0_10.0",38.7422,10.4132,1.770000,"Intermediario"
"-11.0_87.0","-11.0_87.0",-10.6160,87.5379,0.316000,"Intermediario"
"34.0_33.0","34.0_33.0",34.2264,33.2308,0.375000,"Intermediario"
"60.0_1.0","60.0_1.0",60.6426,1.2113,0.050700,"Intermediario"
"25.0_-58.0","25.0_-58.0",25.6373,-57.6987,0.101780,"Intermediario"
"45.0_-130.0","45.0_-130.0",45.5242,-129.1731,0.023700,"Intermediario"
"-35.0_9.0","-35.0_9.0",-34.0162,9.7782,0.013100,"Intermediario"
"26.0_-112.0","26.0_-112.0",26.8800,-111.1200,0.002160,"Intermediario"
"16.0_-112.0","16.0_-112.0",16.8000,-111.4000,0.000454,"Intermediario"
"23.0_-110.0","23.0_-110.0",23.4714,-109.2993,0.002845,"Intermediario"
"34.0_-62.0","34.0_-62.0",34.4950,-61.4625,0.034300,"Intermediario"
"19.0_-114.0","19.0_-114.0",19.8500,-113.0500,0.000000,"Intermediario"
"41.0_137.0","41.0_137.0",41.3600,137.3155,10.100000,"Intermediario"
"34.0_-173.0","34.0_-173.0",34.5922,-172.9510,0.167000,"Intermediario"
"42.0_143.0","42.0_143.0",42.2464,143.7495,0.533202,"Intermediario"
"40.0_-152.0","40.0_-152.0",40.4782,-151.2847,0.021350,"Intermediario"
"25.0_-155.0","25.0_-155.0",25.4650,-154.2850,0.091100,"Intermediario"
"41.0_2.0","41.0_2.0",41.3294,2.4035,1.011875,"Intermediario"
"17.0_-130.0","17.0_-130.0",17.1500,-129.5900,0.001390,"Intermediario"
"35.0_-76.0","35.0_-76.0",35.9900,-75.1900,0.002700,"Intermediario"
"35.0_-130.0","35.0_-130.0",35.3361,-129.8055,0.053000,"Intermediario"
"21.0_-65.0","21.0_-65.0",21.5167,-64.7783,0.046933,"Intermediario"
"39.0_-69.0","39.0_-69.0",39.5350,-68.5308,0.014752,"Intermediario"
"33.0_139.0","33.0_139.0",33.6376,139.7927,0.135000,"Intermediario"
"32.0_-37.0","32.0_-37.0",32.6252,-36.4067,0.044600,"Intermediario"
"38.0_142.0","38.0_142.0",38.5277,142.4192,10.682357,"Intermediario"
"48.0_-6.0","48.0_-6.0",48.8424,-5.7278,0.000000,"Intermediario"
"4.0_-121.0","4.0_-121.0",4.6500,-120.9800,0.000000,"Intermediario"
"18.0_-157.0","18.0_-157.0",18.6371,-156.6957,0.002620,"Intermediario"
"9.0_-160.0","9.0_-160.0",9.6350,-159.7350,0.000000,"Intermediario"
"57.0_-11.0","57.0_-11.0",57.6823,-10.4887,10.000000,"Intermediario"
"28.0_136.0","28.0_136.0",28.6403,136.5453,0.152650,"Intermediario"
"18.0_-83.0","18.0_-83.0",18.3400,-82.4700,0.000000,"Intermediario"
"-6.0_-140.0","-6.0_-140.0",-5.5300,-139.8500,0.000000,"Intermediario"
"-5.0_-135.0","-5.0_-135.0",-4.3500,-134.3900,0.000000,"Intermediario"
"29.0_-159.0","29.0_-159.0",29.1000,-158.8100,0.002290,"Intermediario"
"-30.0_82.0","-30.0_82.0",-29.8000,82.6200,0.162000,"Intermediario"
"-8.0_-137.0","-8.0_-137.0",-7.7000,-136.4750,0.001080,"Intermediario"
"24.0_-39.0","24.0_-39.0",24.8400,-38.7100,0.036400,"Intermediario"
"31.0_-170.0","31.0_-170.0",31.3200,-169.1900,0.181000,"Intermediario"
"42.0_-141.0","42.0_-141.0",42.9600,-140.8500,0.015100,"Intermediario"
"31.0_123.0","31.0_123.0",31.7466,123.1885,0.226500,"Intermediario"
"37.0_-35.0","37.0_-35.0",37.7800,-34.8600,0.057800,"Intermediario"
"7.0_-123.0","7.0_-123.0",7.9300,-122.6500,0.000778,"Intermediario"
"-14.0_-174.0","-14.0_-174.0",-13.5400,-173.3700,0.059100,"Intermediario"
"31.0_-71.0","31.0_-71.0",31.4518,-70.5009,0.033436,"Intermediario"
"38.0_23.0","38.0_23.0",38.0210,23.5770,0.144000,"Intermediario"
"11.0_-64.0","11.0_-64.0",11.4267,-63.4117,0.001192,"Intermediario"
"38.0_-67.0","38.0_-67.0",38.2100,-66.5425,0.001625,"Intermediario"
"37.0_-180.0","37.0_-180.0",37.8532,-179.3768,0.014800,"Intermediario"
"-48.0_143.0","-48.0_143.0",-47.1683,143.6274,0.004000,"Intermediario"
"28.0_-145.0","28.0_-145.0",28.3507,-144.2030,0.051000,"Intermediario"
"10.0_-115.0","10.0_-115.0",10.3300,-114.8400,0.000000,"Intermediario"
"-7.0_-154.0","-7.0_-154.0",-6.6600,-153.7600,0.001100,"Intermediario"
"59.0_-6.0","59.0_-6.0",59.8098,-5.5306,6.400000,"Intermediario"
"26.0_-59.0","26.0_-59.0",26.4859,-58.3535,0.061035,"Intermediario"
"23.0_-73.0","23.0_-73.0",23.2300,-72.5500,0.061650,"Intermediario"
"-35.0_-50.0","-35.0_-50.0",-34.7158,-49.2130,0.029800,"Intermediario"
"35.0_-63.0","35.0_-63.0",35.7125,-62.2600,0.042150,"Intermediario"
"25.0_132.0","25.0_132.0",25.5586,132.7194,0.132000,"Intermediario"
"2.0_-158.0","2.0_-158.0",2.5943,-157.5543,0.000000,"Intermediario"
"30.0_-121.0","30.0_-121.0",30.4300,-120.2933,0.001063,"Intermediario"
"28.0_149.0","28.0_149.0",28.5588,149.3047,0.040400,"Intermediario"
"-63.0_-58.0","-63.0_-58.0",-62.0898,-57.0830,0.000000,"Intermediario"
"16.0_-63.0","16.0_-63.0",16.4733,-62.4722,0.004961,"Intermediario"
"33.0_-123.0","33.0_-123.0",33.5558,-122.5326,0.011063,"Intermediario"
"14.0_-69.0","14.0_-69.0",14.2300,-68.5150,0.019450,"Intermediario"
"36.0_134.0","36.0_134.0",36.3824,134.5586,1.943450,"Intermediario"
"12.0_-121.0","12.0_-121.0",12.3800,-120.2200,0.000000,"Intermediario"
"27.0_-65.0","27.0_-65.0",27.5400,-64.4400,0.062600,"Intermediario"
"39.0_-146.0","39.0_-146.0",39.0000,-145.6300,0.050900,"Intermediario"
"-15.0_-144.0","-15.0_-144.0",-14.0300,-143.0100,0.016400,"Intermediario"
"51.0_1.0","51.0_1.0",51.0005,1.7255,0.014000,"Intermediario"
"49.0_-13.0","49.0_-13.0",49.4461,-12.4859,6.166667,"Intermediario"
"44.0_-14.0","44.0_-14.0",44.2300,-13.5200,0.006310,"Intermediario"
"2.0_141.0","2.0_141.0",2.5335,141.5675,0.014827,"Intermediario"
"10.0_-76.0","10.0_-76.0",10.5300,-75.9200,0.000000,"Intermediario"
"27.0_-78.0","27.0_-78.0",27.5200,-77.4800,0.083200,"Intermediario"
"19.0_141.0","19.0_141.0",19.2183,141.1351,0.187487,"Intermediario"
"-34.0_11.0","-34.0_11.0",-33.7817,11.3967,0.270000,"Intermediario"
"12.0_-70.0","12.0_-70.0",12.5525,-69.4050,0.002575,"Intermediario"
"14.0_-119.0","14.0_-119.0",14.5400,-118.7800,0.041500,"Intermediario"
"41.0_-149.0","41.0_-149.0",41.6100,-148.6800,0.020700,"Intermediario"
"20.0_-59.0","20.0_-59.0",20.6800,-58.6117,0.006270,"Intermediario"
"32.0_-140.0","32.0_-140.0",32.0300,-139.3917,0.885250,"Intermediario"
"29.0_-72.0","29.0_-72.0",29.2280,-71.6600,0.038440,"Intermediario"
"39.0_-159.0","39.0_-159.0",39.4100,-158.7200,0.034700,"Intermediario"
"51.0_-11.0","51.0_-11.0",51.4949,-10.6708,14.875000,"Intermediario"
"-37.0_154.0","-37.0_154.0",-36.7091,154.9950,0.002280,"Intermediario"
"-1.0_-131.0","-1.0_-131.0",-0.7100,-130.5650,0.000000,"Intermediario"
"-17.0_-150.0","-17.0_-150.0",-16.5746,-149.3985,0.001652,"Intermediario"
"10.0_-159.0","10.0_-159.0",10.5100,-158.9500,0.000000,"Intermediario"
"40.0_-66.0","40.0_-66.0",40.5200,-65.7230,0.003820,"Intermediario"
"20.0_-146.0","20.0_-146.0",20.3400,-145.2000,0.026100,"Intermediario"
"16.0_-80.0","16.0_-80.0",16.4369,-79.4708,0.003846,"Intermediario"
"37.0_-70.0","37.0_-70.0",37.3800,-69.4100,0.028433,"Intermediario"
"11.0_-78.0","11.0_-78.0",11.9500,-77.6800,0.001100,"Intermediario"
"-11.0_-140.0","-11.0_-140.0",-10.3600,-139.8900,0.000000,"Intermediario"
"30.0_135.0","30.0_135.0",30.4236,135.4408,0.055800,"Intermediario"
"43.0_139.0","43.0_139.0",43.3127,139.5316,2.480000,"Intermediario"
"-30.0_96.0","-30.0_96.0",-29.5800,96.3700,0.041900,"Intermediario"
"23.0_155.0","23.0_155.0",23.4111,155.2311,0.022800,"Intermediario"
"20.0_-82.0","20.0_-82.0",20.3750,-81.7650,0.001080,"Intermediario"
"28.0_-66.0","28.0_-66.0",28.4600,-65.3833,0.042467,"Intermediario"
"29.0_169.0","29.0_169.0",29.1979,169.8263,0.029600,"Intermediario"
"14.0_-118.0","14.0_-118.0",14.6800,-117.3800,0.001605,"Intermediario"
"7.0_-149.0","7.0_-149.0",7.9600,-148.4500,0.000000,"Intermediario"
"1.0_-145.0","1.0_-145.0",1.5600,-144.1200,0.000000,"Intermediario"
"13.0_141.0","13.0_141.0",13.4993,141.1555,0.001940,"Intermediario"
"-17.0_0.0","-17.0_0.0",-16.4347,0.8792,0.011400,"Intermediario"
"43.0_-5.0","43.0_-5.0",43.4843,-4.3512,0.252000,"Intermediario"
"36.0_-64.0","36.0_-64.0",36.5686,-63.5843,0.057729,"Intermediario"
"32.0_-122.0","32.0_-122.0",32.4918,-121.3475,0.048494,"Intermediario"
"54.0_-5.0","54.0_-5.0",54.6541,-4.4091,0.087619,"Intermediario"
"5.0_85.0","5.0_85.0",5.9323,85.3530,0.002765,"Intermediario"
"40.0_-65.0","40.0_-65.0",40.3386,-64.3971,0.015814,"Intermediario"
"-3.0_-128.0","-3.0_-128.0",-2.2100,-127.8300,0.000000,"Intermediario"
"36.0_-7.0","36.0_-7.0",36.0347,-6.6471,0.002050,"Intermediario"
"-7.0_-136.0","-7.0_-136.0",-6.8600,-135.8000,0.000000,"Intermediario"
"10.0_-59.0","10.0_-59.0",10.6350,-58.4300,0.000765,"Intermediario"
"23.0_-72.0","23.0_-72.0",23.2867,-71.4100,0.026167,"Intermediario"
"71.0_174.0","71.0_174.0",71.1588,174.8095,0.000000,"Intermediario"
"6.0_-122.0","6.0_-122.0",6.4400,-121.4450,0.000000,"Intermediario"
"-7.0_99.0","-7.0_99.0",-6.7269,99.3243,0.022400,"Intermediario"
"66.0_40.0","66.0_40.0",66.1312,40.2519,0.000000,"Intermediario"
"-59.0_-14.0","-59.0_-14.0",-58.6573,-13.9496,0.000000,"Intermediario"
"23.0_-153.0","23.0_-153.0",23.5838,-152.0133,0.026000,"Intermediario"
"-12.0_86.0","-12.0_86.0",-11.6593,86.3038,0.394100,"Intermediario"
"29.0_-120.0","29.0_-120.0",29.5767,-119.7067,0.000000,"Intermediario"
"15.0_-61.0","15.0_-61.0",15.6600,-60.4620,0.006576,"Intermediario"
"3.0_-128.0","3.0_-128.0",3.1700,-127.4800,0.000000,"Intermediario"
"39.0_139.0","39.0_139.0",39.5951,139.2275,1.151367,"Intermediario"
"17.0_-156.0","17.0_-156.0",17.5625,-155.3475,0.001674,"Intermediario"
"31.0_-152.0","31.0_-152.0",31.2000,-151.6300,0.018600,"Intermediario"
"40.0_-134.0","40.0_-134.0",40.3450,-133.3000,0.075800,"Intermediario"
"14.0_160.0","14.0_160.0",14.5523,160.7231,0.012400,"Intermediario"
"-13.0_141.0","-13.0_141.0",-12.2819,141.6246,0.003317,"Intermediario"
"29.0_-177.0","29.0_-177.0",29.2250,-176.5800,0.030750,"Intermediario"
"51.0_-9.0","51.0_-9.0",51.4036,-8.3526,63.300000,"Intermediario"
"-2.0_-158.0","-2.0_-158.0",-1.2200,-157.8500,0.001320,"Intermediario"
"24.0_-69.0","24.0_-69.0",24.3500,-68.2700,0.023365,"Intermediario"
"33.0_-136.0","33.0_-136.0",33.5050,-135.5950,12.320400,"Intermediario"
"41.0_-84.0","41.0_-84.0",41.8015,-83.0870,0.083490,"Intermediario"
"0.0_-131.0","0.0_-131.0",0.2300,-130.6100,0.000000,"Intermediario"
"-27.0_-115.0","-27.0_-115.0",-26.5353,-114.8312,0.001330,"Intermediario"
"33.0_-42.0","33.0_-42.0",33.0022,-41.2924,0.418000,"Intermediario"
"45.0_177.0","45.0_177.0",45.1317,177.9000,0.036300,"Intermediario"
"40.0_-147.0","40.0_-147.0",40.4386,-146.6051,0.048900,"Intermediario"
"-1.0_-158.0","-1.0_-158.0",-0.2150,-157.5000,0.000000,"Intermediario"
"-16.0_-150.0","-16.0_-150.0",-15.7867,-149.3200,0.001063,"Intermediario"
"19.0_-109.0","19.0_-109.0",19.2300,-108.4750,0.005410,"Intermediario"
"-35.0_10.0","-35.0_10.0",-34.4926,10.1838,0.158000,"Intermediario"
"-8.0_90.0","-8.0_90.0",-7.2394,90.5055,0.313000,"Intermediario"
"29.0_-146.0","29.0_-146.0",29.4000,-145.8700,0.746333,"Intermediario"
"-68.0_145.0","-68.0_145.0",-67.1702,145.7227,0.000000,"Intermediario"
"39.0_-74.0","39.0_-74.0",39.1250,-73.7250,0.002160,"Intermediario"
"71.0_-141.0","71.0_-141.0",71.4784,-140.1022,0.005080,"Intermediario"
"-8.0_-172.0","-8.0_-172.0",-7.0400,-171.4700,0.000000,"Intermediario"
"31.0_-48.0","31.0_-48.0",31.2709,-47.1780,0.488000,"Intermediario"
"7.0_-136.0","7.0_-136.0",7.4700,-135.1400,0.000000,"Intermediario"
"12.0_-148.0","12.0_-148.0",12.3920,-147.3260,0.000897,"Intermediario"
"76.0_125.0","76.0_125.0",76.2367,125.2552,0.000000,"Intermediario"
"25.0_-111.0","25.0_-111.0",25.4309,-110.4555,0.000687,"Intermediario"
"-34.0_-13.0","-34.0_-13.0",-33.2573,-12.4862,0.052600,"Intermediario"
"19.0_-71.0","19.0_-71.0",19.9283,-70.4000,0.020200,"Intermediario"
"11.0_-65.0","11.0_-65.0",11.5758,-64.5400,0.002300,"Intermediario"
"-2.0_-145.0","-2.0_-145.0",-1.1233,-144.5800,0.000000,"Intermediario"
"17.0_-77.0","17.0_-77.0",17.4048,-76.4033,0.017302,"Intermediario"
"-8.0_-119.0","-8.0_-119.0",-7.5000,-118.1900,0.000000,"Intermediario"
"45.0_-59.0","45.0_-59.0",45.3025,-58.5075,0.020525,"Intermediario"
"21.0_-48.0","21.0_-48.0",21.7400,-47.7900,0.034200,"Intermediario"
"32.0_-166.0","32.0_-166.0",32.3841,-165.5905,0.105150,"Intermediario"
"26.0_-81.0","26.0_-81.0",26.1200,-80.0100,0.002200,"Intermediario"
"47.0_-7.0","47.0_-7.0",47.2491,-6.2024,3.500000,"Intermediario"
"30.0_-151.0","30.0_-151.0",30.8467,-150.6267,0.046780,"Intermediario"
"19.0_-162.0","19.0_-162.0",19.8300,-161.6800,0.007980,"Intermediario"
"37.0_11.0","37.0_11.0",37.3963,11.7123,3.260000,"Intermediario"
"39.0_17.0","39.0_17.0",39.3338,17.8200,5.940000,"Intermediario"
"32.0_-67.0","32.0_-67.0",32.1840,-66.6300,0.024196,"Intermediario"
"25.0_-57.0","25.0_-57.0",25.4483,-56.2883,0.060417,"Intermediario"
"41.0_-18.0","41.0_-18.0",41.2400,-17.1400,0.000000,"Intermediario"
"34.0_-125.0","34.0_-125.0",34.7250,-124.2200,0.001310,"Intermediario"
"-24.0_-38.0","-24.0_-38.0",-23.7290,-37.4867,0.010500,"Intermediario"
"30.0_-65.0","30.0_-65.0",30.5880,-64.6610,0.190730,"Intermediario"
"22.0_123.0","22.0_123.0",22.9013,123.8240,0.012100,"Intermediario"
"1.0_-158.0","1.0_-158.0",1.6430,-157.5980,0.000000,"Intermediario"
"-35.0_8.0","-35.0_8.0",-34.5089,8.3329,0.063400,"Intermediario"
"5.0_-121.0","5.0_-121.0",5.7600,-120.6400,0.000000,"Intermediario"
"16.0_-111.0","16.0_-111.0",16.6450,-110.4100,0.000493,"Intermediario"
"31.0_140.0","31.0_140.0",31.5241,140.1045,0.063924,"Intermediario"
"34.0_-61.0","34.0_-61.0",34.8600,-60.8700,0.004320,"Intermediario"
"-40.0_148.0","-40.0_148.0",-39.6480,148.8753,0.000000,"Intermediario"
"30.0_-164.0","30.0_-164.0",30.5422,-163.2292,0.065000,"Intermediario"
"41.0_-71.0","41.0_-71.0",41.3291,-70.7100,0.004935,"Intermediario"
"56.0_-162.0","56.0_-162.0",56.2303,-161.7058,0.008350,"Intermediario"
"-32.0_-9.0","-32.0_-9.0",-31.6387,-8.0787,0.314000,"Intermediario"
"42.0_142.0","42.0_142.0",42.0891,142.3301,0.185000,"Intermediario"
"-26.0_-28.0","-26.0_-28.0",-25.8700,-27.5700,0.076000,"Intermediario"
"13.0_-118.0","13.0_-118.0",13.3100,-117.7800,0.002120,"Intermediario"
"-44.0_145.0","-44.0_145.0",-43.5716,145.7918,0.043125,"Intermediario"
"38.0_-146.0","38.0_-146.0",38.1700,-145.2000,0.301000,"Intermediario"
"43.0_-69.0","43.0_-69.0",43.4165,-68.5575,0.005766,"Intermediario"
"-32.0_6.0","-32.0_6.0",-31.8300,6.8600,0.072300,"Intermediario"
"33.0_138.0","33.0_138.0",33.2515,138.2887,0.040422,"Intermediario"
"23.0_-166.0","23.0_-166.0",23.7800,-165.1500,0.001230,"Intermediario"
"15.0_-74.0","15.0_-74.0",15.6767,-73.4933,0.013500,"Intermediario"
"28.0_-79.0","28.0_-79.0",28.4100,-78.5991,0.004821,"Intermediario"
"40.0_148.0","40.0_148.0",40.4673,148.6548,0.027000,"Intermediario"
"-31.0_-22.0","-31.0_-22.0",-30.2798,-21.8330,0.228000,"Intermediario"
"27.0_-130.0","27.0_-130.0",27.4500,-129.4000,0.000000,"Intermediario"
"32.0_-41.0","32.0_-41.0",32.1936,-40.6542,0.132000,"Intermediario"
"-2.0_-132.0","-2.0_-132.0",-1.4200,-131.6900,0.000000,"Intermediario"
"35.0_-139.0","35.0_-139.0",35.7630,-138.6426,0.505000,"Intermediario"
"26.0_-76.0","26.0_-76.0",26.2671,-75.4136,0.036879,"Intermediario"
"44.0_-88.0","44.0_-88.0",44.4817,-87.5416,0.058270,"Intermediario"
"10.0_-94.0","10.0_-94.0",10.2600,-93.0100,0.002160,"Intermediario"
"18.0_-108.0","18.0_-108.0",18.4600,-107.4100,0.000000,"Intermediario"
"-10.0_-152.0","-10.0_-152.0",-9.7100,-151.5300,0.001040,"Intermediario"
"37.0_135.0","37.0_135.0",37.4166,135.8183,0.365200,"Intermediario"
"18.0_-78.0","18.0_-78.0",18.7394,-77.5438,0.039106,"Intermediario"
"48.0_-12.0","48.0_-12.0",48.3229,-11.5264,5.800000,"Intermediario"
"77.0_71.0","77.0_71.0",77.9124,71.7458,0.457000,"Intermediario"
"-9.0_-139.0","-9.0_-139.0",-8.4450,-138.6150,0.000535,"Intermediario"
"12.0_-66.0","12.0_-66.0",12.4700,-65.3567,0.002167,"Intermediario"
"-16.0_145.0","-16.0_145.0",-15.0228,145.3894,0.022900,"Intermediario"
"33.0_-118.0","33.0_-118.0",33.4136,-117.8436,0.114350,"Intermediario"
"29.0_-151.0","29.0_-151.0",29.8300,-151.0000,0.116000,"Intermediario"
"-13.0_-143.0","-13.0_-143.0",-12.5000,-142.3550,0.000000,"Intermediario"
"-55.0_-51.0","-55.0_-51.0",-54.9938,-50.0454,0.000000,"Intermediario"
"-23.0_-37.0","-23.0_-37.0",-22.9500,-36.9200,0.063200,"Intermediario"
"0.0_-157.0","0.0_-157.0",0.6400,-156.2700,0.000856,"Intermediario"
"29.0_-54.0","29.0_-54.0",29.1448,-53.6458,0.258000,"Intermediario"
"14.0_-149.0","14.0_-149.0",14.7700,-148.7300,0.002700,"Intermediario"
"31.0_-121.0","31.0_-121.0",31.3899,-120.6073,0.039844,"Intermediario"
"-3.0_-102.0","-3.0_-102.0",-2.5300,-101.9900,0.000000,"Intermediario"
"21.0_-70.0","21.0_-70.0",21.5567,-69.4856,0.014127,"Intermediario"
"22.0_-71.0","22.0_-71.0",22.5757,-70.5300,0.015780,"Intermediario"
"26.0_-160.0","26.0_-160.0",26.2700,-159.0100,0.005930,"Intermediario"
"30.0_-21.0","30.0_-21.0",30.9700,-20.6500,0.011800,"Intermediario"
"20.0_-64.0","20.0_-64.0",20.0300,-64.0000,0.025200,"Intermediario"
"13.0_-67.0","13.0_-67.0",13.0800,-66.5000,0.007900,"Intermediario"
"-9.0_97.0","-9.0_97.0",-8.1248,97.4447,0.076100,"Intermediario"
"38.0_138.0","38.0_138.0",38.6871,138.4785,3.552860,"Intermediario"
"37.0_24.0","37.0_24.0",37.8000,24.4143,0.057143,"Intermediario"
"23.0_-171.0","23.0_-171.0",23.6300,-170.0700,0.007620,"Intermediario"
"17.0_-59.0","17.0_-59.0",17.5140,-58.4840,0.007880,"Intermediario"
"52.0_-8.0","52.0_-8.0",52.0545,-7.2088,31.312500,"Intermediario"
"50.0_-2.0","50.0_-2.0",50.2253,-1.4569,0.059500,"Intermediario"
"60.0_-3.0","60.0_-3.0",60.7192,-2.7591,7.000000,"Intermediario"
"16.0_-58.0","16.0_-58.0",16.4180,-57.8840,0.000000,"Intermediario"
"30.0_-78.0","30.0_-78.0",30.1500,-77.7100,0.000000,"Intermediario"
"15.0_131.0","15.0_131.0",15.3859,131.4926,0.099350,"Intermediario"
"-40.0_135.0","-40.0_135.0",-39.2300,135.1400,0.007820,"Intermediario"
"16.0_132.0","16.0_132.0",16.8024,132.7009,1.150000,"Intermediario"
"-29.0_-25.0","-29.0_-25.0",-28.5773,-24.9763,0.006960,"Intermediario"
"31.0_-79.0","31.0_-79.0",31.4950,-78.8550,0.000000,"Intermediario"
"-39.0_131.0","-39.0_131.0",-38.5700,131.5000,0.000000,"Intermediario"
"-30.0_-21.0","-30.0_-21.0",-29.9482,-20.7120,0.174000,"Intermediario"
"25.0_-75.0","25.0_-75.0",25.5354,-74.6508,0.045169,"Intermediario"
"28.0_-128.0","28.0_-128.0",28.4900,-127.3100,0.000000,"Intermediario"
"-14.0_-144.0","-14.0_-144.0",-13.3833,-143.3367,0.000000,"Intermediario"
"36.0_12.0","36.0_12.0",36.7544,12.0353,0.029500,"Intermediario"
"12.0_-79.0","12.0_-79.0",12.3250,-78.2600,0.000000,"Intermediario"
"-9.0_-126.0","-9.0_-126.0",-8.1300,-125.5600,0.000000,"Intermediario"
"12.0_-117.0","12.0_-117.0",12.6900,-116.9000,0.003240,"Intermediario"
"18.0_-65.0","18.0_-65.0",18.3789,-64.4986,0.003608,"Intermediario"
"-36.0_-46.0","-36.0_-46.0",-35.0820,-45.0112,0.108000,"Intermediario"
"19.0_-131.0","19.0_-131.0",19.5000,-130.0300,0.007650,"Intermediario"
"32.0_-135.0","32.0_-135.0",32.1206,-134.2315,20.000000,"Intermediario"
"-13.0_85.0","-13.0_85.0",-12.0931,85.9873,0.118000,"Intermediario"
"3.0_-146.0","3.0_-146.0",3.7100,-145.9800,0.000000,"Intermediario"
"38.0_-71.0","38.0_-71.0",38.5533,-70.5600,0.001433,"Intermediario"
"-12.0_-149.0","-12.0_-149.0",-11.7400,-148.4200,0.000000,"Intermediario"
"0.0_-144.0","0.0_-144.0",0.5500,-143.5833,0.000360,"Intermediario"
"29.0_-67.0","29.0_-67.0",29.7000,-66.8000,0.062600,"Intermediario"
"28.0_140.0","28.0_140.0",28.5226,140.5419,0.038340,"Intermediario"
"-3.0_-133.0","-3.0_-133.0",-2.3867,-132.4400,0.000000,"Intermediario"
"34.0_-156.0","34.0_-156.0",34.0300,-155.8500,0.008710,"Intermediario"
"26.0_146.0","26.0_146.0",26.9953,146.5467,0.062000,"Intermediario"
"38.0_-128.0","38.0_-128.0",38.8200,-127.1000,0.009710,"Intermediario"
"-35.0_176.0","-35.0_176.0",-34.0600,176.0200,0.000000,"Intermediario"
"-1.0_-127.0","-1.0_-127.0",-0.5900,-126.0300,0.000000,"Intermediario"
"43.0_-87.0","43.0_-87.0",43.7177,-86.7597,0.100800,"Intermediario"
"8.0_-154.0","8.0_-154.0",8.1100,-153.8700,0.000000,"Intermediario"
"-34.0_2.0","-34.0_2.0",-33.8200,2.2640,0.185000,"Intermediario"
"37.0_-65.0","37.0_-65.0",37.4475,-64.6662,0.155825,"Intermediario"
"-8.0_-141.0","-8.0_-141.0",-7.6400,-140.6273,0.000098,"Intermediario"
"11.0_-121.0","11.0_-121.0",11.1800,-120.2500,0.000000,"Intermediario"
"44.0_-130.0","44.0_-130.0",44.0675,-129.0192,0.005867,"Intermediario"
"31.0_-165.0","31.0_-165.0",31.6068,-164.2543,0.186000,"Intermediario"
"44.0_-62.0","44.0_-62.0",44.3394,-61.6294,0.008086,"Intermediario"
"40.0_-129.0","40.0_-129.0",40.3100,-128.9700,0.000000,"Intermediario"
"-29.0_-12.0","-29.0_-12.0",-28.6500,-11.8100,0.823000,"Intermediario"
"43.0_8.0","43.0_8.0",43.4427,8.4193,0.095000,"Intermediario"
"37.0_-52.0","37.0_-52.0",37.2700,-51.3200,0.025950,"Intermediario"
"40.0_-70.0","40.0_-70.0",40.4100,-69.5394,0.009297,"Intermediario"
"53.0_-13.0","53.0_-13.0",53.6422,-12.4629,7.125000,"Intermediario"
"33.0_-60.0","33.0_-60.0",33.3800,-59.7200,0.016200,"Intermediario"
"11.0_-134.0","11.0_-134.0",11.9800,-133.9300,0.000578,"Intermediario"
"-8.0_-154.0","-8.0_-154.0",-7.4600,-153.2100,0.003630,"Intermediario"
"31.0_-66.0","31.0_-66.0",31.5136,-65.4979,0.128036,"Intermediario"
"1.0_-127.0","1.0_-127.0",1.3200,-126.6850,0.000000,"Intermediario"
"-27.0_-29.0","-27.0_-29.0",-26.6971,-28.0910,0.004940,"Intermediario"
"34.0_131.0","34.0_131.0",34.7525,131.2626,1.318250,"Intermediario"
"-6.0_-135.0","-6.0_-135.0",-5.4450,-134.6100,0.000000,"Intermediario"
"-49.0_9.0","-49.0_9.0",-48.9867,9.0250,0.000000,"Intermediario"
"61.0_-55.0","61.0_-55.0",61.5225,-54.0108,0.026400,"Intermediario"
"42.0_-68.0","42.0_-68.0",42.2883,-67.6217,0.004599,"Intermediario"
"17.0_-112.0","17.0_-112.0",17.5267,-111.5367,0.003397,"Intermediario"
"38.0_9.0","38.0_9.0",38.4161,9.5499,2.173333,"Intermediario"
"21.0_-83.0","21.0_-83.0",21.0800,-82.5200,0.004300,"Intermediario"
"20.0_-51.0","20.0_-51.0",20.8000,-50.1400,0.029000,"Intermediario"
"25.0_127.0","25.0_127.0",25.5219,127.6507,0.277150,"Intermediario"
"-25.0_-127.0","-25.0_-127.0",-24.4952,-126.6168,0.017600,"Intermediario"
"32.0_-148.0","32.0_-148.0",32.2652,-147.5894,0.096300,"Intermediario"
"41.0_141.0","41.0_141.0",41.4960,141.5569,4.911860,"Intermediario"
"38.0_18.0","38.0_18.0",38.6743,18.2640,0.486000,"Intermediario"
"24.0_-110.0","24.0_-110.0",24.4406,-109.5744,0.003479,"Intermediario"
"32.0_137.0","32.0_137.0",32.6399,137.2397,0.108422,"Intermediario"
"34.0_-143.0","34.0_-143.0",34.2826,-142.0820,2.606500,"Intermediario"
"-35.0_121.0","-35.0_121.0",-34.6063,121.8097,0.000750,"Intermediario"
"-10.0_87.0","-10.0_87.0",-9.5388,87.4095,0.353250,"Intermediario"
"31.0_-65.0","31.0_-65.0",31.7244,-64.4705,0.023400,"Intermediario"
"28.0_-126.0","28.0_-126.0",28.2700,-125.6000,0.049450,"Intermediario"
"29.0_172.0","29.0_172.0",29.4129,172.0143,0.036600,"Intermediario"
"19.0_-66.0","19.0_-66.0",19.5417,-65.0917,0.004480,"Intermediario"
"18.0_-130.0","18.0_-130.0",18.2800,-129.4300,0.000000,"Intermediario"
"3.0_-121.0","3.0_-121.0",3.4800,-120.5600,0.000000,"Intermediario"
"-45.0_-63.0","-45.0_-63.0",-44.7700,-62.2700,0.000070,"Intermediario"
"57.0_-8.0","57.0_-8.0",57.6093,-7.7773,1.763200,"Intermediario"
"36.0_140.0","36.0_140.0",36.4277,140.8439,1.314800,"Intermediario"
"27.0_136.0","27.0_136.0",27.4596,136.3477,0.174400,"Intermediario"
"31.0_-149.0","31.0_-149.0",31.9100,-148.7900,0.066200,"Intermediario"
"58.0_-11.0","58.0_-11.0",58.6319,-10.5564,8.600000,"Intermediario"
"39.0_-132.0","39.0_-132.0",39.7250,-131.3700,0.018605,"Intermediario"
"-2.0_-151.0","-2.0_-151.0",-1.5700,-150.4450,0.000000,"Intermediario"
"36.0_-127.0","36.0_-127.0",36.2544,-126.7121,0.009000,"Intermediario"
"-7.0_-140.0","-7.0_-140.0",-6.4050,-139.7950,0.000000,"Intermediario"
"30.0_-146.0","30.0_-146.0",30.2063,-145.4850,0.636088,"Intermediario"
"38.0_-73.0","38.0_-73.0",38.4450,-72.3800,0.000000,"Intermediario"
"29.0_-69.0","29.0_-69.0",29.3964,-68.6143,0.053021,"Intermediario"
"-31.0_-98.0","-31.0_-98.0",-30.2413,-97.0948,0.062400,"Intermediario"
"41.0_-68.0","41.0_-68.0",41.6738,-67.3825,0.004125,"Intermediario"
"9.0_-85.0","9.0_-85.0",9.5500,-84.9700,0.000000,"Intermediario"
"22.0_-110.0","22.0_-110.0",22.7167,-109.5633,0.002917,"Intermediario"
"21.0_-84.0","21.0_-84.0",21.4700,-83.9200,0.000000,"Intermediario"
"13.0_-141.0","13.0_-141.0",13.1550,-140.5600,0.000000,"Intermediario"
"28.0_-70.0","28.0_-70.0",28.5233,-69.5483,0.046033,"Intermediario"
"10.0_-158.0","10.0_-158.0",10.3700,-157.5400,0.000000,"Intermediario"
"-4.0_-135.0","-4.0_-135.0",-3.0800,-134.4800,0.000820,"Intermediario"
"-8.0_-143.0","-8.0_-143.0",-7.2400,-142.6300,0.000000,"Intermediario"
"10.0_-64.0","10.0_-64.0",10.9133,-63.4567,0.002867,"Intermediario"
"24.0_-73.0","24.0_-73.0",24.4222,-72.5889,0.008100,"Intermediario"
"15.0_-112.0","15.0_-112.0",15.9400,-111.1600,0.001350,"Intermediario"
"-29.0_-105.0","-29.0_-105.0",-28.5805,-104.3963,0.158000,"Intermediario"
"15.0_-69.0","15.0_-69.0",15.4833,-68.7567,0.001370,"Intermediario"
"-35.0_17.0","-35.0_17.0",-34.5657,17.2862,0.007350,"Intermediario"
"11.0_-94.0","11.0_-94.0",11.3300,-93.8900,0.000000,"Intermediario"
"54.0_-16.0","54.0_-16.0",54.6030,-15.2602,0.020000,"Intermediario"
"-20.0_117.0","-20.0_117.0",-19.4717,117.4471,0.001931,"Intermediario"
"21.0_136.0","21.0_136.0",21.8733,136.0033,0.116000,"Intermediario"
"-3.0_-132.0","-3.0_-132.0",-2.9700,-131.6800,0.001080,"Intermediario"
"19.0_-53.0","19.0_-53.0",19.9900,-52.6400,0.000000,"Intermediario"
"-26.0_104.0","-26.0_104.0",-25.1299,104.9520,0.088000,"Intermediario"
"-9.0_-157.0","-9.0_-157.0",-8.3500,-156.0700,0.001250,"Intermediario"
"35.0_-124.0","35.0_-124.0",35.7350,-123.4850,0.000000,"Intermediario"
"38.0_-151.0","38.0_-151.0",38.3800,-150.1550,0.097450,"Intermediario"
"30.0_140.0","30.0_140.0",30.3693,140.2676,0.031551,"Intermediario"
"13.0_-97.0","13.0_-97.0",13.8000,-96.1400,0.000000,"Intermediario"
"39.0_-26.0","39.0_-26.0",39.7700,-25.3700,0.040100,"Intermediario"
"44.0_-57.0","44.0_-57.0",44.9500,-56.8700,0.002150,"Intermediario"
"16.0_-77.0","16.0_-77.0",16.4115,-76.5215,0.000762,"Intermediario"
"25.0_-81.0","25.0_-81.0",25.2614,-80.0486,0.002703,"Intermediario"
"40.0_3.0","40.0_3.0",40.9496,3.3205,3.612000,"Intermediario"
"21.0_-151.0","21.0_-151.0",21.0600,-150.3200,0.062600,"Intermediario"
"17.0_-81.0","17.0_-81.0",17.3414,-80.3336,0.003971,"Intermediario"
"26.0_128.0","26.0_128.0",26.4489,128.4235,0.313660,"Intermediario"
"2.0_-131.0","2.0_-131.0",2.4300,-130.4600,0.001020,"Intermediario"
"-15.0_89.0","-15.0_89.0",-14.7504,89.7556,0.109750,"Intermediario"
"18.0_141.0","18.0_141.0",18.5358,141.1992,0.049575,"Intermediario"
"-1.0_-161.0","-1.0_-161.0",-0.3400,-160.1450,0.000000,"Intermediario"
"11.0_133.0","11.0_133.0",11.4454,133.5340,0.232430,"Intermediario"
"41.0_-55.0","41.0_-55.0",41.7000,-54.1500,0.043200,"Intermediario"
"27.0_-125.0","27.0_-125.0",27.5800,-124.5300,0.000000,"Intermediario"
"5.0_-88.0","5.0_-88.0",5.4933,-87.2300,0.000720,"Intermediario"
"33.0_-142.0","33.0_-142.0",33.5398,-141.4370,0.359520,"Intermediario"
"6.0_90.0","6.0_90.0",6.6318,90.5578,0.002320,"Intermediario"
"19.0_-79.0","19.0_-79.0",19.4250,-78.6788,0.010750,"Intermediario"
"-42.0_144.0","-42.0_144.0",-41.9192,144.5398,0.020720,"Intermediario"
"-35.0_-16.0","-35.0_-16.0",-34.3330,-15.9772,0.165000,"Intermediario"
"27.0_-84.0","27.0_-84.0",27.1200,-83.2700,0.000000,"Intermediario"
"25.0_-119.0","25.0_-119.0",25.5500,-118.7000,0.001070,"Intermediario"
"31.0_135.0","31.0_135.0",31.2500,135.5000,0.548400,"Intermediario"
"30.0_-159.0","30.0_-159.0",30.3542,-158.5551,0.084700,"Intermediario"
"42.0_-153.0","42.0_-153.0",42.2500,-152.8700,0.002540,"Intermediario"
"6.0_-117.0","6.0_-117.0",6.8400,-116.8400,0.000000,"Intermediario"
"12.0_-151.0","12.0_-151.0",12.2500,-150.2100,0.000000,"Intermediario"
"45.0_-3.0","45.0_-3.0",45.5883,-2.5367,0.077200,"Intermediario"
"11.0_-148.0","11.0_-148.0",11.5800,-147.7800,0.000000,"Intermediario"
"31.0_-123.0","31.0_-123.0",31.5381,-122.4845,0.103222,"Intermediario"
"40.0_-140.0","40.0_-140.0",40.7800,-139.8500,0.005560,"Intermediario"
"14.0_131.0","14.0_131.0",14.6967,131.1611,0.030500,"Intermediario"
"-22.0_173.0","-22.0_173.0",-21.2882,173.5690,0.003028,"Intermediario"
"3.0_142.0","3.0_142.0",3.0197,142.5559,1.317773,"Intermediario"
"-8.0_99.0","-8.0_99.0",-7.6132,99.4696,0.065300,"Intermediario"
"-18.0_-152.0","-18.0_-152.0",-17.2300,-151.5325,0.000000,"Intermediario"
"60.0_0.0","60.0_0.0",60.5899,0.6263,0.020650,"Intermediario"
"-32.0_110.0","-32.0_110.0",-31.1500,110.1700,0.000000,"Intermediario"
"-28.0_-19.0","-28.0_-19.0",-27.5500,-18.0900,0.424000,"Intermediario"
"36.0_-180.0","36.0_-180.0",36.2887,-179.4705,0.214500,"Intermediario"
"15.0_-125.0","15.0_-125.0",15.9100,-124.4700,0.006480,"Intermediario"
"24.0_-86.0","24.0_-86.0",24.6750,-85.0750,0.014050,"Intermediario"
"35.0_132.0","35.0_132.0",35.6011,132.3386,0.813500,"Intermediario"
"14.0_-153.0","14.0_-153.0",14.6200,-152.2700,0.000000,"Intermediario"
"-4.0_-148.0","-4.0_-148.0",-3.6900,-147.0100,0.000000,"Intermediario"
"5.0_-118.0","5.0_-118.0",5.7900,-117.7700,0.000000,"Intermediario"
"32.0_-170.0","32.0_-170.0",32.5552,-169.6959,0.054200,"Intermediario"
"2.0_-144.0","2.0_-144.0",2.4200,-143.3333,0.000000,"Intermediario"
"45.0_-52.0","45.0_-52.0",45.3750,-51.9600,0.004300,"Intermediario"
"10.0_-132.0","10.0_-132.0",10.3900,-131.6650,0.001278,"Intermediario"
"-37.0_135.0","-37.0_135.0",-36.0475,135.6838,0.003775,"Intermediario"
"29.0_-38.0","29.0_-38.0",29.1440,-37.2309,0.046800,"Intermediario"
"32.0_156.0","32.0_156.0",32.8112,156.4986,0.003760,"Intermediario"
"57.0_-12.0","57.0_-12.0",57.5727,-11.1983,13.666667,"Intermediario"
"27.0_-79.0","27.0_-79.0",27.7125,-78.5288,0.017913,"Intermediario"
"28.0_135.0","28.0_135.0",28.3900,135.5044,0.040500,"Intermediario"
"8.0_-149.0","8.0_-149.0",8.6400,-148.1300,0.002160,"Intermediario"
"-5.0_-134.0","-5.0_-134.0",-4.3150,-133.9500,0.000000,"Intermediario"
"-6.0_-141.0","-6.0_-141.0",-5.7540,-140.5740,0.000216,"Intermediario"
"32.0_-152.0","32.0_-152.0",32.5700,-151.6900,0.176000,"Intermediario"
"35.0_-142.0","35.0_-142.0",35.3519,-141.4200,2.244143,"Intermediario"
"42.0_-140.0","42.0_-140.0",42.1700,-139.9400,0.016600,"Intermediario"
"31.0_122.0","31.0_122.0",31.6664,122.6446,0.301667,"Intermediario"
"-33.0_-31.0","-33.0_-31.0",-32.8310,-30.8133,0.108000,"Intermediario"
"-14.0_-2.0","-14.0_-2.0",-13.1209,-1.8483,0.024100,"Intermediario"
"50.0_-141.0","50.0_-141.0",50.5600,-140.8900,0.000000,"Intermediario"
"-9.0_-131.0","-9.0_-131.0",-8.6700,-130.2700,0.000000,"Intermediario"
"-3.0_-150.0","-3.0_-150.0",-2.5000,-149.4250,0.000000,"Intermediario"
"50.0_-9.0","50.0_-9.0",50.7348,-8.4744,20.333333,"Intermediario"
"30.0_166.0","30.0_166.0",30.4993,166.0763,0.049400,"Intermediario"
"13.0_-71.0","13.0_-71.0",13.7400,-70.7133,0.000933,"Intermediario"
"5.0_-136.0","5.0_-136.0",5.9500,-135.8800,0.000000,"Intermediario"
"51.0_-10.0","51.0_-10.0",51.4153,-9.4471,77.575000,"Origem"
"-33.0_-88.0","-33.0_-88.0",-32.5685,-87.4243,0.002340,"Intermediario"
"11.0_-63.0","11.0_-63.0",11.6344,-62.4394,0.000382,"Intermediario"
"38.0_-133.0","38.0_-133.0",38.5600,-132.3600,0.132000,"Intermediario"
"28.0_-144.0","28.0_-144.0",28.8011,-143.0573,0.064000,"Intermediario"
"-1.0_-91.0","-1.0_-91.0",-0.6900,-90.1700,0.000000,"Intermediario"
"73.0_-80.0","73.0_-80.0",73.0673,-79.6394,0.000000,"Intermediario"
"56.0_-10.0","56.0_-10.0",56.4836,-9.2536,4.947500,"Intermediario"
"58.0_-7.0","58.0_-7.0",58.3094,-6.4031,0.516293,"Intermediario"
"18.0_-112.0","18.0_-112.0",18.6250,-111.1750,0.000000,"Intermediario"
"17.0_-63.0","17.0_-63.0",17.4158,-62.7483,0.002798,"Intermediario"
"38.0_11.0","38.0_11.0",38.3216,11.7407,1.557333,"Intermediario"
"-11.0_86.0","-11.0_86.0",-10.4510,86.4925,0.241433,"Intermediario"
"34.0_-63.0","34.0_-63.0",34.1800,-62.6700,0.118650,"Intermediario"
"25.0_-59.0","25.0_-59.0",25.2633,-58.4600,0.024487,"Intermediario"
"2.0_-157.0","2.0_-157.0",2.8100,-156.5000,0.000000,"Intermediario"
"26.0_-157.0","26.0_-157.0",26.5900,-156.8200,0.004350,"Intermediario"
"5.0_-123.0","5.0_-123.0",5.2150,-122.5850,0.000000,"Intermediario"
"19.0_-159.0","19.0_-159.0",19.5760,-158.4050,0.003482,"Intermediario"
"36.0_-145.0","36.0_-145.0",36.6822,-144.8449,0.948000,"Intermediario"
"28.0_-157.0","28.0_-157.0",28.2500,-156.8700,0.024000,"Intermediario"
"37.0_-139.0","37.0_-139.0",37.2600,-138.0600,0.014000,"Intermediario"
"14.0_-26.0","14.0_-26.0",14.5200,-26.0000,0.011500,"Intermediario"
"-32.0_-7.0","-32.0_-7.0",-31.9295,-6.9890,0.033400,"Intermediario"
"-33.0_-6.0","-33.0_-6.0",-32.2780,-5.9515,0.248000,"Intermediario"
"40.0_-153.0","40.0_-153.0",40.5950,-152.3950,0.652585,"Intermediario"
"16.0_129.0","16.0_129.0",16.0327,129.2472,0.651400,"Intermediario"
"31.0_-118.0","31.0_-118.0",31.5400,-117.1800,0.011900,"Intermediario"
"-22.0_75.0","-22.0_75.0",-21.4145,75.2972,0.039800,"Intermediario"
"30.0_-70.0","30.0_-70.0",30.8022,-69.3511,0.028811,"Intermediario"
"-5.0_-147.0","-5.0_-147.0",-4.7200,-146.4800,0.000000,"Intermediario"
"32.0_-165.0","32.0_-165.0",32.6800,-164.6700,0.153000,"Intermediario"
"71.0_-154.0","71.0_-154.0",71.8749,-153.0754,0.000000,"Intermediario"
"21.0_-66.0","21.0_-66.0",21.3560,-65.6880,0.106480,"Intermediario"
"8.0_-136.0","8.0_-136.0",8.8300,-135.9700,0.000000,"Intermediario"
"-8.0_-125.0","-8.0_-125.0",-7.9200,-124.8500,0.000724,"Intermediario"
"30.0_-177.0","30.0_-177.0",30.2817,-176.8333,0.063800,"Intermediario"
"33.0_-155.0","33.0_-155.0",33.8800,-154.4650,0.210500,"Intermediario"
"38.0_141.0","38.0_141.0",38.4168,141.7218,1.109700,"Intermediario"
"48.0_-5.0","48.0_-5.0",48.8907,-4.7167,0.021000,"Intermediario"
"24.0_-173.0","24.0_-173.0",24.2600,-172.0900,0.015600,"Intermediario"
"-55.0_134.0","-55.0_134.0",-54.5604,134.5226,0.003880,"Intermediario"
"15.0_-130.0","15.0_-130.0",15.6300,-129.6300,0.000000,"Intermediario"
"9.0_-161.0","9.0_-161.0",9.3700,-160.6800,0.001800,"Intermediario"
"2.0_140.0","2.0_140.0",2.5868,140.2831,0.058420,"Intermediario"
"19.0_-128.0","19.0_-128.0",19.7200,-127.6100,0.000000,"Intermediario"
"-13.0_130.0","-13.0_130.0",-12.4088,130.1690,0.000000,"Intermediario"
"12.0_-71.0","12.0_-71.0",12.9467,-70.1933,0.001433,"Intermediario"
"-8.0_-138.0","-8.0_-138.0",-7.6050,-137.4600,0.000000,"Intermediario"
"7.0_-155.0","7.0_-155.0",7.8200,-154.1000,0.008430,"Intermediario"
"24.0_-60.0","24.0_-60.0",24.4233,-59.7600,0.081288,"Intermediario"
"21.0_118.0","21.0_118.0",21.0083,118.9903,0.072300,"Intermediario"
"39.0_23.0","39.0_23.0",39.3070,23.8270,0.466000,"Intermediario"
"23.0_-61.0","23.0_-61.0",23.4600,-60.4420,0.144560,"Intermediario"
"31.0_-70.0","31.0_-70.0",31.5433,-69.3783,0.063192,"Intermediario"
"20.0_-58.0","20.0_-58.0",20.5033,-57.6650,0.007115,"Intermediario"
"30.0_122.0","30.0_122.0",30.7486,122.5447,0.146025,"Intermediario"
"26.0_-126.0","26.0_-126.0",26.6000,-125.0400,0.000000,"Intermediario"
"38.0_-68.0","38.0_-68.0",38.5800,-67.5720,0.002160,"Intermediario"
"22.0_-66.0","22.0_-66.0",22.4400,-65.9067,0.002160,"Intermediario"
"32.0_130.0","32.0_130.0",32.6281,130.0084,0.493000,"Intermediario"
"-1.0_-130.0","-1.0_-130.0",-0.1800,-129.7000,0.000000,"Intermediario"
"10.0_-20.0","10.0_-20.0",10.6542,-19.9367,0.000000,"Intermediario"
"59.0_-7.0","59.0_-7.0",59.4621,-6.6033,9.250000,"Intermediario"
"26.0_-58.0","26.0_-58.0",26.6373,-57.6813,0.076271,"Intermediario"
"43.0_132.0","43.0_132.0",43.1955,132.1623,0.141833,"Intermediario"
"0.0_-160.0","0.0_-160.0",0.5950,-159.4500,0.000000,"Intermediario"
"15.0_-156.0","15.0_-156.0",15.2800,-155.2200,0.001060,"Intermediario"
"36.0_-70.0","36.0_-70.0",36.5000,-69.4200,0.117700,"Intermediario"
"35.0_-62.0","35.0_-62.0",35.4250,-61.8550,0.154070,"Intermediario"
"41.0_138.0","41.0_138.0",41.4672,138.6565,2.727500,"Intermediario"
"-1.0_-143.0","-1.0_-143.0",-0.4400,-142.4100,0.001620,"Intermediario"
"29.0_-60.0","29.0_-60.0",29.3659,-59.4094,0.066265,"Intermediario"
"16.0_-64.0","16.0_-64.0",16.6014,-63.5418,0.002558,"Intermediario"
"23.0_-74.0","23.0_-74.0",23.4475,-73.5056,0.019156,"Intermediario"
"39.0_-31.0","39.0_-31.0",39.1300,-30.7000,0.038100,"Intermediario"
"33.0_-168.0","33.0_-168.0",33.0201,-167.7574,0.187500,"Intermediario"
"27.0_-160.0","27.0_-160.0",27.3033,-159.5600,0.007577,"Intermediario"
"-13.0_143.0","-13.0_143.0",-12.0182,143.2755,0.019647,"Intermediario"
"27.0_-66.0","27.0_-66.0",27.5200,-65.0850,0.093050,"Intermediario"
"17.0_-109.0","17.0_-109.0",17.5500,-108.3200,0.024800,"Intermediario"
"36.0_-158.0","36.0_-158.0",36.1594,-157.5585,0.035800,"Intermediario"
"28.0_-52.0","28.0_-52.0",28.8400,-51.4854,0.173100,"Intermediario"
"43.0_-80.0","43.0_-80.0",43.4952,-79.2953,1.738000,"Intermediario"
"69.0_50.0","69.0_50.0",69.8239,50.5553,0.004500,"Intermediario"
"-10.0_-31.0","-10.0_-31.0",-9.1300,-30.1900,0.001580,"Intermediario"
"18.0_-156.0","18.0_-156.0",18.7298,-155.7645,0.008305,"Intermediario"
"4.0_-120.0","4.0_-120.0",4.5700,-119.4900,0.000000,"Intermediario"
"32.0_-68.0","32.0_-68.0",32.1600,-67.4883,0.034550,"Intermediario"
"12.0_-134.0","12.0_-134.0",12.8900,-133.6500,0.004290,"Intermediario"
"50.0_1.0","50.0_1.0",50.6216,1.3502,0.232333,"Intermediario"
"10.0_-150.0","10.0_-150.0",10.1600,-149.5400,0.000000,"Intermediario"
"76.0_18.0","76.0_18.0",76.1724,18.5634,0.008300,"Intermediario"
"18.0_136.0","18.0_136.0",18.8467,136.0017,0.085100,"Intermediario"
"44.0_-61.0","44.0_-61.0",44.2340,-60.5840,0.015460,"Intermediario"
"53.0_-12.0","53.0_-12.0",53.7028,-11.4228,6.733333,"Intermediario"
"-1.0_-144.0","-1.0_-144.0",-0.4250,-143.7075,0.000000,"Intermediario"
"29.0_-121.0","29.0_-121.0",29.6600,-120.6550,0.000540,"Intermediario"
"41.0_-72.0","41.0_-72.0",41.2386,-71.1743,0.009947,"Intermediario"
"37.0_-157.0","37.0_-157.0",37.4600,-156.4800,0.035700,"Intermediario"
"73.0_145.0","73.0_145.0",73.8243,145.7763,0.138000,"Intermediario"
"17.0_-157.0","17.0_-157.0",17.5975,-156.6150,0.002590,"Intermediario"
"31.0_-153.0","31.0_-153.0",31.4006,-152.6717,0.048300,"Intermediario"
"40.0_-179.0","40.0_-179.0",40.4004,-178.8080,0.115200,"Intermediario"
"29.0_-73.0","29.0_-73.0",29.7650,-72.7000,0.176750,"Intermediario"
"51.0_-8.0","51.0_-8.0",51.4501,-7.5283,66.631579,"Destino"
"-2.0_-159.0","-2.0_-159.0",-1.3000,-158.6500,0.000000,"Intermediario"
"28.0_-78.0","28.0_-78.0",28.3975,-77.8375,0.025330,"Intermediario"
"15.0_-73.0","15.0_-73.0",15.4715,-72.4654,0.004928,"Intermediario"
"33.0_-137.0","33.0_-137.0",33.1550,-136.5750,1.119000,"Intermediario"
"24.0_-155.0","24.0_-155.0",24.8600,-154.7000,0.022300,"Intermediario"
"0.0_-130.0","0.0_-130.0",0.2200,-129.0800,0.000000,"Intermediario"
"39.0_18.0","39.0_18.0",39.3701,18.5333,0.427150,"Intermediario"
"-27.0_-116.0","-27.0_-116.0",-26.3318,-115.7358,0.000000,"Intermediario"
"31.0_-140.0","31.0_-140.0",31.7867,-139.6812,1.529714,"Intermediario"
"30.0_136.0","30.0_136.0",30.5639,136.4913,0.244570,"Intermediario"
"-1.0_-157.0","-1.0_-157.0",-0.4275,-156.7225,0.000000,"Intermediario"
"30.0_-40.0","30.0_-40.0",30.6054,-39.6499,0.032600,"Intermediario"
"-44.0_14.0","-44.0_14.0",-43.9768,14.1113,0.000000,"Intermediario"
"32.0_-134.0","32.0_-134.0",32.1439,-133.1823,0.209000,"Intermediario"
"28.0_-65.0","28.0_-65.0",28.5300,-64.6840,0.136740,"Intermediario"
"-24.0_162.0","-24.0_162.0",-23.8677,162.3585,0.021905,"Intermediario"
"33.0_-124.0","33.0_-124.0",33.4134,-123.4126,0.033015,"Intermediario"
"0.0_-143.0","0.0_-143.0",0.0767,-142.4600,0.000710,"Intermediario"
"16.0_-81.0","16.0_-81.0",16.7289,-80.4811,0.004053,"Intermediario"
"38.0_119.0","38.0_119.0",38.5097,119.5423,0.397500,"Intermediario"
"36.0_135.0","36.0_135.0",36.3416,135.4713,1.393250,"Intermediario"
"53.0_-168.0","53.0_-168.0",53.7740,-167.3510,0.000000,"Intermediario"
"23.0_-60.0","23.0_-60.0",23.5190,-59.5340,0.030930,"Intermediario"
"49.0_-12.0","49.0_-12.0",49.6340,-11.3888,4.539000,"Intermediario"
"43.0_-6.0","43.0_-6.0",43.7961,-5.1418,0.095000,"Intermediario"
"36.0_-65.0","36.0_-65.0",36.4088,-64.3875,0.046098,"Intermediario"
"2.0_-127.0","2.0_-127.0",2.3050,-126.3350,0.000000,"Intermediario"
"-7.0_-135.0","-7.0_-135.0",-6.3350,-134.8500,0.000000,"Intermediario"
"47.0_-6.0","47.0_-6.0",47.6627,-5.5760,2.180333,"Intermediario"
"40.0_-64.0","40.0_-64.0",40.3800,-63.6980,0.007616,"Intermediario"
"30.0_-150.0","30.0_-150.0",30.8200,-149.5700,0.100000,"Intermediario"
"34.0_-126.0","34.0_-126.0",34.8800,-125.4900,0.000000,"Intermediario"
"37.0_12.0","37.0_12.0",37.6295,12.3022,0.409300,"Intermediario"
"-26.0_-180.0","-26.0_-180.0",-25.4900,-179.5200,0.014000,"Intermediario"
"6.0_-121.0","6.0_-121.0",6.1200,-120.5300,0.000000,"Intermediario"
"53.0_-137.0","53.0_-137.0",53.5900,-136.5100,0.000000,"Intermediario"
"21.0_-159.0","21.0_-159.0",21.5683,-158.4200,0.001092,"Intermediario"
"18.0_-84.0","18.0_-84.0",18.2433,-83.3833,0.005400,"Intermediario"
"1.0_-159.0","1.0_-159.0",1.4017,-158.4267,0.000000,"Intermediario"
"16.0_-110.0","16.0_-110.0",16.2567,-109.5100,0.018367,"Intermediario"
"77.0_65.0","77.0_65.0",77.7555,65.4050,0.508000,"Intermediario"
"5.0_-122.0","5.0_-122.0",5.4100,-121.4000,0.000000,"Intermediario"
"-35.0_7.0","-35.0_7.0",-34.3065,7.1063,0.034800,"Intermediario"
"25.0_-110.0","25.0_-110.0",25.1983,-109.6267,0.000428,"Intermediario"
"43.0_-130.0","43.0_-130.0",43.1219,-129.1964,0.005800,"Intermediario"
"42.0_141.0","42.0_141.0",42.1829,141.4170,1.382077,"Intermediario"
"7.0_-124.0","7.0_-124.0",7.2100,-123.4550,0.000000,"Intermediario"
"71.0_160.0","71.0_160.0",71.5112,160.9867,0.000000,"Intermediario"
"-15.0_-1.0","-15.0_-1.0",-14.2885,-0.9051,0.000000,"Intermediario"
"-4.0_-10.0","-4.0_-10.0",-3.8548,-9.3098,0.000000,"Intermediario"
"38.0_-147.0","38.0_-147.0",38.5250,-146.3100,0.233000,"Intermediario"
"40.0_-135.0","40.0_-135.0",40.6075,-134.6050,0.049053,"Intermediario"
"33.0_137.0","33.0_137.0",33.6040,137.1697,0.297700,"Intermediario"
"23.0_-165.0","23.0_-165.0",23.5402,-164.4537,0.035540,"Intermediario"
"-48.0_142.0","-48.0_142.0",-47.8353,142.8350,0.014400,"Intermediario"
"-38.0_139.0","-38.0_139.0",-37.8797,139.8203,0.009535,"Intermediario"
"-32.0_-22.0","-32.0_-22.0",-31.2527,-21.7331,0.029200,"Intermediario"
"-47.0_143.0","-47.0_143.0",-46.8317,143.6274,0.003980,"Intermediario"
"-31.0_-23.0","-31.0_-23.0",-30.6161,-22.7962,0.259730,"Intermediario"
"-2.0_-133.0","-2.0_-133.0",-1.6600,-132.3400,0.000000,"Intermediario"
"21.0_141.0","21.0_141.0",21.3328,141.1823,0.079200,"Intermediario"
"-5.0_-133.0","-5.0_-133.0",-4.5800,-132.4200,0.000000,"Intermediario"
"-11.0_-141.0","-11.0_-141.0",-10.4750,-140.5850,0.000000,"Intermediario"
"39.0_-128.0","39.0_-128.0",39.9100,-127.7200,0.001940,"Intermediario"
"20.0_-81.0","20.0_-81.0",20.0200,-80.1700,0.003100,"Intermediario"
"-33.0_-30.0","-33.0_-30.0",-32.4768,-29.7142,0.346000,"Intermediario"
"-13.0_-155.0","-13.0_-155.0",-12.3100,-154.7750,0.000000,"Intermediario"
"20.0_133.0","20.0_133.0",20.3996,133.4300,0.047600,"Intermediario"
"-23.0_-7.0","-23.0_-7.0",-22.5407,-6.1887,0.027400,"Intermediario"
"34.0_150.0","34.0_150.0",34.9792,150.0047,0.009390,"Intermediario"
"27.0_140.0","27.0_140.0",27.2603,140.7686,0.887475,"Intermediario"
"17.0_-76.0","17.0_-76.0",17.6840,-75.5540,0.027218,"Intermediario"
"37.0_134.0","37.0_134.0",37.3952,134.6378,0.149000,"Intermediario"
"41.0_3.0","41.0_3.0",41.6235,3.1447,0.258000,"Intermediario"
"48.0_-13.0","48.0_-13.0",48.4242,-12.4886,8.500000,"Intermediario"
"-21.0_116.0","-21.0_116.0",-20.1458,116.3622,0.048065,"Intermediario"
"17.0_-131.0","17.0_-131.0",17.4000,-130.6100,0.058000,"Intermediario"
"19.0_-70.0","19.0_-70.0",19.5970,-69.3290,0.029454,"Intermediario"
"32.0_-121.0","32.0_-121.0",32.4701,-120.4786,0.058962,"Intermediario"
"-19.0_119.0","-19.0_119.0",-18.6555,119.4801,0.002855,"Intermediario"
"38.0_-134.0","38.0_-134.0",38.4800,-133.3200,0.104000,"Intermediario"
"-33.0_-87.0","-33.0_-87.0",-32.7674,-86.3114,0.002310,"Intermediario"
"26.0_-80.0","26.0_-80.0",26.4375,-79.4449,0.004346,"Intermediario"
"54.0_-4.0","54.0_-4.0",54.7416,-3.8636,0.767200,"Intermediario"
"50.0_-10.0","50.0_-10.0",50.4509,-9.4885,4.800000,"Intermediario"
"-3.0_-101.0","-3.0_-101.0",-2.3300,-100.7900,0.000000,"Intermediario"
"31.0_-122.0","31.0_-122.0",31.6183,-121.6048,0.017798,"Intermediario"
"-72.0_-144.0","-72.0_-144.0",-71.6990,-143.6488,0.000000,"Intermediario"
"26.0_-161.0","26.0_-161.0",26.6528,-160.3025,0.502000,"Intermediario"
"30.0_-66.0","30.0_-66.0",30.4333,-65.7433,0.053055,"Intermediario"
"52.0_-13.0","52.0_-13.0",52.2019,-12.3845,12.250000,"Intermediario"
"18.0_-160.0","18.0_-160.0",18.6467,-159.4800,0.011057,"Intermediario"
"11.0_-135.0","11.0_-135.0",11.0100,-134.4000,0.001150,"Intermediario"
"42.0_-10.0","42.0_-10.0",42.5443,-9.2084,3.480000,"Intermediario"
"7.0_-119.0","7.0_-119.0",7.6000,-118.7000,0.002070,"Intermediario"
"-34.0_156.0","-34.0_156.0",-33.7829,156.0488,0.052000,"Intermediario"
"8.0_-86.0","8.0_-86.0",8.7100,-85.2800,0.002160,"Intermediario"
"37.0_25.0","37.0_25.0",37.3975,25.3842,1.014800,"Intermediario"
"74.0_3.0","74.0_3.0",74.1680,3.9098,0.892000,"Intermediario"
"42.0_-67.0","42.0_-67.0",42.4991,-66.2755,0.004782,"Intermediario"
"72.0_63.0","72.0_63.0",72.1853,63.1933,0.006750,"Intermediario"
"38.0_8.0","38.0_8.0",38.2297,8.7454,2.725000,"Intermediario"
"-28.0_63.0","-28.0_63.0",-27.9800,63.2500,0.026700,"Intermediario"
"34.0_-58.0","34.0_-58.0",34.8700,-57.3800,0.022300,"Intermediario"
"9.0_-156.0","9.0_-156.0",9.8500,-155.6200,0.000000,"Intermediario"
"50.0_-1.0","50.0_-1.0",50.3635,-0.4325,0.139875,"Intermediario"
"60.0_-4.0","60.0_-4.0",60.6366,-3.5360,7.750000,"Intermediario"
"43.0_-62.0","43.0_-62.0",43.1500,-61.3200,0.021600,"Intermediario"
"14.0_-74.0","14.0_-74.0",14.7100,-73.4200,0.002150,"Intermediario"
"13.0_-79.0","13.0_-79.0",13.9200,-78.9000,0.000000,"Intermediario"
"32.0_-42.0","32.0_-42.0",32.1950,-41.6066,0.250000,"Intermediario"
"-30.0_-20.0","-30.0_-20.0",-29.5068,-19.5708,0.189000,"Intermediario"
"20.0_146.0","20.0_146.0",20.9931,146.4594,0.007920,"Intermediario"
"45.0_178.0","45.0_178.0",45.3983,178.3200,0.081700,"Intermediario"
"-23.0_172.0","-23.0_172.0",-22.6007,172.0955,0.006815,"Intermediario"
"41.0_-155.0","41.0_-155.0",41.2838,-154.2545,0.412000,"Intermediario"
"-9.0_-127.0","-9.0_-127.0",-8.5600,-126.6000,0.000000,"Intermediario"
"-60.0_-68.0","-60.0_-68.0",-59.6022,-67.9252,0.000000,"Intermediario"
"26.0_-75.0","26.0_-75.0",26.4408,-74.5746,0.028538,"Intermediario"
"44.0_-87.0","44.0_-87.0",44.5959,-86.8246,0.081977,"Intermediario"
"36.0_-34.0","36.0_-34.0",36.1735,-33.6598,0.042400,"Intermediario"
"-12.0_-148.0","-12.0_-148.0",-11.0400,-147.9200,0.000000,"Intermediario"
"38.0_137.0","38.0_137.0",38.4036,137.4673,1.808610,"Intermediario"
"25.0_-118.0","25.0_-118.0",25.4150,-117.4950,0.002315,"Intermediario"
"34.0_-157.0","34.0_-157.0",34.5000,-157.0000,0.016900,"Intermediario"
"18.0_-79.0","18.0_-79.0",18.4854,-78.6592,0.013348,"Intermediario"
"0.0_-14.0","0.0_-14.0",0.9303,-13.1315,0.000000,"Intermediario"
"-35.0_-15.0","-35.0_-15.0",-34.0650,-14.7850,0.210000,"Intermediario"
"38.0_-129.0","38.0_-129.0",38.9200,-128.2300,0.000000,"Intermediario"
"27.0_-83.0","27.0_-83.0",27.8045,-82.5569,4.376471,"Intermediario"
"46.0_-59.0","46.0_-59.0",46.1933,-58.8667,0.007947,"Intermediario"
"47.0_-10.0","47.0_-10.0",47.7789,-9.7502,3.500000,"Intermediario"
"-17.0_92.0","-17.0_92.0",-16.6774,92.4318,0.032050,"Intermediario"
"46.0_-7.0","46.0_-7.0",46.6502,-6.4497,5.000000,"Intermediario"
"29.0_-55.0","29.0_-55.0",29.5392,-54.9628,0.134000,"Intermediario"
"-24.0_-31.0","-24.0_-31.0",-23.0308,-30.8532,0.048600,"Intermediario"
"14.0_-148.0","14.0_-148.0",14.2900,-147.5900,0.014200,"Intermediario"
"21.0_-71.0","21.0_-71.0",21.4020,-70.2100,0.005620,"Intermediario"
"48.0_-127.0","48.0_-127.0",48.7900,-126.7300,0.000968,"Intermediario"
"22.0_-70.0","22.0_-70.0",22.5800,-69.4122,0.026509,"Intermediario"
"39.0_8.0","39.0_8.0",39.8444,8.3695,0.163333,"Intermediario"
"-21.0_-29.0","-21.0_-29.0",-20.8268,-28.2509,0.007000,"Intermediario"
"43.0_7.0","43.0_7.0",43.6148,7.3442,0.660227,"Intermediario"
"13.0_-66.0","13.0_-66.0",13.6150,-65.8050,0.006500,"Intermediario"
"14.0_-61.0","14.0_-61.0",14.4279,-60.4786,0.001293,"Intermediario"
"-12.0_85.0","-12.0_85.0",-11.9069,85.9873,0.118000,"Intermediario"
"15.0_-60.0","15.0_-60.0",15.2722,-59.4022,0.002051,"Intermediario"
"15.0_-160.0","15.0_-160.0",15.6267,-159.3500,0.002800,"Intermediario"
"25.0_-63.0","25.0_-63.0",25.4679,-62.4586,0.566050,"Intermediario"
"34.0_132.0","34.0_132.0",34.1814,132.6055,0.175333,"Intermediario"
"-6.0_-136.0","-6.0_-136.0",-5.7100,-135.7275,0.000000,"Intermediario"
"17.0_-58.0","17.0_-58.0",17.0500,-57.7300,0.004320,"Intermediario"
"35.0_-125.0","35.0_-125.0",35.5375,-124.3225,0.004385,"Intermediario"
"26.0_-62.0","26.0_-62.0",26.3704,-61.5242,0.006455,"Intermediario"
"17.0_-113.0","17.0_-113.0",17.5100,-112.8200,0.006300,"Intermediario"
"1.0_-128.0","1.0_-128.0",1.7600,-127.5850,0.000000,"Intermediario"
"67.0_0.0","67.0_0.0",67.2062,0.2574,0.032800,"Intermediario"
"-50.0_-65.0","-50.0_-65.0",-49.4000,-64.0700,0.000122,"Intermediario"
"25.0_128.0","25.0_128.0",25.2030,128.2050,1.102120,"Intermediario"
"16.0_-59.0","16.0_-59.0",16.6025,-58.6425,0.006359,"Intermediario"
"32.0_-147.0","32.0_-147.0",32.5488,-146.9627,0.166000,"Intermediario"
"30.0_-79.0","30.0_-79.0",30.4800,-78.6000,0.081855,"Intermediario"
"24.0_-111.0","24.0_-111.0",24.4969,-110.2785,0.002158,"Intermediario"
"41.0_142.0","41.0_142.0",41.5488,142.6238,4.786645,"Intermediario"
"32.0_138.0","32.0_138.0",32.5795,138.2559,1.004764,"Intermediario"
"32.0_-73.0","32.0_-73.0",32.2100,-72.4000,0.079900,"Intermediario"
"31.0_-78.0","31.0_-78.0",31.6150,-77.5800,0.034200,"Intermediario"
"25.0_-76.0","25.0_-76.0",25.5079,-75.5667,0.052581,"Intermediario"
"-14.0_-145.0","-14.0_-145.0",-13.3467,-144.5433,0.000000,"Intermediario"
"34.0_-144.0","34.0_-144.0",34.3700,-143.7072,0.944000,"Intermediario"
"55.0_-3.0","55.0_-3.0",55.9544,-2.3305,0.037686,"Intermediario"
"57.0_-9.0","57.0_-9.0",57.4945,-8.6011,3.200000,"Intermediario"
"39.0_-150.0","39.0_-150.0",39.6900,-149.7000,0.034400,"Intermediario"
"36.0_-150.0","36.0_-150.0",36.5800,-149.5600,0.022350,"Intermediario"
"27.0_-70.0","27.0_-70.0",27.4033,-69.4100,0.007267,"Intermediario"
"10.0_-163.0","10.0_-163.0",10.2800,-162.3950,0.000600,"Intermediario"
"6.0_-147.0","6.0_-147.0",6.4450,-146.7550,0.000540,"Intermediario"
"38.0_-72.0","38.0_-72.0",38.9500,-71.3300,0.008640,"Intermediario"
"29.0_-68.0","29.0_-68.0",29.5440,-67.5420,0.149360,"Intermediario"
"-3.0_-158.0","-3.0_-158.0",-2.3967,-157.5367,0.001013,"Intermediario"
"4.0_-128.0","4.0_-128.0",4.6800,-127.8700,0.000000,"Intermediario"
"12.0_-67.0","12.0_-67.0",12.5933,-66.4300,0.000000,"Intermediario"
"-32.0_13.0","-32.0_13.0",-31.7289,13.7831,0.004100,"Intermediario"
"43.0_-88.0","43.0_-88.0",43.3555,-87.4708,0.216748,"Intermediario"
"37.0_-64.0","37.0_-64.0",37.5125,-63.5588,0.090767,"Intermediario"
"33.0_-119.0","33.0_-119.0",33.4858,-118.5731,0.042822,"Intermediario"
"-63.0_-61.0","-63.0_-61.0",-62.9925,-60.5018,0.008000,"Intermediario"
"40.0_121.0","40.0_121.0",40.3546,121.2456,0.300000,"Intermediario"
"-8.0_-142.0","-8.0_-142.0",-7.8050,-141.8150,0.000000,"Intermediario"
"-4.0_-170.0","-4.0_-170.0",-3.4100,-169.4600,0.000000,"Intermediario"
"-15.0_145.0","-15.0_145.0",-14.9889,145.3807,0.015980,"Intermediario"
"-29.0_109.0","-29.0_109.0",-28.0307,109.3647,0.404100,"Intermediario"
"-41.0_153.0","-41.0_153.0",-40.5173,153.4948,0.026240,"Intermediario"
"37.0_-144.0","37.0_-144.0",37.8664,-143.8151,0.542000,"Intermediario"
"15.0_-113.0","15.0_-113.0",15.5500,-112.6833,0.000327,"Intermediario"
"31.0_-42.0","31.0_-42.0",31.3751,-41.7579,0.179000,"Intermediario"
"56.0_-4.0","56.0_-4.0",56.0296,-3.2540,0.114300,"Intermediario"
"9.0_-97.0","9.0_-97.0",9.4500,-96.3500,0.074000,"Intermediario"
"12.0_-119.0","12.0_-119.0",12.0900,-118.3100,0.001080,"Intermediario"
"8.0_-122.0","8.0_-122.0",8.5500,-121.9400,0.000000,"Intermediario"
"16.0_-65.0","16.0_-65.0",16.6355,-64.4700,0.001073,"Intermediario"
"77.0_102.0","77.0_102.0",77.6422,102.5569,0.000000,"Intermediario"
"30.0_-123.0","30.0_-123.0",30.4668,-122.5519,0.027060,"Intermediario"
"3.0_-144.0","3.0_-144.0",3.5471,-143.6971,0.000000,"Intermediario"
"24.0_-85.0","24.0_-85.0",24.5114,-84.2757,0.006374,"Intermediario"
"17.0_-71.0","17.0_-71.0",17.4500,-70.3540,0.003020,"Intermediario"
"33.0_-36.0","33.0_-36.0",33.6090,-35.1143,0.103900,"Intermediario"
"-14.0_-154.0","-14.0_-154.0",-13.8200,-153.2600,0.002660,"Intermediario"
"27.0_-63.0","27.0_-63.0",27.5371,-62.5143,0.020074,"Intermediario"
"18.0_-59.0","18.0_-59.0",18.5525,-58.2425,0.005610,"Intermediario"
"-26.0_105.0","-26.0_105.0",-25.7958,105.9532,0.064700,"Intermediario"
"72.0_44.0","72.0_44.0",72.6038,44.1355,1.580000,"Intermediario"
"22.0_130.0","22.0_130.0",22.3125,130.4656,0.857000,"Intermediario"
"39.0_-144.0","39.0_-144.0",39.1000,-143.3300,0.023400,"Intermediario"
"35.0_-123.0","35.0_-123.0",35.2500,-122.2400,0.000000,"Intermediario"
"-4.0_-158.0","-4.0_-158.0",-3.5375,-157.1675,0.000000,"Intermediario"
"39.0_141.0","39.0_141.0",39.7169,141.4786,0.000000,"Intermediario"
"21.0_-154.0","21.0_-154.0",21.5700,-153.4200,0.103000,"Intermediario"
"26.0_-79.0","26.0_-79.0",26.2421,-78.4213,0.013038,"Intermediario"
"-11.0_-147.0","-11.0_-147.0",-10.6600,-146.5900,0.000000,"Intermediario"
"19.0_-65.0","19.0_-65.0",19.6866,-64.7575,0.079500,"Intermediario"
"57.0_-7.0","57.0_-7.0",57.3716,-6.5856,0.965582,"Intermediario"
"39.0_11.0","39.0_11.0",39.7742,11.8883,2.990000,"Intermediario"
"-21.0_64.0","-21.0_64.0",-20.6787,64.9420,0.304000,"Intermediario"
"27.0_-76.0","27.0_-76.0",27.4450,-75.5825,0.033658,"Intermediario"
"20.0_127.0","20.0_127.0",20.9978,127.9903,0.009470,"Intermediario"
"-32.0_-92.0","-32.0_-92.0",-31.8065,-91.3445,0.003060,"Intermediario"
"45.0_-88.0","45.0_-88.0",45.0966,-87.4399,0.000000,"Intermediario"
"-1.0_-160.0","-1.0_-160.0",-0.0800,-159.1900,0.000000,"Intermediario"
"10.0_-100.0","10.0_-100.0",10.0900,-99.2500,0.276000,"Intermediario"
"43.0_-135.0","43.0_-135.0",43.6962,-134.5772,0.073800,"Intermediario"
"6.0_91.0","6.0_91.0",6.5213,91.1412,0.008400,"Intermediario"
"-40.0_142.0","-40.0_142.0",-39.0383,142.4047,0.004890,"Intermediario"
"14.0_-71.0","14.0_-71.0",14.4013,-70.2925,0.002643,"Intermediario"
"21.0_-85.0","21.0_-85.0",21.3167,-84.4800,0.002880,"Intermediario"
"1.0_-129.0","1.0_-129.0",1.1300,-128.2500,0.000000,"Intermediario"
"20.0_-57.0","20.0_-57.0",20.7200,-56.7500,0.000000,"Intermediario"
"10.0_-157.0","10.0_-157.0",10.4600,-156.3833,0.003383,"Intermediario"
"40.0_142.0","40.0_142.0",40.2940,142.8835,0.910357,"Intermediario"
"7.0_-165.0","7.0_-165.0",7.0000,-164.3800,0.007590,"Intermediario"
"31.0_138.0","31.0_138.0",31.3434,138.0944,0.702500,"Intermediario"
"-39.0_150.0","-39.0_150.0",-38.6200,150.4200,0.021700,"Intermediario"
"49.0_-7.0","49.0_-7.0",49.2496,-6.7041,1.000000,"Intermediario"
"28.0_-147.0","28.0_-147.0",28.4400,-146.1867,1.197667,"Intermediario"
"-69.0_-100.0","-69.0_-100.0",-68.7584,-99.9391,0.000000,"Intermediario"
"-29.0_-106.0","-29.0_-106.0",-28.3300,-105.3310,0.081200,"Intermediario"
"29.0_-161.0","29.0_-161.0",29.3933,-160.4100,0.043507,"Intermediario"
"54.0_-13.0","54.0_-13.0",54.2642,-12.4712,8.833333,"Intermediario"
"31.0_-159.0","31.0_-159.0",31.3132,-158.7325,0.003980,"Intermediario"
"40.0_-150.0","40.0_-150.0",40.3300,-149.8400,0.000000,"Intermediario"
"41.0_41.0","41.0_41.0",41.5081,41.5300,0.295000,"Intermediario"
"5.0_-119.0","5.0_-119.0",5.2800,-118.3500,0.000000,"Intermediario"
"26.0_-66.0","26.0_-66.0",26.5471,-65.2243,0.088080,"Intermediario"
"76.0_140.0","76.0_140.0",76.8172,140.5634,0.000000,"Intermediario"
"13.0_-120.0","13.0_-120.0",13.1200,-119.8500,0.000000,"Intermediario"
"35.0_-70.0","35.0_-70.0",35.5350,-69.6500,0.024700,"Intermediario"
"8.0_-135.0","8.0_-135.0",8.3800,-134.8600,0.000000,"Intermediario"
"-8.0_-122.0","-8.0_-122.0",-7.9700,-121.1400,0.000000,"Intermediario"
"17.0_-106.0","17.0_-106.0",17.7700,-105.7400,0.001080,"Intermediario"
"16.0_-78.0","16.0_-78.0",16.6469,-77.3762,0.007248,"Intermediario"
"42.0_-130.0","42.0_-130.0",42.5314,-129.7877,0.021800,"Intermediario"
"38.0_144.0","38.0_144.0",38.0393,144.6705,0.115800,"Intermediario"
"-10.0_-142.0","-10.0_-142.0",-9.5250,-141.5725,0.000391,"Intermediario"
"34.0_-140.0","34.0_-140.0",34.2729,-139.8015,5.007313,"Intermediario"
"31.0_-146.0","31.0_-146.0",31.9000,-145.7700,0.154000,"Intermediario"
"4.0_-158.0","4.0_-158.0",4.6420,-157.5660,0.000000,"Intermediario"
"39.0_-131.0","39.0_-131.0",39.9300,-130.5300,0.036650,"Intermediario"
"13.0_-61.0","13.0_-61.0",13.5158,-60.4592,0.000508,"Intermediario"
"39.0_5.0","39.0_5.0",39.8019,5.6978,3.810000,"Intermediario"
"-25.0_98.0","-25.0_98.0",-24.4876,98.1066,0.017500,"Intermediario"
"58.0_-10.0","58.0_-10.0",58.5007,-9.5455,4.500000,"Intermediario"
"-34.0_-73.0","-34.0_-73.0",-33.6899,-72.0005,0.002500,"Intermediario"
"42.0_-143.0","42.0_-143.0",42.9600,-142.2500,0.005230,"Intermediario"
"32.0_122.0","32.0_122.0",32.0062,122.2497,0.168000,"Intermediario"
"30.0_-149.0","30.0_-149.0",30.7500,-148.6100,0.295000,"Intermediario"
"42.0_-53.0","42.0_-53.0",42.2300,-52.1700,0.030200,"Intermediario"
"71.0_-148.0","71.0_-148.0",71.3316,-147.2975,0.000000,"Intermediario"
"-10.0_-155.0","-10.0_-155.0",-9.3400,-154.2500,0.000000,"Intermediario"
"69.0_-52.0","69.0_-52.0",69.2027,-51.1465,0.074200,"Intermediario"
"20.0_-153.0","20.0_-153.0",20.6100,-153.0000,0.024900,"Intermediario"
"24.0_-126.0","24.0_-126.0",24.3400,-125.8500,0.000000,"Intermediario"
"-8.0_-7.0","-8.0_-7.0",-7.2547,-6.5788,0.016800,"Intermediario"
"31.0_-73.0","31.0_-73.0",31.2963,-72.4950,0.011998,"Intermediario"
"19.0_-78.0","19.0_-78.0",19.1875,-77.5875,0.004310,"Intermediario"
"48.0_-144.0","48.0_-144.0",48.7500,-143.5300,0.000000,"Intermediario"
"22.0_-69.0","22.0_-69.0",22.4200,-68.7300,0.094500,"Intermediario"
"26.0_-167.0","26.0_-167.0",26.8000,-166.5400,0.178000,"Intermediario"
"11.0_-149.0","11.0_-149.0",11.5500,-148.1100,0.000000,"Intermediario"
"45.0_-75.0","45.0_-75.0",45.2644,-74.2307,0.249400,"Intermediario"
"23.0_-66.0","23.0_-66.0",23.5900,-65.7400,0.044950,"Intermediario"
"32.0_-70.0","32.0_-70.0",32.2200,-69.4600,0.006910,"Intermediario"
"32.0_-129.0","32.0_-129.0",32.6027,-128.4548,0.138415,"Intermediario"
"37.0_4.0","37.0_4.0",37.9780,4.6470,5.990000,"Intermediario"
"18.0_-111.0","18.0_-111.0",18.5533,-110.4967,0.003723,"Intermediario"
"33.0_-67.0","33.0_-67.0",33.5200,-66.4900,0.113600,"Intermediario"
"59.0_-4.0","59.0_-4.0",59.1034,-3.3081,0.018767,"Intermediario"
"43.0_-59.0","43.0_-59.0",43.9233,-58.9567,0.000000,"Intermediario"
"35.0_-65.0","35.0_-65.0",35.4732,-64.5737,0.044862,"Intermediario"
"42.0_-71.0","42.0_-71.0",42.4231,-70.3276,0.006431,"Intermediario"
"-23.0_101.0","-23.0_101.0",-22.5695,101.6493,0.034750,"Intermediario"
"7.0_-19.0","7.0_-19.0",7.8411,-18.6177,0.056200,"Intermediario"
"36.0_-146.0","36.0_-146.0",36.5084,-145.0356,0.258000,"Intermediario"
"-10.0_-137.0","-10.0_-137.0",-9.5200,-136.6000,0.000000,"Intermediario"
"32.0_140.0","32.0_140.0",32.3532,140.3460,0.078450,"Intermediario"
"-26.0_-121.0","-26.0_-121.0",-25.9512,-120.4278,0.013200,"Intermediario"
"37.0_-59.0","37.0_-59.0",37.9000,-58.8000,0.001450,"Intermediario"
"29.0_127.0","29.0_127.0",29.5209,127.4381,1.130500,"Intermediario"
"36.0_132.0","36.0_132.0",36.2902,132.4502,0.814754,"Intermediario"
"-40.0_160.0","-40.0_160.0",-39.9535,160.4176,0.003375,"Intermediario"
"47.0_-125.0","47.0_-125.0",47.1500,-124.7300,0.000000,"Intermediario"
"-5.0_-146.0","-5.0_-146.0",-4.4400,-145.7200,0.000000,"Intermediario"
"16.0_-158.0","16.0_-158.0",16.5267,-157.7467,0.000305,"Intermediario"
"45.0_-57.0","45.0_-57.0",45.9700,-56.8000,0.006500,"Intermediario"
"32.0_-164.0","32.0_-164.0",32.9800,-163.4800,0.085600,"Intermediario"
"28.0_-51.0","28.0_-51.0",28.5522,-50.1026,0.056800,"Intermediario"
"42.0_3.0","42.0_3.0",42.3780,3.3980,0.291055,"Intermediario"
"55.0_-164.0","55.0_-164.0",55.4060,-163.9470,0.406000,"Intermediario"
"26.0_140.0","26.0_140.0",26.1097,140.5591,0.075690,"Intermediario"
"33.0_-156.0","33.0_-156.0",33.0950,-155.3400,0.026750,"Intermediario"
"31.0_-60.0","31.0_-60.0",31.4656,-59.6500,0.032911,"Intermediario"
"3.0_-162.0","3.0_-162.0",3.9700,-161.1200,0.000000,"Intermediario"
"13.0_-146.0","13.0_-146.0",13.3700,-145.6500,0.000000,"Intermediario"
"22.0_-151.0","22.0_-151.0",22.7050,-150.5350,0.065250,"Intermediario"
"39.0_-126.0","39.0_-126.0",39.7400,-125.4300,0.000000,"Intermediario"
"38.0_-143.0","38.0_-143.0",38.7563,-142.2943,0.049433,"Intermediario"
"8.0_-148.0","8.0_-148.0",8.1400,-147.8100,0.000000,"Intermediario"
"5.0_-87.0","5.0_-87.0",5.7950,-86.8450,0.000000,"Intermediario"
"-7.0_-143.0","-7.0_-143.0",-6.7000,-142.6400,0.001170,"Intermediario"
"-55.0_0.0","-55.0_0.0",-54.6538,0.9642,0.000000,"Intermediario"
"24.0_155.0","24.0_155.0",24.2949,155.0853,0.030200,"Intermediario"
"40.0_-68.0","40.0_-68.0",40.5323,-67.6262,0.014248,"Intermediario"
"27.0_-45.0","27.0_-45.0",27.5769,-44.3386,0.244000,"Intermediario"
"4.0_-145.0","4.0_-145.0",4.6600,-144.3800,0.000675,"Intermediario"
"76.0_149.0","76.0_149.0",76.5932,149.2913,0.004500,"Intermediario"
"14.0_141.0","14.0_141.0",14.5778,141.1738,0.101267,"Intermediario"
"-22.0_98.0","-22.0_98.0",-21.1139,98.9625,0.186600,"Intermediario"
"-12.0_-152.0","-12.0_-152.0",-11.5300,-151.3500,0.000000,"Intermediario"
"15.0_-99.0","15.0_-99.0",15.7800,-98.4700,0.004230,"Intermediario"
"41.0_-65.0","41.0_-65.0",41.4736,-64.4564,0.005098,"Intermediario"
"30.0_-154.0","30.0_-154.0",30.5133,-153.7733,0.254767,"Intermediario"
"-17.0_-152.0","-17.0_-152.0",-16.5756,-151.6633,0.001386,"Intermediario"
"56.0_-11.0","56.0_-11.0",56.8091,-10.5742,8.750000,"Intermediario"
"-5.0_-29.0","-5.0_-29.0",-4.7800,-28.1700,0.032000,"Intermediario"
"34.0_-64.0","34.0_-64.0",34.5671,-63.5200,0.030900,"Intermediario"
"39.0_-157.0","39.0_-157.0",39.1247,-156.9162,0.057800,"Intermediario"
"-26.0_-35.0","-26.0_-35.0",-25.8010,-34.2127,0.028200,"Intermediario"
"49.0_-24.0","49.0_-24.0",49.4700,-23.6800,0.027800,"Intermediario"
"34.0_129.0","34.0_129.0",34.4922,129.5719,1.037800,"Intermediario"
"15.0_-68.0","15.0_-68.0",15.4050,-67.2150,0.000000,"Intermediario"
"11.0_-118.0","11.0_-118.0",11.6533,-117.6867,0.001080,"Intermediario"
"-1.0_-142.0","-1.0_-142.0",-0.9900,-141.8400,0.000000,"Intermediario"
"28.0_-64.0","28.0_-64.0",28.6700,-63.0700,0.043200,"Intermediario"
"34.0_-171.0","34.0_-171.0",34.3877,-170.0190,0.258000,"Intermediario"
"-33.0_-10.0","-33.0_-10.0",-32.3348,-9.2109,0.378000,"Intermediario"
"33.0_-169.0","33.0_-169.0",33.0136,-168.1356,0.083600,"Intermediario"
"24.0_-72.0","24.0_-72.0",24.6915,-71.5077,0.029112,"Intermediario"
"44.0_-149.0","44.0_-149.0",44.3800,-148.2500,0.000000,"Intermediario"
"-31.0_-3.0","-31.0_-3.0",-30.2600,-2.4400,0.905000,"Intermediario"
"23.0_-84.0","23.0_-84.0",23.7420,-83.4360,0.008716,"Intermediario"
"-27.0_106.0","-27.0_106.0",-26.5485,106.8701,0.009820,"Intermediario"
"30.0_-71.0","30.0_-71.0",30.6050,-70.4050,0.110100,"Intermediario"
"35.0_135.0","35.0_135.0",35.8066,135.5697,2.787085,"Intermediario"
"41.0_19.0","41.0_19.0",41.8248,19.2100,0.780000,"Intermediario"
"13.0_-159.0","13.0_-159.0",13.7967,-158.7967,0.003600,"Intermediario"
"26.0_-149.0","26.0_-149.0",26.4972,-148.7426,0.162000,"Intermediario"
"39.0_-67.0","39.0_-67.0",39.4762,-66.3000,0.006100,"Intermediario"
"42.0_-84.0","42.0_-84.0",42.3047,-83.0837,0.080390,"Intermediario"
"-55.0_133.0","-55.0_133.0",-54.5186,133.5109,0.003990,"Intermediario"
"32.0_153.0","32.0_153.0",32.0859,153.1712,0.063200,"Intermediario"
"36.0_-5.0","36.0_-5.0",36.1229,-4.1850,2.336500,"Intermediario"
"17.0_-84.0","17.0_-84.0",17.3475,-83.7325,0.006950,"Intermediario"
"41.0_-138.0","41.0_-138.0",41.0700,-137.2400,0.013200,"Intermediario"
"9.0_-162.0","9.0_-162.0",9.4200,-161.5600,0.000000,"Intermediario"
"-32.0_-26.0","-32.0_-26.0",-31.1353,-25.2230,0.736000,"Intermediario"
"-49.0_142.0","-49.0_142.0",-48.0419,142.3236,0.002400,"Intermediario"
"18.0_-81.0","18.0_-81.0",18.6233,-80.4867,0.010800,"Intermediario"
"-18.0_168.0","-18.0_168.0",-17.7380,168.2807,0.285083,"Intermediario"
"35.0_-141.0","35.0_-141.0",35.8410,-140.8223,0.802000,"Intermediario"
"45.0_-44.0","45.0_-44.0",45.3200,-43.7200,0.018500,"Intermediario"
"32.0_-48.0","32.0_-48.0",32.0609,-47.6879,0.143000,"Intermediario"
"15.0_-144.0","15.0_-144.0",15.5800,-143.2700,0.000000,"Intermediario"
"7.0_-121.0","7.0_-121.0",7.4700,-120.2050,0.000000,"Intermediario"
"21.0_119.0","21.0_119.0",21.0236,119.9733,0.005570,"Intermediario"
"39.0_24.0","39.0_24.0",39.9040,24.3020,0.622000,"Intermediario"
"30.0_123.0","30.0_123.0",30.4995,123.2188,0.082867,"Intermediario"
"21.0_-106.0","21.0_-106.0",21.4400,-105.6000,0.002320,"Intermediario"
"29.0_-126.0","29.0_-126.0",29.2850,-125.4050,0.008700,"Intermediario"
"5.0_-137.0","5.0_-137.0",5.4300,-136.4400,0.000000,"Intermediario"
"-60.0_148.0","-60.0_148.0",-59.6119,148.6550,0.000000,"Intermediario"
"38.0_-69.0","38.0_-69.0",38.3771,-68.7300,0.042729,"Intermediario"
"6.0_-18.0","6.0_-18.0",6.8396,-17.8100,0.004700,"Intermediario"
"77.0_11.0","77.0_11.0",77.7821,11.4461,0.000000,"Intermediario"
"38.0_-130.0","38.0_-130.0",38.7300,-129.6600,0.017800,"Intermediario"
"11.0_-62.0","11.0_-62.0",11.7200,-61.4623,0.003238,"Intermediario"
"-7.0_-156.0","-7.0_-156.0",-6.7400,-155.3900,0.000000,"Intermediario"
"25.0_-77.0","25.0_-77.0",25.6990,-76.4603,0.022524,"Intermediario"
"12.0_-111.0","12.0_-111.0",12.5000,-110.3900,0.072900,"Intermediario"
"-28.0_-109.0","-28.0_-109.0",-27.2907,-108.4152,0.095067,"Intermediario"
"-16.0_-152.0","-16.0_-152.0",-15.5300,-151.9350,0.001115,"Intermediario"
"40.0_-145.0","40.0_-145.0",40.0895,-144.4545,0.208000,"Intermediario"
"29.0_-61.0","29.0_-61.0",29.4600,-60.4311,0.035771,"Intermediario"
"29.0_-144.0","29.0_-144.0",29.2323,-143.8742,0.143000,"Intermediario"
"32.0_-133.0","32.0_-133.0",32.1733,-132.3321,0.837000,"Intermediario"
"10.0_-162.0","10.0_-162.0",10.3400,-161.3900,0.000000,"Intermediario"
"34.0_26.0","34.0_26.0",34.8160,26.1300,0.368000,"Intermediario"
"37.0_-134.0","37.0_-134.0",37.1900,-133.9073,0.135100,"Intermediario"
"33.0_-125.0","33.0_-125.0",33.3890,-124.3213,0.224186,"Intermediario"
"28.0_-152.0","28.0_-152.0",28.4600,-151.8000,0.056000,"Intermediario"
"0.0_-142.0","0.0_-142.0",0.5800,-141.8950,0.000000,"Intermediario"
"49.0_-11.0","49.0_-11.0",49.4258,-10.4120,5.790000,"Intermediario"
"-71.0_-160.0","-71.0_-160.0",-70.2021,-159.0534,0.000000,"Intermediario"
"25.0_-113.0","25.0_-113.0",25.2450,-112.6225,0.000943,"Intermediario"
"26.0_-83.0","26.0_-83.0",26.7300,-82.8150,0.019070,"Intermediario"
"35.0_-34.0","35.0_-34.0",35.2107,-33.9168,0.009220,"Intermediario"
"38.0_-126.0","38.0_-126.0",38.5100,-125.6300,0.000000,"Intermediario"
"17.0_-79.0","17.0_-79.0",17.3083,-78.3504,0.005284,"Intermediario"
"35.0_-172.0","35.0_-172.0",35.0217,-171.7712,0.134667,"Intermediario"
"27.0_150.0","27.0_150.0",27.8482,150.2578,0.626000,"Intermediario"
"-31.0_0.0","-31.0_0.0",-30.8800,0.9700,0.814000,"Intermediario"
"-19.0_95.0","-19.0_95.0",-18.5585,95.1633,0.040100,"Intermediario"
"50.0_0.0","50.0_0.0",50.3948,0.5665,0.137333,"Intermediario"
"28.0_129.0","28.0_129.0",28.1212,129.9675,0.132900,"Intermediario"
"15.0_-161.0","15.0_-161.0",15.1500,-160.6450,0.000000,"Intermediario"
"42.0_140.0","42.0_140.0",42.3351,140.6363,0.622025,"Intermediario"
"23.0_-83.0","23.0_-83.0",23.9225,-82.3475,0.006488,"Intermediario"
"7.0_-86.0","7.0_-86.0",7.8600,-85.6300,0.000000,"Intermediario"
"17.0_-110.0","17.0_-110.0",17.8133,-109.6967,0.003407,"Intermediario"
"13.0_-116.0","13.0_-116.0",13.8000,-115.7600,0.140000,"Intermediario"
"29.0_-74.0","29.0_-74.0",29.6650,-73.7000,0.004320,"Intermediario"
"33.0_136.0","33.0_136.0",33.5603,136.3873,0.632382,"Intermediario"
"21.0_-24.0","21.0_-24.0",21.4500,-23.4500,0.059100,"Intermediario"
"51.0_-130.0","51.0_-130.0",51.0400,-129.0800,0.029650,"Intermediario"
"23.0_-164.0","23.0_-164.0",23.5800,-163.7000,0.021100,"Intermediario"
"22.0_-86.0","22.0_-86.0",22.2100,-85.2600,0.000000,"Intermediario"
"32.0_-146.0","32.0_-146.0",32.0500,-145.0400,0.213000,"Intermediario"
"28.0_-77.0","28.0_-77.0",28.1433,-76.5433,0.003587,"Intermediario"
"15.0_-72.0","15.0_-72.0",15.5867,-71.1600,0.009047,"Intermediario"
"-14.0_127.0","-14.0_127.0",-13.7411,127.6129,0.001240,"Intermediario"
"-15.0_124.0","-15.0_124.0",-14.2833,124.7905,0.000490,"Intermediario"
"31.0_-37.0","31.0_-37.0",31.8113,-36.8788,0.027000,"Intermediario"
"39.0_19.0","39.0_19.0",39.5813,19.6066,1.251304,"Intermediario"
"24.0_-130.0","24.0_-130.0",24.4700,-129.3400,0.051500,"Intermediario"
"42.0_153.0","42.0_153.0",42.8980,153.6340,0.202880,"Intermediario"
"27.0_-58.0","27.0_-58.0",27.4660,-57.6700,0.069620,"Intermediario"
"30.0_137.0","30.0_137.0",30.7594,137.8399,0.158000,"Intermediario"
"-5.0_-132.0","-5.0_-132.0",-4.0100,-131.0700,0.000000,"Intermediario"
"17.0_-66.0","17.0_-66.0",17.2840,-65.2040,0.003240,"Intermediario"
"44.0_-82.0","44.0_-82.0",44.7676,-81.9475,0.037570,"Intermediario"
"20.0_-80.0","20.0_-80.0",20.2880,-79.7540,0.000440,"Intermediario"
"-64.0_-57.0","-64.0_-57.0",-63.6312,-56.4474,0.049000,"Intermediario"
"26.0_-70.0","26.0_-70.0",26.2600,-69.1100,0.000000,"Intermediario"
"14.0_-116.0","14.0_-116.0",14.3450,-115.6500,0.001710,"Intermediario"
"16.0_-82.0","16.0_-82.0",16.6848,-81.3728,0.002549,"Intermediario"
"39.0_-180.0","39.0_-180.0",39.3040,-179.7484,0.280600,"Intermediario"
"37.0_133.0","37.0_133.0",37.6794,133.2104,0.120000,"Intermediario"
"40.0_-158.0","40.0_-158.0",40.2100,-157.4300,0.102000,"Intermediario"
"6.0_-155.0","6.0_-155.0",6.6500,-154.1000,0.000000,"Intermediario"
"25.0_-157.0","25.0_-157.0",25.4900,-156.9500,0.000000,"Intermediario"
"1.0_-147.0","1.0_-147.0",1.7200,-146.3500,0.000000,"Intermediario"
"-22.0_72.0","-22.0_72.0",-21.2668,72.1455,0.009320,"Intermediario"
"29.0_-157.0","29.0_-157.0",29.6700,-156.5500,0.063467,"Intermediario"
"32.0_-120.0","32.0_-120.0",32.4736,-119.5677,0.028654,"Intermediario"
"45.0_-133.0","45.0_-133.0",45.6800,-132.2900,0.004540,"Intermediario"
"20.0_-149.0","20.0_-149.0",20.7800,-148.2700,0.098900,"Intermediario"
"15.0_-98.0","15.0_-98.0",15.4100,-97.8900,0.000000,"Intermediario"
"6.0_86.0","6.0_86.0",6.1637,86.9385,0.000960,"Intermediario"
"46.0_-58.0","46.0_-58.0",46.4800,-57.5825,0.015870,"Intermediario"
"-13.0_-145.0","-13.0_-145.0",-12.7200,-144.2520,0.002692,"Intermediario"
"5.0_83.0","5.0_83.0",5.6717,83.4242,0.004390,"Intermediario"
"-17.0_-153.0","-17.0_-153.0",-16.6250,-152.1775,0.004853,"Intermediario"
"7.0_-147.0","7.0_-147.0",7.3100,-146.3300,0.000000,"Intermediario"
"43.0_-3.0","43.0_-3.0",43.4882,-2.4099,0.311500,"Intermediario"
"37.0_146.0","37.0_146.0",37.9986,146.5228,0.003500,"Intermediario"
"-6.0_-142.0","-6.0_-142.0",-5.4667,-141.5667,0.000277,"Intermediario"
"23.0_-70.0","23.0_-70.0",23.3620,-69.8680,0.031480,"Intermediario"
"19.0_-82.0","19.0_-82.0",19.7067,-81.4117,0.010603,"Intermediario"
"43.0_-58.0","43.0_-58.0",43.9500,-57.2600,0.013150,"Intermediario"
"22.0_-73.0","22.0_-73.0",22.7175,-72.3700,0.004325,"Intermediario"
"53.0_-136.0","53.0_-136.0",53.3700,-135.6600,0.001040,"Intermediario"
"40.0_137.0","40.0_137.0",40.5093,137.7935,7.458000,"Intermediario"
"14.0_-66.0","14.0_-66.0",14.9000,-65.3900,0.000980,"Intermediario"
"13.0_-69.0","13.0_-69.0",13.5267,-68.6300,0.005283,"Intermediario"
"3.0_-126.0","3.0_-126.0",3.1700,-125.6600,0.000000,"Intermediario"
"32.0_-78.0","32.0_-78.0",32.4567,-77.2133,0.016900,"Intermediario"
"39.0_137.0","39.0_137.0",39.3412,137.8262,7.023250,"Intermediario"
"31.0_-150.0","31.0_-150.0",31.6600,-149.9600,0.105933,"Intermediario"
"-5.0_-145.0","-5.0_-145.0",-4.9500,-144.8200,0.000000,"Intermediario"
"16.0_-157.0","16.0_-157.0",16.4100,-156.5450,0.005510,"Intermediario"
"24.0_141.0","24.0_141.0",24.3965,141.2876,0.015450,"Intermediario"
"74.0_160.0","74.0_160.0",74.7594,160.5687,0.022500,"Intermediario"
"77.0_8.0","77.0_8.0",77.3805,8.4805,0.000000,"Intermediario"
"-3.0_-104.0","-3.0_-104.0",-2.9700,-103.1900,0.000000,"Intermediario"
"15.0_137.0","15.0_137.0",15.3670,137.2612,0.056860,"Intermediario"
"41.0_-82.0","41.0_-82.0",41.7346,-81.6746,0.484325,"Intermediario"
"18.0_-137.0","18.0_-137.0",18.6500,-136.1800,0.000000,"Intermediario"
"-4.0_-28.0","-4.0_-28.0",-3.0300,-27.3300,0.005770,"Intermediario"
"-17.0_-148.0","-17.0_-148.0",-16.1100,-147.9500,0.009350,"Intermediario"
"-27.0_-113.0","-27.0_-113.0",-26.6982,-112.8710,0.005580,"Intermediario"
"34.0_146.0","34.0_146.0",34.9617,146.5014,0.020900,"Intermediario"
"-30.0_89.0","-30.0_89.0",-29.6900,89.6900,0.030600,"Intermediario"
"41.0_-156.0","41.0_-156.0",41.3301,-155.7193,0.290500,"Intermediario"
"-9.0_-128.0","-9.0_-128.0",-8.6900,-127.4700,0.000000,"Intermediario"
"16.0_-109.0","16.0_-109.0",16.8800,-108.8600,0.068000,"Intermediario"
"67.0_41.0","67.0_41.0",67.2771,41.1985,0.013500,"Intermediario"
"58.0_0.0","58.0_0.0",58.6275,0.2288,0.019800,"Intermediario"
"71.0_-93.0","71.0_-93.0",71.9815,-92.4493,0.020400,"Intermediario"
"-12.0_-147.0","-12.0_-147.0",-11.5300,-146.7300,0.000000,"Intermediario"
"39.0_-72.0","39.0_-72.0",39.6971,-71.3207,0.004339,"Intermediario"
"37.0_-152.0","37.0_-152.0",37.7300,-151.5250,0.245000,"Intermediario"
"-32.0_113.0","-32.0_113.0",-31.5400,113.3800,0.009890,"Intermediario"
"22.0_-60.0","22.0_-60.0",22.5022,-59.7322,0.017593,"Intermediario"
"-37.0_23.0","-37.0_23.0",-36.2600,23.5356,0.020633,"Intermediario"
"-21.0_115.0","-21.0_115.0",-20.3567,115.3860,0.002553,"Intermediario"
"20.0_-75.0","20.0_-75.0",20.7200,-74.1200,0.004600,"Intermediario"
"44.0_-77.0","44.0_-77.0",44.0452,-76.6533,0.037390,"Intermediario"
"14.0_-97.0","14.0_-97.0",14.4100,-96.5000,0.003240,"Intermediario"
"37.0_-63.0","37.0_-63.0",37.2100,-62.5500,0.021600,"Intermediario"
"47.0_-9.0","47.0_-9.0",47.5003,-8.2794,6.250000,"Intermediario"
"10.0_-131.0","10.0_-131.0",10.6700,-130.8300,0.008410,"Intermediario"
"-19.0_118.0","-19.0_118.0",-18.8706,118.5144,0.004133,"Intermediario"
"-42.0_153.0","-42.0_153.0",-41.7356,153.2158,0.008870,"Intermediario"
"46.0_-6.0","46.0_-6.0",46.2501,-5.6299,4.750000,"Intermediario"
"-31.0_107.0","-31.0_107.0",-30.8000,107.1900,0.000000,"Intermediario"
"28.0_-59.0","28.0_-59.0",28.5233,-58.4278,0.131047,"Intermediario"
"23.0_-129.0","23.0_-129.0",23.0000,-128.0800,0.015900,"Intermediario"
"32.0_-65.0","32.0_-65.0",32.4887,-64.5824,0.067120,"Intermediario"
"34.0_-123.0","34.0_-123.0",34.2509,-122.5895,0.082720,"Intermediario"
"37.0_13.0","37.0_13.0",37.0374,13.1838,0.116000,"Intermediario"
"45.0_-61.0","45.0_-61.0",45.3325,-60.2900,0.001625,"Intermediario"
"2.0_147.0","2.0_147.0",2.3807,147.0403,0.004950,"Intermediario"
"40.0_-127.0","40.0_-127.0",40.0900,-126.9900,0.005200,"Intermediario"
"73.0_78.0","73.0_78.0",73.8344,78.8167,0.013500,"Intermediario"
"53.0_-15.0","53.0_-15.0",53.6352,-14.4862,11.100000,"Intermediario"
"52.0_-14.0","52.0_-14.0",52.2604,-13.8210,5.000000,"Intermediario"
"44.0_-64.0","44.0_-64.0",44.3075,-63.4550,0.001275,"Intermediario"
"77.0_120.0","77.0_120.0",77.1870,120.4003,0.000000,"Intermediario"
"30.0_-67.0","30.0_-67.0",30.6300,-66.4617,0.027000,"Intermediario"
"40.0_-72.0","40.0_-72.0",40.5200,-71.2864,0.004978,"Intermediario"
"31.0_-68.0","31.0_-68.0",31.4052,-67.4090,0.088495,"Intermediario"
"-38.0_127.0","-38.0_127.0",-37.8900,127.7500,0.000000,"Intermediario"
"54.0_-12.0","54.0_-12.0",54.4540,-11.6046,6.153846,"Intermediario"
"11.0_-136.0","11.0_-136.0",11.3300,-135.7500,0.000000,"Intermediario"
"29.0_-43.0","29.0_-43.0",29.6950,-42.4807,0.078600,"Intermediario"
"42.0_-126.0","42.0_-126.0",42.4900,-125.8200,0.000000,"Intermediario"
"34.0_133.0","34.0_133.0",34.3187,133.5407,1.422200,"Intermediario"
"39.0_41.0","39.0_41.0",39.3442,41.2616,0.328333,"Intermediario"
"42.0_-66.0","42.0_-66.0",42.5457,-65.5743,0.022093,"Intermediario"
"48.0_-139.0","48.0_-139.0",48.0900,-138.5000,0.002400,"Intermediario"
"22.0_-159.0","22.0_-159.0",22.5143,-158.6214,0.011376,"Intermediario"
"21.0_155.0","21.0_155.0",21.5837,155.3391,0.003880,"Intermediario"
"34.0_-59.0","34.0_-59.0",34.4825,-58.2175,0.043668,"Intermediario"
"32.0_135.0","32.0_135.0",32.3433,135.4400,0.365233,"Intermediario"
"43.0_-63.0","43.0_-63.0",43.6050,-62.5250,0.005400,"Intermediario"
"-10.0_-141.0","-10.0_-141.0",-9.3381,-140.6025,0.000287,"Intermediario"
"-11.0_-146.0","-11.0_-146.0",-10.6800,-145.4100,0.000367,"Intermediario"
"25.0_-126.0","25.0_-126.0",25.5100,-125.5850,0.000000,"Intermediario"
"19.0_-64.0","19.0_-64.0",19.5000,-63.7600,0.049700,"Intermediario"
"36.0_-151.0","36.0_-151.0",36.6200,-150.6800,0.374000,"Intermediario"
"38.0_-139.0","38.0_-139.0",38.1169,-138.9330,7.370000,"Intermediario"
"69.0_47.0","69.0_47.0",69.5586,47.7056,0.018000,"Intermediario"
"-35.0_-47.0","-35.0_-47.0",-34.9393,-46.2998,0.025200,"Intermediario"
"18.0_-106.0","18.0_-106.0",18.1800,-105.8200,0.001080,"Intermediario"
"18.0_-76.0","18.0_-76.0",18.6035,-75.4318,0.014401,"Intermediario"
"-27.0_167.0","-27.0_167.0",-26.2873,167.0116,0.003570,"Intermediario"
"-36.0_118.0","-36.0_118.0",-35.3165,118.6160,0.001220,"Intermediario"
"4.0_-127.0","4.0_-127.0",4.7800,-126.0200,0.000000,"Intermediario"
"41.0_8.0","41.0_8.0",41.1767,8.3406,0.224857,"Intermediario"
"12.0_-68.0","12.0_-68.0",12.2733,-67.5744,0.003844,"Intermediario"
"77.0_73.0","77.0_73.0",77.2560,73.2562,0.000000,"Intermediario"
"-2.0_-96.0","-2.0_-96.0",-1.5200,-96.0000,0.000000,"Intermediario"
"27.0_-80.0","27.0_-80.0",27.5247,-79.5947,0.006520,"Intermediario"
"47.0_-11.0","47.0_-11.0",47.6958,-10.5487,5.250000,"Intermediario"
"11.0_-167.0","11.0_-167.0",11.8000,-166.4100,0.000000,"Intermediario"
"29.0_-56.0","29.0_-56.0",29.6467,-55.3933,0.037903,"Intermediario"
"3.0_146.0","3.0_146.0",3.6105,146.3382,0.102567,"Intermediario"
"65.0_39.0","65.0_39.0",65.4850,39.4665,0.000000,"Intermediario"
"21.0_-110.0","21.0_-110.0",21.4800,-109.5075,0.000900,"Intermediario"
"-19.0_-176.0","-19.0_-176.0",-18.5700,-175.8300,0.011600,"Intermediario"
"76.0_17.0","76.0_17.0",76.1542,17.6731,0.000000,"Intermediario"
"61.0_-4.0","61.0_-4.0",61.3041,-3.7096,5.833333,"Intermediario"
"13.0_-151.0","13.0_-151.0",13.3550,-150.6100,0.000000,"Intermediario"
"11.0_-58.0","11.0_-58.0",11.5700,-57.8767,0.000000,"Intermediario"
"21.0_-72.0","21.0_-72.0",21.4900,-71.2950,0.003260,"Intermediario"
"-2.0_-152.0","-2.0_-152.0",-1.6700,-151.2900,0.000000,"Intermediario"
"48.0_-126.0","48.0_-126.0",48.4100,-125.5100,0.000000,"Intermediario"
"79.0_66.0","79.0_66.0",79.2027,66.5749,0.025100,"Intermediario"
"8.0_-165.0","8.0_-165.0",8.8900,-164.7300,0.000000,"Intermediario"
"68.0_44.0","68.0_44.0",68.5913,44.1215,0.000000,"Intermediario"
"32.0_-159.0","32.0_-159.0",32.8450,-158.4850,0.056900,"Intermediario"
"-28.0_-15.0","-28.0_-15.0",-27.6412,-14.3013,0.472000,"Intermediario"
"-34.0_155.0","-34.0_155.0",-33.1217,155.8458,0.020100,"Intermediario"
"28.0_-117.0","28.0_-117.0",28.4467,-116.3967,0.000000,"Intermediario"
"34.0_-15.0","34.0_-15.0",34.7000,-15.0000,0.008250,"Intermediario"
"37.0_26.0","37.0_26.0",37.5800,26.4000,0.108000,"Intermediario"
"33.0_-160.0","33.0_-160.0",33.3040,-159.2850,0.091167,"Intermediario"
"36.0_23.0","36.0_23.0",36.4115,23.3155,0.912500,"Intermediario"
"-30.0_76.0","-30.0_76.0",-29.8900,76.0800,0.133000,"Intermediario"
"30.0_-118.0","30.0_-118.0",30.6000,-117.4700,0.000000,"Intermediario"
"51.0_-7.0","51.0_-7.0",51.4386,-6.5478,57.760870,"Intermediario"
"60.0_-1.0","60.0_-1.0",60.3747,-0.8823,0.005533,"Intermediario"
"3.0_-157.0","3.0_-157.0",3.0600,-156.8500,0.000000,"Intermediario"
"24.0_-156.0","24.0_-156.0",24.6100,-155.6800,0.000000,"Intermediario"
"30.0_-171.0","30.0_-171.0",30.9200,-170.6100,0.032000,"Intermediario"
"21.0_-153.0","21.0_-153.0",21.2650,-152.1850,0.038200,"Intermediario"
"40.0_5.0","40.0_5.0",40.0741,5.9382,0.390000,"Intermediario"
"-11.0_-148.0","-11.0_-148.0",-10.9000,-147.4300,0.000000,"Intermediario"
"74.0_18.0","74.0_18.0",74.2746,18.5967,0.000000,"Intermediario"
"-14.0_-142.0","-14.0_-142.0",-13.3033,-141.1500,0.000000,"Intermediario"
"17.0_-83.0","17.0_-83.0",17.4544,-82.5233,0.004689,"Intermediario"
"-26.0_-10.0","-26.0_-10.0",-25.3823,-9.2272,0.140000,"Intermediario"
"21.0_-73.0","21.0_-73.0",21.3043,-72.7200,0.000314,"Intermediario"
"13.0_-152.0","13.0_-152.0",13.8800,-151.6300,0.000000,"Intermediario"
"48.0_-125.0","48.0_-125.0",48.3400,-124.9300,0.001040,"Intermediario"
"39.0_6.0","39.0_6.0",39.8000,6.8049,7.390000,"Intermediario"
"-36.0_-48.0","-36.0_-48.0",-35.1497,-47.8308,0.111000,"Intermediario"
"28.0_-81.0","28.0_-81.0",28.4933,-80.0600,0.022837,"Intermediario"
"14.0_-133.0","14.0_-133.0",14.5100,-132.6100,0.002950,"Intermediario"
"25.0_153.0","25.0_153.0",25.7062,153.2397,0.008140,"Intermediario"
"6.0_92.0","6.0_92.0",6.4852,92.5807,0.043800,"Intermediario"
"-59.0_124.0","-59.0_124.0",-58.0099,124.8555,0.003870,"Intermediario"
"27.0_-123.0","27.0_-123.0",27.6450,-122.2000,0.001676,"Intermediario"
"34.0_-154.0","34.0_-154.0",34.6850,-153.8700,0.103850,"Intermediario"
"-35.0_-18.0","-35.0_-18.0",-34.6048,-17.1887,0.526000,"Intermediario"
"19.0_-77.0","19.0_-77.0",19.2850,-76.6250,0.001620,"Intermediario"
"40.0_141.0","40.0_141.0",40.6964,141.7832,2.908167,"Intermediario"
"-38.0_24.0","-38.0_24.0",-37.7136,24.5536,0.069300,"Intermediario"
"-16.0_-148.0","-16.0_-148.0",-15.4400,-147.2600,0.000000,"Intermediario"
"-58.0_-68.0","-58.0_-68.0",-57.7642,-67.0034,0.001910,"Intermediario"
"32.0_-18.0","32.0_-18.0",32.0800,-17.2700,0.163000,"Intermediario"
"29.0_-58.0","29.0_-58.0",29.6950,-57.4300,0.062100,"Intermediario"
"31.0_137.0","31.0_137.0",31.6568,137.3466,0.059800,"Intermediario"
"41.0_-22.0","41.0_-22.0",41.0100,-21.8100,0.033900,"Intermediario"
"24.0_123.0","24.0_123.0",24.4912,123.4163,0.422000,"Intermediario"
"17.0_-160.0","17.0_-160.0",17.3750,-159.4950,0.000965,"Intermediario"
"-25.0_-37.0","-25.0_-37.0",-24.3200,-36.2200,0.233000,"Intermediario"
"15.0_-158.0","15.0_-158.0",15.8750,-157.7900,0.001305,"Intermediario"
"37.0_-1.0","37.0_-1.0",37.4682,-0.8926,1.534154,"Intermediario"
"31.0_-41.0","31.0_-41.0",31.3922,-40.0811,0.165000,"Intermediario"
"-22.0_68.0","-22.0_68.0",-21.0490,68.4367,0.052600,"Intermediario"
"12.0_-118.0","12.0_-118.0",12.6900,-117.5600,0.000000,"Intermediario"
"-18.0_-150.0","-18.0_-150.0",-17.2133,-149.6900,0.001005,"Intermediario"
"8.0_-121.0","8.0_-121.0",8.7100,-120.4800,0.000000,"Intermediario"
"16.0_-66.0","16.0_-66.0",16.4514,-65.4657,0.002466,"Intermediario"
"25.0_-70.0","25.0_-70.0",25.2500,-69.4200,0.009700,"Intermediario"
"-33.0_9.0","-33.0_9.0",-32.2200,9.3500,0.077500,"Intermediario"
"24.0_136.0","24.0_136.0",24.3804,136.1413,0.683500,"Intermediario"
"33.0_140.0","33.0_140.0",33.3617,140.4918,0.008300,"Intermediario"
"24.0_-84.0","24.0_-84.0",24.4246,-83.4886,0.019150,"Intermediario"
"17.0_-70.0","17.0_-70.0",17.7200,-69.2000,0.000000,"Intermediario"
"33.0_-162.0","33.0_-162.0",33.5000,-161.2300,0.021700,"Intermediario"
"36.0_25.0","36.0_25.0",36.4517,25.2630,1.758333,"Intermediario"
"27.0_-64.0","27.0_-64.0",27.2600,-63.0200,0.015400,"Intermediario"
"12.0_-69.0","12.0_-69.0",12.3667,-68.4700,0.006300,"Intermediario"
"35.0_134.0","35.0_134.0",35.8197,134.6035,2.754000,"Intermediario"
"20.0_139.0","20.0_139.0",20.9981,139.9958,0.141000,"Intermediario"
"40.0_17.0","40.0_17.0",40.7612,17.7833,0.780000,"Intermediario"
"18.0_-154.0","18.0_-154.0",18.4250,-153.5450,0.000199,"Intermediario"
"39.0_142.0","39.0_142.0",39.5949,142.4199,9.380850,"Intermediario"
"34.0_-141.0","34.0_-141.0",34.3163,-140.5913,3.720000,"Intermediario"
"-23.0_-30.0","-23.0_-30.0",-22.2970,-29.2472,0.007700,"Intermediario"
"-47.0_51.0","-47.0_51.0",-46.1650,51.0160,0.000000,"Intermediario"
"57.0_-6.0","57.0_-6.0",57.8863,-5.8211,0.979667,"Intermediario"
"4.0_-157.0","4.0_-157.0",4.4220,-156.5380,0.001347,"Intermediario"
"39.0_-130.0","39.0_-130.0",39.5750,-129.1900,0.008965,"Intermediario"
"-25.0_99.0","-25.0_99.0",-24.3947,99.5107,0.012500,"Intermediario"
"26.0_-78.0","26.0_-78.0",26.2450,-77.7725,0.023675,"Intermediario"
"31.0_-147.0","31.0_-147.0",31.5100,-146.6300,0.259000,"Intermediario"
"-7.0_-142.0","-7.0_-142.0",-6.7300,-141.4550,0.000000,"Intermediario"
"30.0_-148.0","30.0_-148.0",30.7400,-147.7300,0.177000,"Intermediario"
"8.0_-147.0","8.0_-147.0",8.1900,-146.9900,0.000770,"Intermediario"
"-41.0_160.0","-41.0_160.0",-40.0545,160.1017,0.003010,"Intermediario"
"11.0_-137.0","11.0_-137.0",11.4167,-136.4900,0.000380,"Intermediario"
"37.0_-150.0","37.0_-150.0",37.1200,-149.6400,0.231450,"Intermediario"
"-33.0_-90.0","-33.0_-90.0",-32.2052,-89.4267,0.003160,"Intermediario"
"-54.0_81.0","-54.0_81.0",-53.1143,81.7710,0.000000,"Intermediario"
"72.0_-159.0","72.0_-159.0",72.2071,-158.2773,0.154000,"Intermediario"
"13.0_-73.0","13.0_-73.0",13.8000,-72.4800,0.012000,"Intermediario"
"42.0_-65.0","42.0_-65.0",42.5763,-64.3850,0.004400,"Intermediario"
"43.0_-149.0","43.0_-149.0",43.1700,-148.1600,0.000000,"Intermediario"
"32.0_-128.0","32.0_-128.0",32.2584,-127.3653,0.159000,"Intermediario"
"41.0_-66.0","41.0_-66.0",41.4623,-65.5408,0.003620,"Intermediario"
"15.0_-114.0","15.0_-114.0",15.7500,-113.2700,0.000000,"Intermediario"
"49.0_-6.0","49.0_-6.0",49.4138,-5.3905,0.066000,"Intermediario"
"56.0_-3.0","56.0_-3.0",56.3213,-2.5561,0.037430,"Intermediario"
"58.0_-9.0","58.0_-9.0",58.5001,-8.3742,7.077500,"Intermediario"
"-29.0_-107.0","-29.0_-107.0",-28.1885,-106.3073,0.028200,"Intermediario"
"15.0_141.0","15.0_141.0",15.5467,141.1747,0.015900,"Intermediario"
"54.0_-14.0","54.0_-14.0",54.4733,-13.4536,13.785714,"Intermediario"
"40.0_-151.0","40.0_-151.0",40.5133,-150.1600,0.138000,"Intermediario"
"25.0_-83.0","25.0_-83.0",25.3650,-82.7163,0.005240,"Intermediario"
"54.0_-133.0","54.0_-133.0",54.3300,-132.7050,0.002160,"Intermediario"
"34.0_135.0","34.0_135.0",34.4061,135.2862,0.305233,"Intermediario"
"-26.0_106.0","-26.0_106.0",-25.6772,106.5336,0.119000,"Intermediario"
"26.0_-65.0","26.0_-65.0",26.4450,-64.6550,0.059550,"Intermediario"
"35.0_-122.0","35.0_-122.0",35.5500,-121.9233,0.000000,"Intermediario"
"26.0_-155.0","26.0_-155.0",26.6280,-154.0460,0.002620,"Intermediario"
"-27.0_-40.0","-27.0_-40.0",-26.3881,-39.9167,0.010900,"Intermediario"
"57.0_-160.0","57.0_-160.0",57.2780,-159.6620,0.000000,"Intermediario"
"25.0_-161.0","25.0_-161.0",25.3500,-160.9500,0.023200,"Intermediario"
"42.0_4.0","42.0_4.0",42.9156,4.4974,0.791000,"Intermediario"
"16.0_-79.0","16.0_-79.0",16.4778,-78.5678,0.004962,"Intermediario"
"-14.0_144.0","-14.0_144.0",-13.6378,144.0752,0.004904,"Intermediario"
"38.0_143.0","38.0_143.0",38.2668,143.3899,0.256437,"Intermediario"
"24.0_-114.0","24.0_-114.0",24.8150,-113.2500,0.000000,"Intermediario"
"23.0_-128.0","23.0_-128.0",23.9100,-127.4700,0.056500,"Intermediario"
"48.0_-3.0","48.0_-3.0",48.7668,-2.4299,0.077000,"Intermediario"
"12.0_130.0","12.0_130.0",12.5048,130.2707,0.174000,"Intermediario"
"26.0_152.0","26.0_152.0",26.3517,152.2958,0.061200,"Intermediario"
"18.0_-82.0","18.0_-82.0",18.2850,-81.5500,0.000000,"Intermediario"
"-30.0_92.0","-30.0_92.0",-29.6500,92.9700,0.076100,"Intermediario"
"13.0_-60.0","13.0_-60.0",13.4836,-59.6836,0.026586,"Intermediario"
"20.0_-25.0","20.0_-25.0",20.2600,-24.2500,0.014100,"Intermediario"
"27.0_129.0","27.0_129.0",27.4545,129.4355,0.071700,"Intermediario"
"39.0_-125.0","39.0_-125.0",39.1800,-124.3600,0.000000,"Intermediario"
"45.0_-45.0","45.0_-45.0",45.5800,-44.8300,0.001080,"Intermediario"
"-8.0_-136.0","-8.0_-136.0",-7.3600,-135.3000,0.000000,"Intermediario"
"29.0_-80.0","29.0_-80.0",29.4314,-79.4914,0.004909,"Intermediario"
"38.0_-144.0","38.0_-144.0",38.5300,-143.9100,0.390000,"Intermediario"
"33.0_-144.0","33.0_-144.0",33.4972,-143.0771,0.160000,"Intermediario"
"16.0_-84.0","16.0_-84.0",16.6768,-83.5268,0.005186,"Intermediario"
"20.0_-154.0","20.0_-154.0",20.1850,-153.6650,0.006740,"Intermediario"
"7.0_-122.0","7.0_-122.0",7.7400,-121.2200,0.000000,"Intermediario"
"31.0_-72.0","31.0_-72.0",31.4688,-71.4138,0.082095,"Intermediario"
"22.0_-152.0","22.0_-152.0",22.3000,-151.0300,0.013600,"Intermediario"
"22.0_-68.0","22.0_-68.0",22.3500,-67.7700,0.005400,"Intermediario"
"13.0_-134.0","13.0_-134.0",13.8000,-133.1300,0.000932,"Intermediario"
"35.0_-153.0","35.0_-153.0",35.4100,-152.6200,0.321000,"Intermediario"
"77.0_10.0","77.0_10.0",77.6415,10.3769,0.007820,"Intermediario"
"16.0_-100.0","16.0_-100.0",16.3300,-99.2400,0.010800,"Intermediario"
"23.0_124.0","23.0_124.0",23.6396,124.7830,0.069300,"Intermediario"
"30.0_-153.0","30.0_-153.0",30.2000,-152.6700,0.067000,"Intermediario"
"4.0_-144.0","4.0_-144.0",4.3867,-143.6800,0.000225,"Intermediario"
"-7.0_-155.0","-7.0_-155.0",-6.3400,-154.5950,0.000409,"Intermediario"
"-17.0_-151.0","-17.0_-151.0",-16.7840,-150.6300,0.001886,"Intermediario"
"59.0_-5.0","59.0_-5.0",59.9335,-4.7500,5.500000,"Intermediario"
"33.0_-66.0","33.0_-66.0",33.5975,-65.4794,0.064674,"Intermediario"
"78.0_13.0","78.0_13.0",78.0618,13.4831,0.042600,"Intermediario"
"35.0_-64.0","35.0_-64.0",35.6140,-63.5790,0.053990,"Intermediario"
"-5.0_-158.0","-5.0_-158.0",-4.6200,-157.3800,0.000000,"Intermediario"
"3.0_-89.0","3.0_-89.0",3.3700,-88.0850,0.000540,"Intermediario"
"42.0_-70.0","42.0_-70.0",42.5086,-69.5313,0.005285,"Intermediario"
"-1.0_-141.0","-1.0_-141.0",-0.5150,-140.2550,0.000000,"Intermediario"
"24.0_-109.0","24.0_-109.0",24.3250,-108.3400,0.010650,"Intermediario"
"34.0_-172.0","34.0_-172.0",34.9987,-171.8237,0.108000,"Intermediario"
"30.0_-166.0","30.0_-166.0",30.5548,-165.4176,0.062300,"Intermediario"
"12.0_-140.0","12.0_-140.0",12.7500,-139.6400,0.002245,"Intermediario"
"55.0_-13.0","55.0_-13.0",55.5766,-12.1074,11.500000,"Intermediario"
"29.0_126.0","29.0_126.0",29.4993,126.6297,1.240000,"Intermediario"
"73.0_130.0","73.0_130.0",73.3558,130.1355,0.000000,"Intermediario"
"37.0_-58.0","37.0_-58.0",37.4500,-57.4200,0.014650,"Intermediario"
"47.0_-126.0","47.0_-126.0",47.5450,-125.1450,0.000535,"Intermediario"
"14.0_-151.0","14.0_-151.0",14.6267,-150.7233,0.001293,"Intermediario"
"-19.0_-35.0","-19.0_-35.0",-18.4200,-34.6400,0.047300,"Intermediario"
"-30.0_-100.0","-30.0_-100.0",-29.3441,-99.7966,0.115000,"Intermediario"
"44.0_-148.0","44.0_-148.0",44.9800,-147.7400,0.000000,"Intermediario"
"26.0_-111.0","26.0_-111.0",26.1333,-110.6667,0.000360,"Intermediario"
"77.0_67.0","77.0_67.0",77.9817,67.8004,0.432000,"Intermediario"
"45.0_-58.0","45.0_-58.0",45.5250,-57.7400,0.051850,"Intermediario"
"39.0_-138.0","39.0_-138.0",39.1950,-137.8550,0.370500,"Intermediario"
"29.0_-158.0","29.0_-158.0",29.7400,-157.6060,0.012606,"Intermediario"
"2.0_-146.0","2.0_-146.0",2.2800,-145.5500,0.000000,"Intermediario"
"39.0_-68.0","39.0_-68.0",39.8600,-67.5633,0.000000,"Intermediario"
"55.0_-163.0","55.0_-163.0",55.5347,-162.8857,0.043767,"Intermediario"
"77.0_116.0","77.0_116.0",77.9252,116.9123,0.000000,"Intermediario"
"36.0_146.0","36.0_146.0",36.9950,146.4900,0.003200,"Intermediario"
"39.0_12.0","39.0_12.0",39.8242,12.5245,0.383000,"Intermediario"
"57.0_-10.0","57.0_-10.0",57.6126,-9.3773,4.756154,"Intermediario"
"27.0_-77.0","27.0_-77.0",27.4933,-76.4400,0.006000,"Intermediario"
"20.0_-69.0","20.0_-69.0",20.5927,-68.3836,0.057402,"Intermediario"
"35.0_147.0","35.0_147.0",35.0083,147.9928,0.000075,"Intermediario"
"35.0_-140.0","35.0_-140.0",35.7985,-139.7876,5.216933,"Intermediario"
"48.0_-130.0","48.0_-130.0",48.5650,-129.4200,0.000000,"Intermediario"
"-32.0_-91.0","-32.0_-91.0",-31.9780,-90.4108,0.009160,"Intermediario"
"74.0_84.0","74.0_84.0",74.8638,84.5023,0.022500,"Intermediario"
"13.0_-147.0","13.0_-147.0",13.9900,-146.7500,0.007980,"Intermediario"
"46.0_-88.0","46.0_-88.0",46.6755,-87.3910,0.046156,"Intermediario"
"20.0_-110.0","20.0_-110.0",20.8850,-109.4550,0.000000,"Intermediario"
"15.0_-145.0","15.0_-145.0",15.9800,-144.0600,0.000000,"Intermediario"
"-63.0_-59.0","-63.0_-59.0",-62.1000,-58.9000,0.005720,"Intermediario"
"9.0_-150.0","9.0_-150.0",9.2800,-149.3500,0.000000,"Intermediario"
"8.0_-116.0","8.0_-116.0",8.3800,-115.9900,0.001080,"Intermediario"
"30.0_168.0","30.0_168.0",30.0770,168.1330,0.096000,"Intermediario"
"-27.0_-22.0","-27.0_-22.0",-26.9400,-21.4000,0.466000,"Intermediario"
"5.0_-138.0","5.0_-138.0",5.2500,-137.0600,0.000000,"Intermediario"
"12.0_-60.0","12.0_-60.0",12.5067,-59.7367,0.003450,"Intermediario"
"-38.0_150.0","-38.0_150.0",-37.6281,150.3998,0.008170,"Intermediario"
"11.0_-61.0","11.0_-61.0",11.6025,-60.3512,0.001763,"Intermediario"
"38.0_-131.0","38.0_-131.0",38.7400,-130.5000,0.144000,"Intermediario"
"11.0_-106.0","11.0_-106.0",11.3500,-105.0100,0.030500,"Intermediario"
"28.0_-76.0","28.0_-76.0",28.5050,-75.7500,0.012950,"Intermediario"
"-25.0_155.0","-25.0_155.0",-24.9232,155.1971,0.000738,"Intermediario"
"-4.0_-133.0","-4.0_-133.0",-3.0900,-132.5400,0.000000,"Intermediario"
"40.0_-67.0","40.0_-67.0",40.3671,-66.3943,0.014343,"Intermediario"
"27.0_-118.0","27.0_-118.0",27.9000,-117.1800,0.000000,"Intermediario"
"18.0_-110.0","18.0_-110.0",18.5450,-109.6550,0.001800,"Intermediario"
"56.0_-12.0","56.0_-12.0",56.8037,-11.0003,6.500000,"Intermediario"
"34.0_-65.0","34.0_-65.0",34.6021,-64.5917,0.221350,"Intermediario"
"-26.0_-36.0","-26.0_-36.0",-25.9061,-35.2254,0.012900,"Intermediario"
"23.0_-159.0","23.0_-159.0",23.4643,-158.8057,0.007879,"Intermediario"
"28.0_-63.0","28.0_-63.0",28.0000,-62.3000,0.025900,"Intermediario"
"2.0_-159.0","2.0_-159.0",2.5300,-158.8900,0.003080,"Intermediario"
"25.0_-130.0","25.0_-130.0",25.6900,-129.3100,0.001730,"Intermediario"
"-37.0_120.0","-37.0_120.0",-36.6300,120.8400,0.008280,"Intermediario"
"11.0_-119.0","11.0_-119.0",11.6300,-118.7200,0.000000,"Intermediario"
"23.0_137.0","23.0_137.0",23.6963,137.4312,4.770000,"Intermediario"
"-33.0_-11.0","-33.0_-11.0",-32.6070,-10.2000,0.352000,"Intermediario"
"30.0_-122.0","30.0_-122.0",30.7687,-121.5366,0.022557,"Intermediario"
"24.0_-71.0","24.0_-71.0",24.4356,-70.3500,0.026689,"Intermediario"
"36.0_133.0","36.0_133.0",36.3804,133.5911,0.795335,"Intermediario"
"19.0_-59.0","19.0_-59.0",19.5713,-58.4563,0.008113,"Intermediario"
"30.0_-72.0","30.0_-72.0",30.6700,-71.5580,0.105320,"Intermediario"
"42.0_-83.0","42.0_-83.0",42.6740,-82.5896,0.083275,"Intermediario"
"17.0_135.0","17.0_135.0",17.2317,135.8283,0.200000,"Intermediario"
"44.0_-59.0","44.0_-59.0",44.9500,-58.4200,0.017700,"Intermediario"
"-1.0_-154.0","-1.0_-154.0",-0.2050,-153.5550,0.000000,"Intermediario"
"31.0_155.0","31.0_155.0",31.2728,155.3199,0.027000,"Intermediario"
"23.0_-85.0","23.0_-85.0",23.3550,-84.1350,0.004320,"Intermediario"
"-41.0_155.0","-41.0_155.0",-40.6347,155.8901,0.003635,"Intermediario"
"27.0_151.0","27.0_151.0",27.0833,151.3647,0.038000,"Intermediario"
"9.0_-163.0","9.0_-163.0",9.3700,-162.3550,0.001080,"Intermediario"
"53.0_-135.0","53.0_-135.0",53.2600,-134.1500,0.000000,"Intermediario"
"23.0_-71.0","23.0_-71.0",23.5510,-70.5160,0.030626,"Intermediario"
"6.0_-123.0","6.0_-123.0",6.0500,-122.0600,0.000000,"Intermediario"
"-12.0_87.0","-12.0_87.0",-11.0141,87.4279,0.218900,"Intermediario"
"23.0_-163.0","23.0_-163.0",23.2050,-162.4350,0.015800,"Intermediario"
"31.0_-164.0","31.0_-164.0",31.3098,-163.9940,0.600000,"Intermediario"
"-20.0_-28.0","-20.0_-28.0",-19.7983,-27.3385,0.012500,"Intermediario"
"19.0_-81.0","19.0_-81.0",19.3040,-80.4920,0.000612,"Intermediario"
"14.0_-67.0","14.0_-67.0",14.3500,-66.3260,0.004892,"Intermediario"
"43.0_9.0","43.0_9.0",43.1686,9.5960,6.581333,"Intermediario"
"28.0_128.0","28.0_128.0",28.4394,128.8460,0.017100,"Intermediario"
"15.0_-162.0","15.0_-162.0",15.4600,-161.0600,0.001240,"Intermediario"
"25.0_-65.0","25.0_-65.0",25.2300,-64.7400,0.225000,"Intermediario"
"32.0_-79.0","32.0_-79.0",32.0700,-78.2100,0.002200,"Intermediario"
"40.0_-133.0","40.0_-133.0",40.4650,-132.4350,0.015550,"Intermediario"
"39.0_138.0","39.0_138.0",39.2057,138.6620,0.796714,"Intermediario"
"17.0_-111.0","17.0_-111.0",17.5450,-110.3000,0.003375,"Intermediario"
"10.0_-161.0","10.0_-161.0",10.4550,-160.5300,0.000000,"Intermediario"
"30.0_-73.0","30.0_-73.0",30.5175,-72.4325,0.076615,"Intermediario"
"5.0_-155.0","5.0_-155.0",5.6900,-154.2000,0.000000,"Intermediario"
"-35.0_-79.0","-35.0_-79.0",-34.3700,-78.3750,0.006030,"Intermediario"
"33.0_135.0","33.0_135.0",33.2839,135.4814,0.558900,"Intermediario"
"32.0_-145.0","32.0_-145.0",32.7100,-144.1600,0.242000,"Intermediario"
"21.0_-69.0","21.0_-69.0",21.2122,-68.4778,0.009989,"Intermediario"
"41.0_-83.0","41.0_-83.0",41.8109,-82.6696,0.111002,"Intermediario"
"40.0_149.0","40.0_149.0",40.8124,149.4317,0.191903,"Intermediario"
"11.0_-142.0","11.0_-142.0",11.2900,-141.9600,0.004240,"Intermediario"
"-40.0_138.0","-40.0_138.0",-39.8700,138.7400,0.000000,"Intermediario"
"42.0_152.0","42.0_152.0",42.5550,152.9350,0.244490,"Intermediario"
"18.0_-64.0","18.0_-64.0",18.5333,-63.7667,0.018153,"Intermediario"
"22.0_-129.0","22.0_-129.0",22.0300,-128.6400,0.016500,"Intermediario"
"25.0_-78.0","25.0_-78.0",25.7233,-77.4900,0.021128,"Intermediario"
"-8.0_-30.0","-8.0_-30.0",-7.2800,-29.3200,0.022800,"Intermediario"
"55.0_-9.0","55.0_-9.0",55.5130,-8.4638,1.615385,"Intermediario"
"40.0_-146.0","40.0_-146.0",40.5800,-145.0800,0.012100,"Intermediario"
"29.0_-62.0","29.0_-62.0",29.4267,-61.5744,0.051651,"Intermediario"
"-8.0_-118.0","-8.0_-118.0",-7.3900,-117.2300,0.000000,"Intermediario"
"36.0_-76.0","36.0_-76.0",36.4400,-75.5000,0.000000,"Intermediario"
"11.0_-155.0","11.0_-155.0",11.5200,-154.9300,0.000000,"Intermediario"
"-6.0_-156.0","-6.0_-156.0",-5.3000,-155.0300,0.000000,"Intermediario"
"37.0_132.0","37.0_132.0",37.5563,132.6963,0.130500,"Intermediario"
"17.0_-78.0","17.0_-78.0",17.3774,-77.5216,0.009575,"Intermediario"
"6.0_87.0","6.0_87.0",6.2427,87.6247,0.001310,"Intermediario"
"12.0_-61.0","12.0_-61.0",12.5523,-60.2377,0.001674,"Intermediario"
"-33.0_-85.0","-33.0_-85.0",-32.9105,-84.4851,0.001210,"Intermediario"
"54.0_-6.0","54.0_-6.0",54.7988,-5.1892,0.140900,"Intermediario"
"-3.0_-129.0","-3.0_-129.0",-2.6600,-128.5400,0.000000,"Intermediario"
"32.0_-66.0","32.0_-66.0",32.3323,-65.3615,0.060046,"Intermediario"
"-24.0_-37.0","-24.0_-37.0",-23.8868,-36.6933,0.014800,"Intermediario"
"33.0_-65.0","33.0_-65.0",33.6037,-64.6470,0.124237,"Intermediario"
"-19.0_96.0","-19.0_96.0",-18.5121,96.5486,0.024600,"Intermediario"
"-7.0_98.0","-7.0_98.0",-6.5651,98.4470,0.012400,"Intermediario"
"40.0_136.0","40.0_136.0",40.4886,136.9035,5.580000,"Intermediario"
"28.0_-45.0","28.0_-45.0",28.3300,-44.9782,1.030000,"Intermediario"
"41.0_-70.0","41.0_-70.0",41.6603,-69.3074,0.002297,"Intermediario"
"-34.0_-36.0","-34.0_-36.0",-33.9352,-35.5030,0.006540,"Intermediario"
"22.0_-85.0","22.0_-85.0",22.9300,-84.8500,0.004320,"Intermediario"
"13.0_-117.0","13.0_-117.0",13.7100,-116.2100,0.000865,"Intermediario"
"17.0_-155.0","17.0_-155.0",17.1200,-154.7000,0.000000,"Intermediario"
"29.0_-75.0","29.0_-75.0",29.4700,-74.5450,0.013750,"Intermediario"
"39.0_-139.0","39.0_-139.0",39.1200,-138.8100,0.105000,"Intermediario"
"-37.0_151.0","-37.0_151.0",-36.6400,151.0100,0.007990,"Intermediario"
"33.0_-139.0","33.0_-139.0",33.7402,-138.3655,0.350400,"Intermediario"
"77.0_9.0","77.0_9.0",77.4935,9.3215,0.000000,"Intermediario"
"-31.0_-25.0","-31.0_-25.0",-30.8960,-24.0645,0.758000,"Intermediario"
"16.0_-70.0","16.0_-70.0",16.5200,-69.3100,0.001440,"Intermediario"
"42.0_-138.0","42.0_-138.0",42.3167,-137.4006,0.116960,"Intermediario"
"4.0_-161.0","4.0_-161.0",4.4629,-160.6800,0.006329,"Intermediario"
"-27.0_-114.0","-27.0_-114.0",-26.6027,-113.8575,0.003160,"Intermediario"
"41.0_-157.0","41.0_-157.0",41.0398,-156.2367,0.165000,"Intermediario"
"17.0_-65.0","17.0_-65.0",17.5364,-64.6576,0.006088,"Intermediario"
"-28.0_-108.0","-28.0_-108.0",-27.8781,-107.2460,0.009920,"Intermediario"
"30.0_138.0","30.0_138.0",30.3140,138.4316,0.029515,"Intermediario"
"29.0_131.0","29.0_131.0",29.3986,131.5228,0.335000,"Intermediario"
"27.0_-59.0","27.0_-59.0",27.6850,-58.5250,0.141775,"Intermediario"
"-27.0_153.0","-27.0_153.0",-26.7186,153.3792,0.017365,"Intermediario"
"16.0_-169.0","16.0_-169.0",16.0300,-168.1800,0.000000,"Intermediario"
"25.0_135.0","25.0_135.0",25.9792,135.7352,0.388000,"Intermediario"
"32.0_-132.0","32.0_-132.0",32.5632,-131.4839,0.124000,"Intermediario"
"38.0_-145.0","38.0_-145.0",38.9900,-144.5900,0.000000,"Intermediario"
"-12.0_-146.0","-12.0_-146.0",-11.6900,-145.2900,0.001500,"Intermediario"
"72.0_139.0","72.0_139.0",72.4964,139.0928,0.013500,"Intermediario"
"39.0_-73.0","39.0_-73.0",39.4575,-72.2625,0.009200,"Intermediario"
"16.0_-83.0","16.0_-83.0",16.6233,-82.4192,0.014683,"Intermediario"
"14.0_-115.0","14.0_-115.0",14.6700,-114.5450,0.000520,"Intermediario"
"33.0_-126.0","33.0_-126.0",33.0200,-125.5800,0.043500,"Intermediario"
"0.0_-141.0","0.0_-141.0",0.8600,-140.4300,0.000000,"Intermediario"
"49.0_-10.0","49.0_-10.0",49.2461,-9.1817,11.000000,"Intermediario"
"7.0_-148.0","7.0_-148.0",7.3700,-147.5000,0.002900,"Intermediario"
"-11.0_-4.0","-11.0_-4.0",-10.7709,-3.7411,0.000000,"Intermediario"
"21.0_130.0","21.0_130.0",21.4348,130.8710,5.520000,"Intermediario"
"-11.0_-152.0","-11.0_-152.0",-10.8000,-151.1100,0.000000,"Intermediario"
"36.0_-63.0","36.0_-63.0",36.5500,-62.1500,0.006480,"Intermediario"
"-22.0_113.0","-22.0_113.0",-21.8334,113.9271,0.015375,"Intermediario"
"49.0_0.0","49.0_0.0",49.7731,0.3343,0.107400,"Intermediario"
"-16.0_95.0","-16.0_95.0",-15.3061,95.5439,0.369700,"Intermediario"
"2.0_-129.0","2.0_-129.0",2.5600,-128.4767,0.000000,"Intermediario"
"46.0_-5.0","46.0_-5.0",46.6885,-4.4687,1.509333,"Intermediario"
"47.0_-8.0","47.0_-8.0",47.4998,-7.5103,7.750000,"Intermediario"
"46.0_-57.0","46.0_-57.0",46.3320,-56.7080,0.009240,"Intermediario"
"-7.0_-137.0","-7.0_-137.0",-6.5580,-136.5680,0.000180,"Intermediario"
"6.0_-90.0","6.0_-90.0",6.7900,-89.2400,0.001080,"Intermediario"
"43.0_-4.0","43.0_-4.0",43.5591,-3.4943,1.622500,"Intermediario"
"-13.0_-144.0","-13.0_-144.0",-12.2280,-143.6420,0.001986,"Intermediario"
"22.0_-72.0","22.0_-72.0",22.4067,-71.5567,0.004998,"Intermediario"
"2.0_146.0","2.0_146.0",2.6707,146.8670,0.087007,"Intermediario"
"29.0_-163.0","29.0_-163.0",29.5360,-162.3377,0.201500,"Intermediario"
"13.0_-68.0","13.0_-68.0",13.0800,-67.5100,0.011880,"Intermediario"
"77.0_121.0","77.0_121.0",77.1974,121.3478,0.000000,"Intermediario"
"69.0_-51.0","69.0_-51.0",69.1130,-50.3637,0.046900,"Intermediario"
"-29.0_-15.0","-29.0_-15.0",-28.1300,-14.7800,0.671000,"Intermediario"
"38.0_139.0","38.0_139.0",38.6769,139.0687,0.768285,"Intermediario"
"41.0_140.0","41.0_140.0",41.4452,140.6774,0.711783,"Intermediario"
"40.0_40.0","40.0_40.0",40.2408,40.9956,0.920000,"Intermediario"
"34.0_134.0","34.0_134.0",34.3677,134.8001,0.390388,"Intermediario"
"41.0_-144.0","41.0_-144.0",41.1800,-143.6200,0.013200,"Intermediario"
"16.0_-161.0","16.0_-161.0",16.1050,-160.5650,0.001715,"Intermediario"
"24.0_-66.0","24.0_-66.0",24.6700,-65.5500,0.065040,"Intermediario"
"-10.0_-140.0","-10.0_-140.0",-9.6089,-139.6844,0.000256,"Intermediario"
"24.0_-113.0","24.0_-113.0",24.5820,-112.4960,0.000334,"Intermediario"
"32.0_136.0","32.0_136.0",32.6389,136.2630,0.465661,"Intermediario"
"14.0_137.0","14.0_137.0",14.0333,137.5255,0.239851,"Intermediario"
"-8.0_93.0","-8.0_93.0",-7.6214,93.5660,0.217500,"Intermediario"
"-60.0_-22.0","-60.0_-22.0",-59.5033,-21.0150,0.000000,"Intermediario"
"-25.0_106.0","-25.0_106.0",-24.5181,106.8156,0.073500,"Intermediario"
"14.0_-159.0","14.0_-159.0",14.5125,-158.5063,0.001424,"Intermediario"
"-27.0_166.0","-27.0_166.0",-26.2995,166.9898,0.000730,"Intermediario"
"12.0_-149.0","12.0_-149.0",12.4700,-148.7900,0.001005,"Intermediario"
"41.0_9.0","41.0_9.0",41.3705,9.2771,0.081286,"Intermediario"
"48.0_-11.0","48.0_-11.0",48.4153,-10.4361,7.950000,"Intermediario"
"-36.0_117.0","-36.0_117.0",-35.9800,117.4000,0.000000,"Intermediario"
"44.0_-76.0","44.0_-76.0",44.5128,-75.7597,0.671033,"Intermediario"
"37.0_-62.0","37.0_-62.0",37.4800,-61.3000,0.030700,"Intermediario"
"32.0_-127.0","32.0_-127.0",32.2885,-126.2803,0.095000,"Intermediario"
"-8.0_-140.0","-8.0_-140.0",-7.4900,-139.8800,0.000000,"Intermediario"
"28.0_-58.0","28.0_-58.0",28.5783,-57.4983,0.038617,"Intermediario"
"20.0_-106.0","20.0_-106.0",20.5467,-105.7250,0.001900,"Intermediario"
"42.0_15.0","42.0_15.0",42.1068,15.6152,1.670000,"Intermediario"
"-17.0_-23.0","-17.0_-23.0",-16.2435,-22.5333,0.003020,"Intermediario"
"31.0_-120.0","31.0_-120.0",31.7018,-119.5605,0.019082,"Intermediario"
"73.0_77.0","73.0_77.0",73.9638,77.0724,0.000000,"Intermediario"
"76.0_16.0","76.0_16.0",76.2534,16.7011,0.023900,"Intermediario"
"-2.0_-153.0","-2.0_-153.0",-1.0600,-152.2700,0.000000,"Intermediario"
"61.0_-5.0","61.0_-5.0",61.5610,-4.4480,2.500000,"Intermediario"
"44.0_-63.0","44.0_-63.0",44.3950,-62.5600,0.013213,"Intermediario"
"8.0_-120.0","8.0_-120.0",8.3567,-119.5300,0.000725,"Intermediario"
"68.0_2.0","68.0_2.0",68.9935,2.1655,0.045900,"Intermediario"
"53.0_-14.0","53.0_-14.0",53.5519,-13.2951,5.666667,"Intermediario"
"20.0_-61.0","20.0_-61.0",20.2833,-60.4767,0.000000,"Intermediario"
"30.0_-68.0","30.0_-68.0",30.5050,-67.6525,0.425788,"Intermediario"
"32.0_-158.0","32.0_-158.0",32.5350,-157.4825,0.079525,"Intermediario"
"40.0_-71.0","40.0_-71.0",40.5805,-70.4696,0.008733,"Intermediario"
"31.0_-67.0","31.0_-67.0",31.5529,-66.3818,0.068829,"Intermediario"
"7.0_-117.0","7.0_-117.0",7.4300,-116.4300,0.000000,"Intermediario"
"28.0_-116.0","28.0_-116.0",28.2250,-115.1300,0.000000,"Intermediario"
"35.0_-59.0","35.0_-59.0",35.7038,-58.4825,0.047072,"Intermediario"
"33.0_-161.0","33.0_-161.0",33.7567,-160.5384,0.134700,"Intermediario"
"21.0_-166.0","21.0_-166.0",21.6400,-165.7400,0.018400,"Intermediario"
"22.0_155.0","22.0_155.0",22.4588,155.2998,0.055400,"Intermediario"
"9.0_-158.0","9.0_-158.0",9.5400,-157.4083,0.000000,"Intermediario"
"50.0_-3.0","50.0_-3.0",50.4510,-2.4662,0.026000,"Intermediario"
"-12.0_-32.0","-12.0_-32.0",-11.6400,-31.3700,0.041700,"Intermediario"
"43.0_-64.0","43.0_-64.0",43.5412,-63.5525,0.006263,"Intermediario"
"30.0_160.0","30.0_160.0",30.1910,160.4028,0.066800,"Intermediario"
"29.0_-176.0","29.0_-176.0",29.8100,-175.7100,0.002960,"Intermediario"
"60.0_-2.0","60.0_-2.0",60.5255,-1.4335,0.010275,"Intermediario"
"23.0_141.0","23.0_141.0",23.3830,141.2895,0.088686,"Intermediario"
"14.0_-72.0","14.0_-72.0",14.6114,-71.2829,0.016814,"Intermediario"
"6.0_-136.0","6.0_-136.0",6.5800,-135.3700,0.001080,"Intermediario"
"3.0_-158.0","3.0_-158.0",3.6517,-157.3883,0.000885,"Intermediario"
"24.0_-22.0","24.0_-22.0",24.9800,-21.0600,0.006110,"Intermediario"
"15.0_-71.0","15.0_-71.0",15.4433,-70.8033,0.002517,"Intermediario"
"24.0_-157.0","24.0_-157.0",24.0800,-156.8700,0.018400,"Intermediario"
"39.0_143.0","39.0_143.0",39.0136,143.2608,0.030700,"Intermediario"
"23.0_-23.0","23.0_-23.0",23.2700,-22.2200,0.039600,"Intermediario"
"28.0_-129.0","28.0_-129.0",28.0300,-128.1500,0.000000,"Intermediario"
"36.0_11.0","36.0_11.0",36.8338,11.8975,0.055000,"Intermediario"
"75.0_13.0","75.0_13.0",75.9958,13.3334,0.000000,"Intermediario"
"43.0_-77.0","43.0_-77.0",43.7790,-76.8560,8.442000,"Intermediario"
"37.0_-75.0","37.0_-75.0",37.2500,-74.3500,0.008640,"Intermediario"
"16.0_-130.0","16.0_-130.0",16.5500,-129.6600,0.002830,"Intermediario"
"3.0_-145.0","3.0_-145.0",3.6400,-144.2533,0.000000,"Intermediario"
"-41.0_142.0","-41.0_142.0",-40.5400,142.4900,0.000000,"Intermediario"
"35.0_151.0","35.0_151.0",35.0250,151.9481,0.003310,"Intermediario"
"18.0_-77.0","18.0_-77.0",18.4735,-76.4052,0.011815,"Intermediario"
"-20.0_115.0","-20.0_115.0",-19.6152,115.9521,0.004899,"Intermediario"
"-6.0_-112.0","-6.0_-112.0",-5.7938,-111.3438,0.000540,"Intermediario"
"-28.0_165.0","-28.0_165.0",-27.5399,165.1872,0.002432,"Intermediario"
"-34.0_-3.0","-34.0_-3.0",-33.0430,-2.4258,0.262000,"Intermediario"
"21.0_-60.0","21.0_-60.0",21.6975,-59.5638,0.055055,"Intermediario"
"23.0_-150.0","23.0_-150.0",23.5300,-149.5250,0.078500,"Intermediario"
"38.0_-127.0","38.0_-127.0",38.6600,-126.5450,0.010700,"Intermediario"
"-49.0_139.0","-49.0_139.0",-48.1468,139.1524,0.014000,"Intermediario"
"27.0_-81.0","27.0_-81.0",27.9500,-80.0250,0.015130,"Intermediario"
"20.0_-74.0","20.0_-74.0",20.5493,-73.5996,0.028315,"Intermediario"
"18.0_-171.0","18.0_-171.0",18.5400,-170.6000,0.002160,"Intermediario"
"38.0_-61.0","38.0_-61.0",38.3750,-60.6500,0.029100,"Intermediario"
"14.0_-146.0","14.0_-146.0",14.8900,-145.1200,0.000000,"Intermediario"
"47.0_-12.0","47.0_-12.0",47.9015,-11.2171,4.750000,"Intermediario"
"29.0_-57.0","29.0_-57.0",29.6835,-56.6993,0.010000,"Intermediario"
