Source,Target,Weight,Type
17.0_-60.0,16.0_-61.0,155.56,Directed
17.0_-60.0,16.0_-60.0,110.00,Directed
17.0_-60.0,16.0_-59.0,155.56,Directed
17.0_-60.0,17.0_-61.0,110.00,Directed
17.0_-60.0,17.0_-59.0,110.00,Directed
17.0_-60.0,18.0_-61.0,155.56,Directed
17.0_-60.0,18.0_-60.0,110.00,Directed
17.0_-60.0,18.0_-59.0,155.56,Directed
34.0_-120.0,33.0_-121.0,155.56,Directed
34.0_-120.0,33.0_-120.0,110.00,Directed
34.0_-120.0,33.0_-119.0,155.56,Directed
34.0_-120.0,34.0_-121.0,110.00,Directed
34.0_-120.0,35.0_-121.0,155.56,Directed
21.0_-130.0,20.0_-130.0,110.00,Directed
21.0_-130.0,22.0_-130.0,110.00,Directed
21.0_-130.0,22.0_-129.0,155.56,Directed
15.0_-159.0,14.0_-160.0,155.56,Directed
15.0_-159.0,14.0_-159.0,110.00,Directed
15.0_-159.0,14.0_-158.0,155.56,Directed
15.0_-159.0,15.0_-160.0,110.00,Directed
15.0_-159.0,15.0_-158.0,110.00,Directed
15.0_-159.0,16.0_-160.0,155.56,Directed
15.0_-159.0,16.0_-159.0,110.00,Directed
15.0_-159.0,16.0_-158.0,155.56,Directed
14.0_-82.0,13.0_-82.0,110.00,Directed
14.0_-82.0,15.0_-82.0,110.00,Directed
34.0_-66.0,33.0_-67.0,155.56,Directed
34.0_-66.0,33.0_-66.0,110.00,Directed
34.0_-66.0,33.0_-65.0,155.56,Directed
34.0_-66.0,34.0_-67.0,110.00,Directed
34.0_-66.0,34.0_-65.0,110.00,Directed
34.0_-66.0,35.0_-67.0,155.56,Directed
34.0_-66.0,35.0_-66.0,110.00,Directed
34.0_-66.0,35.0_-65.0,155.56,Directed
54.0_-165.0,54.0_-166.0,110.00,Directed
54.0_-165.0,55.0_-165.0,110.00,Directed
54.0_-165.0,55.0_-164.0,155.56,Directed
19.0_-110.0,18.0_-111.0,155.56,Directed
19.0_-110.0,18.0_-110.0,110.00,Directed
19.0_-110.0,18.0_-109.0,155.56,Directed
19.0_-110.0,19.0_-111.0,110.00,Directed
19.0_-110.0,19.0_-109.0,110.00,Directed
19.0_-110.0,20.0_-111.0,155.56,Directed
19.0_-110.0,20.0_-110.0,110.00,Directed
19.0_-110.0,20.0_-109.0,155.56,Directed
43.0_-70.0,42.0_-71.0,155.56,Directed
43.0_-70.0,42.0_-70.0,110.00,Directed
43.0_-70.0,42.0_-69.0,155.56,Directed
43.0_-70.0,43.0_-71.0,110.00,Directed
43.0_-70.0,43.0_-69.0,110.00,Directed
43.0_-70.0,44.0_-70.0,110.00,Directed
43.0_-70.0,44.0_-69.0,155.56,Directed
-14.0_87.0,-13.0_86.0,155.56,Directed
-14.0_87.0,-13.0_87.0,110.00,Directed
-14.0_87.0,-13.0_88.0,155.56,Directed
33.0_-163.0,32.0_-164.0,155.56,Directed
33.0_-163.0,33.0_-162.0,110.00,Directed
24.0_135.0,23.0_134.0,155.56,Directed
24.0_135.0,24.0_136.0,110.00,Directed
24.0_135.0,25.0_135.0,110.00,Directed
29.0_-46.0,28.0_-45.0,155.56,Directed
29.0_-46.0,29.0_-47.0,110.00,Directed
29.0_-46.0,30.0_-47.0,155.56,Directed
26.0_-68.0,25.0_-69.0,155.56,Directed
26.0_-68.0,26.0_-69.0,110.00,Directed
26.0_-68.0,27.0_-69.0,155.56,Directed
26.0_-68.0,27.0_-68.0,110.00,Directed
26.0_-68.0,27.0_-67.0,155.56,Directed
4.0_-125.0,3.0_-126.0,155.56,Directed
4.0_-125.0,3.0_-125.0,110.00,Directed
4.0_-125.0,3.0_-124.0,155.56,Directed
4.0_-125.0,4.0_-124.0,110.00,Directed
4.0_-125.0,5.0_-126.0,155.56,Directed
-35.0_155.0,-36.0_155.0,110.00,Directed
-35.0_155.0,-34.0_155.0,110.00,Directed
-35.0_155.0,-34.0_156.0,155.56,Directed
21.0_-61.0,20.0_-61.0,110.00,Directed
21.0_-61.0,20.0_-60.0,155.56,Directed
21.0_-61.0,21.0_-62.0,110.00,Directed
21.0_-61.0,21.0_-60.0,110.00,Directed
21.0_-61.0,22.0_-62.0,155.56,Directed
21.0_-61.0,22.0_-61.0,110.00,Directed
21.0_-61.0,22.0_-60.0,155.56,Directed
40.0_18.0,39.0_17.0,155.56,Directed
40.0_18.0,39.0_18.0,110.00,Directed
40.0_18.0,39.0_19.0,155.56,Directed
40.0_18.0,40.0_17.0,110.00,Directed
40.0_18.0,40.0_19.0,110.00,Directed
40.0_18.0,41.0_17.0,155.56,Directed
40.0_18.0,41.0_18.0,110.00,Directed
40.0_18.0,41.0_19.0,155.56,Directed
-28.0_-27.0,-28.0_-26.0,110.00,Directed
37.0_-2.0,36.0_-3.0,155.56,Directed
37.0_-2.0,36.0_-2.0,110.00,Directed
37.0_-2.0,37.0_-1.0,110.00,Directed
18.0_-153.0,17.0_-153.0,110.00,Directed
18.0_-153.0,17.0_-152.0,155.56,Directed
18.0_-153.0,18.0_-154.0,110.00,Directed
18.0_-153.0,18.0_-152.0,110.00,Directed
-8.0_-120.0,-8.0_-121.0,110.00,Directed
-8.0_-120.0,-8.0_-119.0,110.00,Directed
14.0_-145.0,13.0_-146.0,155.56,Directed
14.0_-145.0,14.0_-146.0,110.00,Directed
14.0_-145.0,14.0_-144.0,110.00,Directed
14.0_-145.0,15.0_-146.0,155.56,Directed
14.0_-145.0,15.0_-145.0,110.00,Directed
14.0_-145.0,15.0_-144.0,155.56,Directed
25.0_141.0,24.0_141.0,110.00,Directed
25.0_141.0,26.0_140.0,155.56,Directed
25.0_141.0,26.0_141.0,110.00,Directed
63.0_-54.0,64.0_-53.0,155.56,Directed
38.0_146.0,37.0_146.0,110.00,Directed
38.0_146.0,39.0_146.0,110.00,Directed
38.0_146.0,39.0_147.0,155.56,Directed
-32.0_-28.0,-32.0_-29.0,110.00,Directed
-32.0_-28.0,-32.0_-27.0,110.00,Directed
33.0_-47.0,32.0_-48.0,155.56,Directed
16.0_-129.0,15.0_-130.0,155.56,Directed
16.0_-129.0,16.0_-130.0,110.00,Directed
16.0_-129.0,16.0_-128.0,110.00,Directed
16.0_-129.0,17.0_-130.0,155.56,Directed
16.0_-129.0,17.0_-129.0,110.00,Directed
-26.0_-11.0,-27.0_-12.0,155.56,Directed
-26.0_-11.0,-26.0_-10.0,110.00,Directed
21.0_-74.0,20.0_-75.0,155.56,Directed
21.0_-74.0,20.0_-74.0,110.00,Directed
21.0_-74.0,20.0_-73.0,155.56,Directed
21.0_-74.0,21.0_-75.0,110.00,Directed
21.0_-74.0,21.0_-73.0,110.00,Directed
21.0_-74.0,22.0_-75.0,155.56,Directed
21.0_-74.0,22.0_-74.0,110.00,Directed
21.0_-74.0,22.0_-73.0,155.56,Directed
48.0_-124.0,47.0_-125.0,155.56,Directed
48.0_-124.0,48.0_-125.0,110.00,Directed
48.0_-124.0,48.0_-123.0,110.00,Directed
20.0_-68.0,19.0_-69.0,155.56,Directed
20.0_-68.0,19.0_-67.0,155.56,Directed
20.0_-68.0,20.0_-69.0,110.00,Directed
20.0_-68.0,21.0_-69.0,155.56,Directed
57.0_-15.0,58.0_-15.0,110.00,Directed
57.0_-15.0,58.0_-14.0,155.56,Directed
13.0_-63.0,12.0_-64.0,155.56,Directed
13.0_-63.0,12.0_-63.0,110.00,Directed
13.0_-63.0,12.0_-62.0,155.56,Directed
13.0_-63.0,13.0_-64.0,110.00,Directed
13.0_-63.0,13.0_-62.0,110.00,Directed
13.0_-63.0,14.0_-64.0,155.56,Directed
13.0_-63.0,14.0_-63.0,110.00,Directed
13.0_-63.0,14.0_-62.0,155.56,Directed
28.0_-80.0,27.0_-81.0,155.56,Directed
28.0_-80.0,27.0_-80.0,110.00,Directed
28.0_-80.0,27.0_-79.0,155.56,Directed
28.0_-80.0,28.0_-81.0,110.00,Directed
28.0_-80.0,28.0_-79.0,110.00,Directed
28.0_-80.0,29.0_-81.0,155.56,Directed
28.0_-80.0,29.0_-80.0,110.00,Directed
28.0_-80.0,29.0_-79.0,155.56,Directed
25.0_-151.0,24.0_-152.0,155.56,Directed
25.0_-151.0,25.0_-150.0,110.00,Directed
24.0_-128.0,23.0_-129.0,155.56,Directed
24.0_-128.0,23.0_-128.0,110.00,Directed
24.0_-128.0,23.0_-127.0,155.56,Directed
24.0_-128.0,24.0_-129.0,110.00,Directed
24.0_-128.0,25.0_-129.0,155.56,Directed
24.0_-128.0,25.0_-128.0,110.00,Directed
31.0_127.0,30.0_127.0,110.00,Directed
31.0_127.0,30.0_128.0,155.56,Directed
31.0_127.0,31.0_126.0,110.00,Directed
31.0_127.0,31.0_128.0,110.00,Directed
31.0_127.0,32.0_127.0,110.00,Directed
31.0_127.0,32.0_128.0,155.56,Directed
31.0_-75.0,30.0_-76.0,155.56,Directed
31.0_-75.0,30.0_-75.0,110.00,Directed
31.0_-75.0,30.0_-74.0,155.56,Directed
31.0_-75.0,31.0_-76.0,110.00,Directed
31.0_-75.0,31.0_-74.0,110.00,Directed
31.0_-75.0,32.0_-76.0,155.56,Directed
31.0_-75.0,32.0_-75.0,110.00,Directed
31.0_-75.0,32.0_-74.0,155.56,Directed
19.0_-76.0,18.0_-77.0,155.56,Directed
19.0_-76.0,18.0_-76.0,110.00,Directed
19.0_-76.0,18.0_-75.0,155.56,Directed
19.0_-76.0,19.0_-77.0,110.00,Directed
19.0_-76.0,19.0_-75.0,110.00,Directed
19.0_-76.0,20.0_-75.0,155.56,Directed
15.0_-146.0,14.0_-146.0,110.00,Directed
15.0_-146.0,14.0_-145.0,155.56,Directed
15.0_-146.0,15.0_-147.0,110.00,Directed
15.0_-146.0,15.0_-145.0,110.00,Directed
15.0_-146.0,16.0_-147.0,155.56,Directed
15.0_-146.0,16.0_-146.0,110.00,Directed
-35.0_-19.0,-35.0_-18.0,110.00,Directed
-35.0_-19.0,-34.0_-20.0,155.56,Directed
35.0_-147.0,34.0_-147.0,110.00,Directed
35.0_-147.0,35.0_-148.0,110.00,Directed
35.0_-147.0,35.0_-146.0,110.00,Directed
35.0_-147.0,36.0_-146.0,155.56,Directed
60.0_-7.0,59.0_-8.0,155.56,Directed
60.0_-7.0,59.0_-7.0,110.00,Directed
60.0_-7.0,59.0_-6.0,155.56,Directed
60.0_-7.0,60.0_-6.0,110.00,Directed
60.0_-7.0,61.0_-7.0,110.00,Directed
11.0_-60.0,10.0_-59.0,155.56,Directed
11.0_-60.0,11.0_-61.0,110.00,Directed
11.0_-60.0,12.0_-61.0,155.56,Directed
11.0_-60.0,12.0_-60.0,110.00,Directed
19.0_128.0,20.0_127.0,155.56,Directed
19.0_128.0,20.0_129.0,155.56,Directed
29.0_-59.0,28.0_-60.0,155.56,Directed
29.0_-59.0,28.0_-59.0,110.00,Directed
29.0_-59.0,28.0_-58.0,155.56,Directed
29.0_-59.0,29.0_-60.0,110.00,Directed
29.0_-59.0,29.0_-58.0,110.00,Directed
29.0_-59.0,30.0_-60.0,155.56,Directed
29.0_-59.0,30.0_-59.0,110.00,Directed
29.0_-59.0,30.0_-58.0,155.56,Directed
38.0_-63.0,37.0_-64.0,155.56,Directed
38.0_-63.0,37.0_-63.0,110.00,Directed
38.0_-63.0,37.0_-62.0,155.56,Directed
38.0_-63.0,38.0_-64.0,110.00,Directed
38.0_-63.0,39.0_-64.0,155.56,Directed
38.0_-63.0,39.0_-63.0,110.00,Directed
-64.0_-60.0,-63.0_-61.0,155.56,Directed
-64.0_-60.0,-63.0_-59.0,155.56,Directed
41.0_150.0,40.0_149.0,155.56,Directed
41.0_150.0,41.0_151.0,110.00,Directed
41.0_150.0,42.0_151.0,155.56,Directed
-18.0_-26.0,-19.0_-27.0,155.56,Directed
3.0_-142.0,2.0_-143.0,155.56,Directed
3.0_-142.0,2.0_-142.0,110.00,Directed
-30.0_-25.0,-31.0_-25.0,110.00,Directed
-30.0_-25.0,-30.0_-24.0,110.00,Directed
-30.0_-25.0,-29.0_-25.0,110.00,Directed
-27.0_-30.0,-27.0_-31.0,110.00,Directed
-27.0_-30.0,-27.0_-29.0,110.00,Directed
-27.0_-30.0,-26.0_-31.0,155.56,Directed
26.0_-121.0,25.0_-120.0,155.56,Directed
44.0_-67.0,43.0_-68.0,155.56,Directed
44.0_-67.0,43.0_-67.0,110.00,Directed
44.0_-67.0,43.0_-66.0,155.56,Directed
44.0_-67.0,44.0_-68.0,110.00,Directed
53.0_-18.0,53.0_-17.0,110.00,Directed
30.0_-125.0,29.0_-126.0,155.56,Directed
30.0_-125.0,29.0_-125.0,110.00,Directed
30.0_-125.0,29.0_-124.0,155.56,Directed
30.0_-125.0,30.0_-124.0,110.00,Directed
30.0_-125.0,31.0_-125.0,110.00,Directed
30.0_-125.0,31.0_-124.0,155.56,Directed
16.0_-67.0,15.0_-68.0,155.56,Directed
16.0_-67.0,15.0_-66.0,155.56,Directed
16.0_-67.0,16.0_-68.0,110.00,Directed
16.0_-67.0,16.0_-66.0,110.00,Directed
16.0_-67.0,17.0_-68.0,155.56,Directed
16.0_-67.0,17.0_-67.0,110.00,Directed
16.0_-67.0,17.0_-66.0,155.56,Directed
29.0_129.0,28.0_128.0,155.56,Directed
29.0_129.0,28.0_129.0,110.00,Directed
29.0_129.0,28.0_130.0,155.56,Directed
29.0_129.0,29.0_128.0,110.00,Directed
29.0_129.0,30.0_128.0,155.56,Directed
29.0_129.0,30.0_129.0,110.00,Directed
29.0_129.0,30.0_130.0,155.56,Directed
23.0_-77.0,23.0_-76.0,110.00,Directed
23.0_-77.0,24.0_-78.0,155.56,Directed
23.0_-77.0,24.0_-77.0,110.00,Directed
23.0_-77.0,24.0_-76.0,155.56,Directed
25.0_-71.0,24.0_-72.0,155.56,Directed
25.0_-71.0,24.0_-71.0,110.00,Directed
25.0_-71.0,24.0_-70.0,155.56,Directed
25.0_-71.0,25.0_-72.0,110.00,Directed
25.0_-71.0,25.0_-70.0,110.00,Directed
25.0_-71.0,26.0_-72.0,155.56,Directed
25.0_-71.0,26.0_-71.0,110.00,Directed
25.0_-71.0,26.0_-70.0,155.56,Directed
55.0_-12.0,54.0_-13.0,155.56,Directed
55.0_-12.0,54.0_-12.0,110.00,Directed
55.0_-12.0,54.0_-11.0,155.56,Directed
55.0_-12.0,55.0_-13.0,110.00,Directed
55.0_-12.0,55.0_-11.0,110.00,Directed
55.0_-12.0,56.0_-12.0,110.00,Directed
55.0_-12.0,56.0_-11.0,155.56,Directed
43.0_3.0,42.0_3.0,110.00,Directed
43.0_3.0,42.0_4.0,155.56,Directed
43.0_3.0,43.0_4.0,110.00,Directed
-3.0_-11.0,-4.0_-10.0,155.56,Directed
43.0_140.0,42.0_140.0,110.00,Directed
43.0_140.0,42.0_141.0,155.56,Directed
43.0_140.0,43.0_139.0,110.00,Directed
43.0_140.0,43.0_141.0,110.00,Directed
43.0_140.0,44.0_140.0,110.00,Directed
-14.0_-152.0,-15.0_-153.0,155.56,Directed
-14.0_-152.0,-15.0_-151.0,155.56,Directed
-14.0_-152.0,-14.0_-153.0,110.00,Directed
-14.0_-152.0,-13.0_-152.0,110.00,Directed
6.0_-86.0,5.0_-87.0,155.56,Directed
6.0_-86.0,5.0_-85.0,155.56,Directed
6.0_-86.0,6.0_-87.0,110.00,Directed
6.0_-86.0,7.0_-87.0,155.56,Directed
6.0_-86.0,7.0_-86.0,110.00,Directed
35.0_23.0,35.0_24.0,110.00,Directed
35.0_23.0,36.0_22.0,155.56,Directed
35.0_23.0,36.0_23.0,110.00,Directed
39.0_-142.0,38.0_-143.0,155.56,Directed
39.0_-142.0,38.0_-142.0,110.00,Directed
39.0_-142.0,39.0_-141.0,110.00,Directed
39.0_-142.0,40.0_-142.0,110.00,Directed
39.0_-142.0,40.0_-141.0,155.56,Directed
-15.0_-148.0,-16.0_-149.0,155.56,Directed
-15.0_-148.0,-16.0_-148.0,110.00,Directed
-15.0_-148.0,-15.0_-149.0,110.00,Directed
-15.0_-148.0,-15.0_-147.0,110.00,Directed
-15.0_-148.0,-14.0_-149.0,155.56,Directed
-15.0_-148.0,-14.0_-147.0,155.56,Directed
34.0_136.0,33.0_135.0,155.56,Directed
34.0_136.0,33.0_136.0,110.00,Directed
34.0_136.0,33.0_137.0,155.56,Directed
34.0_136.0,34.0_135.0,110.00,Directed
34.0_136.0,34.0_137.0,110.00,Directed
34.0_136.0,35.0_135.0,155.56,Directed
35.0_-121.0,34.0_-122.0,155.56,Directed
35.0_-121.0,34.0_-121.0,110.00,Directed
35.0_-121.0,34.0_-120.0,155.56,Directed
35.0_-121.0,35.0_-122.0,110.00,Directed
35.0_-121.0,36.0_-122.0,155.56,Directed
9.0_-116.0,8.0_-116.0,110.00,Directed
9.0_-116.0,9.0_-117.0,110.00,Directed
9.0_-116.0,10.0_-117.0,155.56,Directed
9.0_-116.0,10.0_-116.0,110.00,Directed
9.0_-116.0,10.0_-115.0,155.56,Directed
27.0_-61.0,26.0_-62.0,155.56,Directed
27.0_-61.0,26.0_-61.0,110.00,Directed
27.0_-61.0,26.0_-60.0,155.56,Directed
27.0_-61.0,27.0_-62.0,110.00,Directed
27.0_-61.0,27.0_-60.0,110.00,Directed
27.0_-61.0,28.0_-62.0,155.56,Directed
27.0_-61.0,28.0_-61.0,110.00,Directed
27.0_-61.0,28.0_-60.0,155.56,Directed
-26.0_107.0,-27.0_106.0,155.56,Directed
-26.0_107.0,-27.0_107.0,110.00,Directed
-26.0_107.0,-27.0_108.0,155.56,Directed
-26.0_107.0,-26.0_106.0,110.00,Directed
-26.0_107.0,-25.0_106.0,155.56,Directed
23.0_-127.0,22.0_-127.0,110.00,Directed
23.0_-127.0,23.0_-128.0,110.00,Directed
23.0_-127.0,24.0_-128.0,155.56,Directed
23.0_-127.0,24.0_-126.0,155.56,Directed
43.0_-83.0,42.0_-84.0,155.56,Directed
43.0_-83.0,42.0_-83.0,110.00,Directed
43.0_-83.0,42.0_-82.0,155.56,Directed
43.0_-83.0,44.0_-83.0,110.00,Directed
43.0_-83.0,44.0_-82.0,155.56,Directed
28.0_-123.0,27.0_-123.0,110.00,Directed
28.0_-123.0,28.0_-124.0,110.00,Directed
28.0_-123.0,29.0_-124.0,155.56,Directed
28.0_-123.0,29.0_-123.0,110.00,Directed
28.0_-123.0,29.0_-122.0,155.56,Directed
42.0_5.0,41.0_5.0,110.00,Directed
42.0_5.0,42.0_4.0,110.00,Directed
42.0_5.0,42.0_6.0,110.00,Directed
42.0_5.0,43.0_4.0,155.56,Directed
42.0_5.0,43.0_5.0,110.00,Directed
42.0_5.0,43.0_6.0,155.56,Directed
-3.0_-142.0,-4.0_-143.0,155.56,Directed
-3.0_-142.0,-4.0_-142.0,110.00,Directed
-3.0_-142.0,-4.0_-141.0,155.56,Directed
-3.0_-142.0,-3.0_-143.0,110.00,Directed
-3.0_-142.0,-3.0_-141.0,110.00,Directed
-3.0_-142.0,-2.0_-143.0,155.56,Directed
-3.0_-142.0,-2.0_-142.0,110.00,Directed
-3.0_-142.0,-2.0_-141.0,155.56,Directed
31.0_-62.0,30.0_-63.0,155.56,Directed
31.0_-62.0,30.0_-62.0,110.00,Directed
31.0_-62.0,30.0_-61.0,155.56,Directed
31.0_-62.0,31.0_-63.0,110.00,Directed
31.0_-62.0,31.0_-61.0,110.00,Directed
31.0_-62.0,32.0_-63.0,155.56,Directed
31.0_-62.0,32.0_-62.0,110.00,Directed
31.0_-62.0,32.0_-61.0,155.56,Directed
27.0_-74.0,26.0_-75.0,155.56,Directed
27.0_-74.0,26.0_-74.0,110.00,Directed
27.0_-74.0,26.0_-73.0,155.56,Directed
27.0_-74.0,27.0_-75.0,110.00,Directed
27.0_-74.0,27.0_-73.0,110.00,Directed
27.0_-74.0,28.0_-75.0,155.56,Directed
27.0_-74.0,28.0_-74.0,110.00,Directed
27.0_-74.0,28.0_-73.0,155.56,Directed
29.0_-119.0,28.0_-119.0,110.00,Directed
29.0_-119.0,28.0_-118.0,155.56,Directed
29.0_-119.0,29.0_-120.0,110.00,Directed
29.0_-119.0,29.0_-118.0,110.00,Directed
29.0_-119.0,30.0_-118.0,155.56,Directed
30.0_130.0,29.0_129.0,155.56,Directed
30.0_130.0,29.0_131.0,155.56,Directed
30.0_130.0,30.0_129.0,110.00,Directed
30.0_130.0,30.0_131.0,110.00,Directed
30.0_130.0,31.0_129.0,155.56,Directed
30.0_130.0,31.0_130.0,110.00,Directed
30.0_130.0,31.0_131.0,155.56,Directed
22.0_-58.0,21.0_-59.0,155.56,Directed
22.0_-58.0,21.0_-58.0,110.00,Directed
22.0_-58.0,21.0_-57.0,155.56,Directed
22.0_-58.0,22.0_-59.0,110.00,Directed
22.0_-58.0,22.0_-57.0,110.00,Directed
22.0_-58.0,23.0_-59.0,155.56,Directed
22.0_-58.0,23.0_-58.0,110.00,Directed
22.0_-58.0,23.0_-57.0,155.56,Directed
-34.0_15.0,-35.0_14.0,155.56,Directed
11.0_-138.0,11.0_-137.0,110.00,Directed
11.0_-138.0,12.0_-139.0,155.56,Directed
45.0_-86.0,44.0_-87.0,155.56,Directed
45.0_-86.0,44.0_-86.0,110.00,Directed
45.0_-86.0,45.0_-87.0,110.00,Directed
45.0_-86.0,45.0_-85.0,110.00,Directed
45.0_-86.0,46.0_-86.0,110.00,Directed
45.0_-86.0,46.0_-85.0,155.56,Directed
8.0_-146.0,7.0_-147.0,155.56,Directed
8.0_-146.0,7.0_-146.0,110.00,Directed
8.0_-146.0,7.0_-145.0,155.56,Directed
8.0_-146.0,8.0_-147.0,110.00,Directed
8.0_-146.0,8.0_-145.0,110.00,Directed
8.0_-146.0,9.0_-147.0,155.56,Directed
8.0_-146.0,9.0_-146.0,110.00,Directed
-32.0_-94.0,-32.0_-95.0,110.00,Directed
-32.0_-94.0,-32.0_-93.0,110.00,Directed
-34.0_-84.0,-34.0_-83.0,110.00,Directed
-34.0_-84.0,-33.0_-85.0,155.56,Directed
10.0_-155.0,9.0_-156.0,155.56,Directed
10.0_-155.0,11.0_-156.0,155.56,Directed
10.0_-155.0,11.0_-155.0,110.00,Directed
30.0_-38.0,29.0_-38.0,110.00,Directed
30.0_-38.0,31.0_-37.0,155.56,Directed
32.0_133.0,31.0_132.0,155.56,Directed
32.0_133.0,31.0_133.0,110.00,Directed
32.0_133.0,31.0_134.0,155.56,Directed
32.0_133.0,32.0_132.0,110.00,Directed
32.0_133.0,33.0_132.0,155.56,Directed
32.0_133.0,33.0_133.0,110.00,Directed
32.0_133.0,33.0_134.0,155.56,Directed
42.0_-64.0,41.0_-65.0,155.56,Directed
42.0_-64.0,41.0_-64.0,110.00,Directed
42.0_-64.0,41.0_-63.0,155.56,Directed
42.0_-64.0,42.0_-65.0,110.00,Directed
42.0_-64.0,42.0_-63.0,110.00,Directed
42.0_-64.0,43.0_-65.0,155.56,Directed
42.0_-64.0,43.0_-64.0,110.00,Directed
42.0_-64.0,43.0_-63.0,155.56,Directed
7.0_-163.0,6.0_-163.0,110.00,Directed
7.0_-163.0,6.0_-162.0,155.56,Directed
7.0_-163.0,7.0_-164.0,110.00,Directed
7.0_-163.0,7.0_-162.0,110.00,Directed
7.0_-163.0,8.0_-163.0,110.00,Directed
7.0_-163.0,8.0_-162.0,155.56,Directed
56.0_-136.0,55.0_-135.0,155.56,Directed
56.0_-136.0,56.0_-137.0,110.00,Directed
56.0_-136.0,56.0_-135.0,110.00,Directed
56.0_-136.0,57.0_-137.0,155.56,Directed
56.0_-136.0,57.0_-136.0,110.00,Directed
56.0_-136.0,57.0_-135.0,155.56,Directed
37.0_-140.0,36.0_-141.0,155.56,Directed
37.0_-140.0,36.0_-139.0,155.56,Directed
37.0_-140.0,37.0_-141.0,110.00,Directed
37.0_-140.0,37.0_-139.0,110.00,Directed
37.0_-140.0,38.0_-140.0,110.00,Directed
37.0_-140.0,38.0_-139.0,155.56,Directed
13.0_133.0,12.0_133.0,110.00,Directed
13.0_133.0,14.0_132.0,155.56,Directed
73.0_18.0,74.0_18.0,110.00,Directed
27.0_-56.0,26.0_-57.0,155.56,Directed
27.0_-56.0,26.0_-56.0,110.00,Directed
27.0_-56.0,27.0_-57.0,110.00,Directed
27.0_-56.0,28.0_-57.0,155.56,Directed
27.0_-56.0,28.0_-56.0,110.00,Directed
37.0_-149.0,36.0_-150.0,155.56,Directed
37.0_-149.0,36.0_-149.0,110.00,Directed
37.0_-149.0,37.0_-150.0,110.00,Directed
37.0_-149.0,38.0_-150.0,155.56,Directed
37.0_-149.0,38.0_-149.0,110.00,Directed
37.0_-149.0,38.0_-148.0,155.56,Directed
49.0_-9.0,48.0_-9.0,110.00,Directed
49.0_-9.0,48.0_-8.0,155.56,Directed
49.0_-9.0,49.0_-10.0,110.00,Directed
49.0_-9.0,49.0_-8.0,110.00,Directed
49.0_-9.0,50.0_-10.0,155.56,Directed
49.0_-9.0,50.0_-9.0,110.00,Directed
49.0_-9.0,50.0_-8.0,155.56,Directed
14.0_-163.0,13.0_-163.0,110.00,Directed
14.0_-163.0,14.0_-162.0,110.00,Directed
14.0_-163.0,15.0_-163.0,110.00,Directed
14.0_-163.0,15.0_-162.0,155.56,Directed
-5.0_-157.0,-6.0_-158.0,155.56,Directed
-5.0_-157.0,-6.0_-157.0,110.00,Directed
-5.0_-157.0,-6.0_-156.0,155.56,Directed
-5.0_-157.0,-5.0_-158.0,110.00,Directed
-5.0_-157.0,-5.0_-156.0,110.00,Directed
-5.0_-157.0,-4.0_-158.0,155.56,Directed
-5.0_-157.0,-4.0_-157.0,110.00,Directed
-5.0_-157.0,-4.0_-156.0,155.56,Directed
16.0_-147.0,15.0_-147.0,110.00,Directed
16.0_-147.0,15.0_-146.0,155.56,Directed
16.0_-147.0,16.0_-148.0,110.00,Directed
16.0_-147.0,16.0_-146.0,110.00,Directed
-26.0_-37.0,-27.0_-38.0,155.56,Directed
-26.0_-37.0,-26.0_-36.0,110.00,Directed
-26.0_-37.0,-25.0_-37.0,110.00,Directed
-15.0_-153.0,-16.0_-152.0,155.56,Directed
-15.0_-153.0,-14.0_-154.0,155.56,Directed
-15.0_-153.0,-14.0_-153.0,110.00,Directed
-15.0_-153.0,-14.0_-152.0,155.56,Directed
28.0_-62.0,27.0_-63.0,155.56,Directed
28.0_-62.0,27.0_-62.0,110.00,Directed
28.0_-62.0,27.0_-61.0,155.56,Directed
28.0_-62.0,28.0_-63.0,110.00,Directed
28.0_-62.0,28.0_-61.0,110.00,Directed
28.0_-62.0,29.0_-63.0,155.56,Directed
28.0_-62.0,29.0_-62.0,110.00,Directed
28.0_-62.0,29.0_-61.0,155.56,Directed
15.0_-66.0,14.0_-67.0,155.56,Directed
15.0_-66.0,14.0_-66.0,110.00,Directed
15.0_-66.0,14.0_-65.0,155.56,Directed
15.0_-66.0,15.0_-65.0,110.00,Directed
15.0_-66.0,16.0_-67.0,155.56,Directed
15.0_-66.0,16.0_-66.0,110.00,Directed
15.0_-66.0,16.0_-65.0,155.56,Directed
24.0_-70.0,23.0_-71.0,155.56,Directed
24.0_-70.0,23.0_-70.0,110.00,Directed
24.0_-70.0,24.0_-71.0,110.00,Directed
24.0_-70.0,24.0_-69.0,110.00,Directed
24.0_-70.0,25.0_-71.0,155.56,Directed
24.0_-70.0,25.0_-70.0,110.00,Directed
24.0_-70.0,25.0_-69.0,155.56,Directed
19.0_-58.0,18.0_-59.0,155.56,Directed
19.0_-58.0,18.0_-58.0,110.00,Directed
19.0_-58.0,19.0_-59.0,110.00,Directed
19.0_-58.0,20.0_-59.0,155.56,Directed
19.0_-58.0,20.0_-58.0,110.00,Directed
19.0_-58.0,20.0_-57.0,155.56,Directed
-30.0_-101.0,-30.0_-102.0,110.00,Directed
-30.0_-101.0,-30.0_-100.0,110.00,Directed
57.0_-137.0,56.0_-137.0,110.00,Directed
57.0_-137.0,56.0_-136.0,155.56,Directed
57.0_-137.0,57.0_-136.0,110.00,Directed
-60.0_128.0,-61.0_128.0,110.00,Directed
36.0_-60.0,35.0_-61.0,155.56,Directed
36.0_-60.0,35.0_-60.0,110.00,Directed
36.0_-60.0,35.0_-59.0,155.56,Directed
36.0_-60.0,36.0_-61.0,110.00,Directed
36.0_-60.0,37.0_-61.0,155.56,Directed
36.0_-60.0,37.0_-59.0,155.56,Directed
-8.0_89.0,-9.0_89.0,110.00,Directed
-8.0_89.0,-9.0_90.0,155.56,Directed
-8.0_89.0,-8.0_90.0,110.00,Directed
42.0_-82.0,41.0_-83.0,155.56,Directed
42.0_-82.0,41.0_-82.0,110.00,Directed
42.0_-82.0,41.0_-81.0,155.56,Directed
42.0_-82.0,42.0_-83.0,110.00,Directed
42.0_-82.0,42.0_-81.0,110.00,Directed
42.0_-82.0,43.0_-83.0,155.56,Directed
41.0_17.0,40.0_17.0,110.00,Directed
41.0_17.0,40.0_18.0,155.56,Directed
41.0_17.0,41.0_16.0,110.00,Directed
41.0_17.0,41.0_18.0,110.00,Directed
41.0_17.0,42.0_16.0,155.56,Directed
41.0_17.0,42.0_18.0,155.56,Directed
13.0_-157.0,12.0_-158.0,155.56,Directed
13.0_-157.0,12.0_-157.0,110.00,Directed
13.0_-157.0,12.0_-156.0,155.56,Directed
13.0_-157.0,13.0_-158.0,110.00,Directed
13.0_-157.0,14.0_-158.0,155.56,Directed
13.0_-157.0,14.0_-157.0,110.00,Directed
54.0_-9.0,53.0_-10.0,155.56,Directed
54.0_-9.0,54.0_-10.0,110.00,Directed
54.0_-9.0,55.0_-10.0,155.56,Directed
54.0_-9.0,55.0_-9.0,110.00,Directed
54.0_-9.0,55.0_-8.0,155.56,Directed
39.0_-137.0,38.0_-138.0,155.56,Directed
39.0_-137.0,38.0_-137.0,110.00,Directed
39.0_-137.0,39.0_-138.0,110.00,Directed
39.0_-137.0,39.0_-136.0,110.00,Directed
39.0_-137.0,40.0_-137.0,110.00,Directed
39.0_-137.0,40.0_-136.0,155.56,Directed
43.0_-9.0,42.0_-10.0,155.56,Directed
43.0_-9.0,43.0_-10.0,110.00,Directed
43.0_-9.0,43.0_-8.0,110.00,Directed
43.0_-9.0,44.0_-8.0,155.56,Directed
12.0_-130.0,11.0_-131.0,155.56,Directed
12.0_-130.0,13.0_-130.0,110.00,Directed
25.0_-120.0,25.0_-119.0,110.00,Directed
25.0_-120.0,26.0_-121.0,155.56,Directed
36.0_-3.0,36.0_-2.0,110.00,Directed
36.0_-3.0,37.0_-2.0,155.56,Directed
16.0_-72.0,15.0_-73.0,155.56,Directed
16.0_-72.0,15.0_-72.0,110.00,Directed
16.0_-72.0,15.0_-71.0,155.56,Directed
16.0_-72.0,16.0_-73.0,110.00,Directed
16.0_-72.0,16.0_-71.0,110.00,Directed
16.0_-72.0,17.0_-73.0,155.56,Directed
16.0_-72.0,17.0_-72.0,110.00,Directed
16.0_-72.0,17.0_-71.0,155.56,Directed
7.0_-145.0,6.0_-146.0,155.56,Directed
7.0_-145.0,6.0_-145.0,110.00,Directed
7.0_-145.0,6.0_-144.0,155.56,Directed
7.0_-145.0,7.0_-146.0,110.00,Directed
7.0_-145.0,8.0_-146.0,155.56,Directed
7.0_-145.0,8.0_-145.0,110.00,Directed
36.0_143.0,35.0_142.0,155.56,Directed
36.0_143.0,36.0_142.0,110.00,Directed
36.0_143.0,37.0_142.0,155.56,Directed
36.0_143.0,37.0_143.0,110.00,Directed
36.0_143.0,37.0_144.0,155.56,Directed
17.0_-86.0,16.0_-87.0,155.56,Directed
17.0_-86.0,16.0_-86.0,110.00,Directed
17.0_-86.0,16.0_-85.0,155.56,Directed
17.0_-86.0,17.0_-87.0,110.00,Directed
17.0_-86.0,17.0_-85.0,110.00,Directed
17.0_-86.0,18.0_-86.0,110.00,Directed
17.0_-86.0,18.0_-85.0,155.56,Directed
16.0_-85.0,16.0_-86.0,110.00,Directed
16.0_-85.0,16.0_-84.0,110.00,Directed
16.0_-85.0,17.0_-86.0,155.56,Directed
16.0_-85.0,17.0_-85.0,110.00,Directed
16.0_-85.0,17.0_-84.0,155.56,Directed
4.0_-156.0,3.0_-157.0,155.56,Directed
4.0_-156.0,3.0_-156.0,110.00,Directed
4.0_-156.0,4.0_-157.0,110.00,Directed
4.0_-156.0,4.0_-155.0,110.00,Directed
4.0_-156.0,5.0_-157.0,155.56,Directed
4.0_-156.0,5.0_-156.0,110.00,Directed
4.0_-156.0,5.0_-155.0,155.56,Directed
29.0_-124.0,28.0_-125.0,155.56,Directed
29.0_-124.0,28.0_-124.0,110.00,Directed
29.0_-124.0,28.0_-123.0,155.56,Directed
29.0_-124.0,29.0_-125.0,110.00,Directed
29.0_-124.0,29.0_-123.0,110.00,Directed
29.0_-124.0,30.0_-125.0,155.56,Directed
29.0_-124.0,30.0_-124.0,110.00,Directed
29.0_-124.0,30.0_-123.0,155.56,Directed
29.0_-81.0,28.0_-81.0,110.00,Directed
29.0_-81.0,28.0_-80.0,155.56,Directed
29.0_-81.0,29.0_-80.0,110.00,Directed
29.0_-81.0,30.0_-81.0,110.00,Directed
29.0_-81.0,30.0_-80.0,155.56,Directed
36.0_-122.0,35.0_-123.0,155.56,Directed
36.0_-122.0,35.0_-122.0,110.00,Directed
36.0_-122.0,35.0_-121.0,155.56,Directed
36.0_-122.0,36.0_-123.0,110.00,Directed
36.0_-122.0,37.0_-123.0,155.56,Directed
30.0_-143.0,29.0_-144.0,155.56,Directed
30.0_-143.0,30.0_-144.0,110.00,Directed
30.0_-143.0,30.0_-142.0,110.00,Directed
30.0_-143.0,31.0_-144.0,155.56,Directed
21.0_-161.0,22.0_-162.0,155.56,Directed
21.0_-161.0,22.0_-161.0,110.00,Directed
21.0_-161.0,22.0_-160.0,155.56,Directed
7.0_-158.0,6.0_-159.0,155.56,Directed
7.0_-158.0,6.0_-158.0,110.00,Directed
7.0_-158.0,6.0_-157.0,155.56,Directed
7.0_-158.0,7.0_-159.0,110.00,Directed
7.0_-158.0,7.0_-157.0,110.00,Directed
7.0_-158.0,8.0_-159.0,155.56,Directed
7.0_-158.0,8.0_-158.0,110.00,Directed
7.0_-158.0,8.0_-157.0,155.56,Directed
10.0_-67.0,10.0_-66.0,110.00,Directed
10.0_-67.0,11.0_-68.0,155.56,Directed
10.0_-67.0,11.0_-67.0,110.00,Directed
10.0_-67.0,11.0_-66.0,155.56,Directed
17.0_-152.0,16.0_-152.0,110.00,Directed
17.0_-152.0,16.0_-151.0,155.56,Directed
17.0_-152.0,17.0_-153.0,110.00,Directed
17.0_-152.0,17.0_-151.0,110.00,Directed
17.0_-152.0,18.0_-153.0,155.56,Directed
17.0_-152.0,18.0_-152.0,110.00,Directed
21.0_-108.0,20.0_-109.0,155.56,Directed
21.0_-108.0,20.0_-108.0,110.00,Directed
21.0_-108.0,20.0_-107.0,155.56,Directed
21.0_-108.0,21.0_-109.0,110.00,Directed
21.0_-108.0,21.0_-107.0,110.00,Directed
21.0_-108.0,22.0_-109.0,155.56,Directed
21.0_-108.0,22.0_-108.0,110.00,Directed
21.0_-108.0,22.0_-107.0,155.56,Directed
-35.0_-41.0,-35.0_-42.0,110.00,Directed
39.0_3.0,39.0_2.0,110.00,Directed
39.0_3.0,39.0_4.0,110.00,Directed
39.0_3.0,40.0_3.0,110.00,Directed
22.0_-162.0,21.0_-161.0,155.56,Directed
22.0_-162.0,22.0_-161.0,110.00,Directed
22.0_-162.0,23.0_-163.0,155.56,Directed
22.0_-162.0,23.0_-161.0,155.56,Directed
2.0_-123.0,1.0_-124.0,155.56,Directed
2.0_-123.0,2.0_-122.0,110.00,Directed
2.0_-123.0,3.0_-124.0,155.56,Directed
48.0_-142.0,48.0_-141.0,110.00,Directed
8.0_-159.0,7.0_-159.0,110.00,Directed
8.0_-159.0,7.0_-158.0,155.56,Directed
8.0_-159.0,8.0_-158.0,110.00,Directed
8.0_-159.0,9.0_-160.0,155.56,Directed
8.0_-159.0,9.0_-159.0,110.00,Directed
8.0_-159.0,9.0_-158.0,155.56,Directed
33.0_-132.0,32.0_-133.0,155.56,Directed
33.0_-132.0,32.0_-132.0,110.00,Directed
33.0_-132.0,32.0_-131.0,155.56,Directed
33.0_-132.0,33.0_-133.0,110.00,Directed
33.0_-132.0,34.0_-133.0,155.56,Directed
33.0_-132.0,34.0_-131.0,155.56,Directed
27.0_-117.0,26.0_-116.0,155.56,Directed
27.0_-117.0,27.0_-118.0,110.00,Directed
27.0_-117.0,27.0_-116.0,110.00,Directed
27.0_-117.0,28.0_-118.0,155.56,Directed
27.0_-117.0,28.0_-117.0,110.00,Directed
27.0_-117.0,28.0_-116.0,155.56,Directed
22.0_128.0,22.0_127.0,110.00,Directed
22.0_128.0,23.0_127.0,155.56,Directed
22.0_128.0,23.0_128.0,110.00,Directed
50.0_-131.0,49.0_-131.0,110.00,Directed
50.0_-131.0,50.0_-132.0,110.00,Directed
50.0_-131.0,51.0_-132.0,155.56,Directed
50.0_-131.0,51.0_-131.0,110.00,Directed
50.0_-131.0,51.0_-130.0,155.56,Directed
30.0_-60.0,29.0_-61.0,155.56,Directed
30.0_-60.0,29.0_-60.0,110.00,Directed
30.0_-60.0,29.0_-59.0,155.56,Directed
30.0_-60.0,30.0_-61.0,110.00,Directed
30.0_-60.0,30.0_-59.0,110.00,Directed
30.0_-60.0,31.0_-61.0,155.56,Directed
30.0_-60.0,31.0_-60.0,110.00,Directed
5.0_-126.0,4.0_-127.0,155.56,Directed
5.0_-126.0,4.0_-125.0,155.56,Directed
5.0_-126.0,5.0_-127.0,110.00,Directed
5.0_-126.0,6.0_-125.0,155.56,Directed
-35.0_14.0,-36.0_13.0,155.56,Directed
-35.0_14.0,-35.0_13.0,110.00,Directed
-35.0_14.0,-34.0_15.0,155.56,Directed
23.0_-158.0,22.0_-159.0,155.56,Directed
23.0_-158.0,22.0_-158.0,110.00,Directed
23.0_-158.0,23.0_-159.0,110.00,Directed
23.0_-158.0,23.0_-157.0,110.00,Directed
23.0_-158.0,24.0_-159.0,155.56,Directed
23.0_-158.0,24.0_-158.0,110.00,Directed
23.0_-158.0,24.0_-157.0,155.56,Directed
-26.0_-123.0,-26.0_-124.0,110.00,Directed
-26.0_-123.0,-26.0_-122.0,110.00,Directed
-26.0_-123.0,-25.0_-124.0,155.56,Directed
28.0_-154.0,29.0_-154.0,110.00,Directed
41.0_-127.0,40.0_-127.0,110.00,Directed
41.0_-127.0,40.0_-126.0,155.56,Directed
41.0_-127.0,42.0_-128.0,155.56,Directed
41.0_-127.0,42.0_-127.0,110.00,Directed
41.0_-127.0,42.0_-126.0,155.56,Directed
-3.0_-99.0,-3.0_-100.0,110.00,Directed
-3.0_-99.0,-2.0_-98.0,155.56,Directed
17.0_-73.0,16.0_-74.0,155.56,Directed
17.0_-73.0,16.0_-73.0,110.00,Directed
17.0_-73.0,16.0_-72.0,155.56,Directed
17.0_-73.0,17.0_-74.0,110.00,Directed
17.0_-73.0,17.0_-72.0,110.00,Directed
13.0_-113.0,12.0_-114.0,155.56,Directed
13.0_-113.0,12.0_-113.0,110.00,Directed
13.0_-113.0,13.0_-114.0,110.00,Directed
13.0_-113.0,14.0_-114.0,155.56,Directed
13.0_-113.0,14.0_-113.0,110.00,Directed
13.0_-113.0,14.0_-112.0,155.56,Directed
-14.0_92.0,-14.0_93.0,110.00,Directed
-14.0_92.0,-13.0_91.0,155.56,Directed
-14.0_92.0,-13.0_92.0,110.00,Directed
15.0_-79.0,16.0_-80.0,155.56,Directed
15.0_-79.0,16.0_-79.0,110.00,Directed
15.0_-79.0,16.0_-78.0,155.56,Directed
-4.0_-156.0,-5.0_-157.0,155.56,Directed
-4.0_-156.0,-5.0_-156.0,110.00,Directed
-4.0_-156.0,-4.0_-157.0,110.00,Directed
-4.0_-156.0,-3.0_-156.0,110.00,Directed
-1.0_-153.0,-2.0_-153.0,110.00,Directed
-1.0_-153.0,-2.0_-152.0,155.56,Directed
-1.0_-153.0,-1.0_-154.0,110.00,Directed
-1.0_-153.0,-1.0_-152.0,110.00,Directed
15.0_-133.0,14.0_-133.0,110.00,Directed
15.0_-133.0,16.0_-132.0,155.56,Directed
47.0_-3.0,46.0_-4.0,155.56,Directed
47.0_-3.0,46.0_-3.0,110.00,Directed
47.0_-3.0,46.0_-2.0,155.56,Directed
47.0_-3.0,47.0_-4.0,110.00,Directed
47.0_-3.0,48.0_-3.0,110.00,Directed
33.0_-158.0,32.0_-159.0,155.56,Directed
33.0_-158.0,32.0_-158.0,110.00,Directed
33.0_-158.0,32.0_-157.0,155.56,Directed
33.0_-158.0,34.0_-158.0,110.00,Directed
33.0_-158.0,34.0_-157.0,155.56,Directed
24.0_-83.0,23.0_-84.0,155.56,Directed
24.0_-83.0,23.0_-83.0,110.00,Directed
24.0_-83.0,23.0_-82.0,155.56,Directed
24.0_-83.0,24.0_-84.0,110.00,Directed
24.0_-83.0,24.0_-82.0,110.00,Directed
24.0_-83.0,25.0_-84.0,155.56,Directed
24.0_-83.0,25.0_-83.0,110.00,Directed
3.0_-160.0,2.0_-161.0,155.56,Directed
3.0_-160.0,2.0_-160.0,110.00,Directed
3.0_-160.0,2.0_-159.0,155.56,Directed
3.0_-160.0,3.0_-161.0,110.00,Directed
3.0_-160.0,4.0_-161.0,155.56,Directed
3.0_-160.0,4.0_-160.0,110.00,Directed
6.0_-162.0,5.0_-163.0,155.56,Directed
6.0_-162.0,5.0_-162.0,110.00,Directed
6.0_-162.0,6.0_-163.0,110.00,Directed
6.0_-162.0,6.0_-161.0,110.00,Directed
6.0_-162.0,7.0_-163.0,155.56,Directed
6.0_-162.0,7.0_-162.0,110.00,Directed
6.0_-162.0,7.0_-161.0,155.56,Directed
11.0_-160.0,10.0_-161.0,155.56,Directed
11.0_-160.0,10.0_-160.0,110.00,Directed
11.0_-160.0,10.0_-159.0,155.56,Directed
11.0_-160.0,11.0_-161.0,110.00,Directed
11.0_-160.0,11.0_-159.0,110.00,Directed
11.0_-160.0,12.0_-160.0,110.00,Directed
11.0_-160.0,12.0_-159.0,155.56,Directed
25.0_154.0,24.0_155.0,155.56,Directed
25.0_154.0,25.0_153.0,110.00,Directed
5.0_-85.0,6.0_-86.0,155.56,Directed
-4.0_-143.0,-5.0_-143.0,110.00,Directed
-4.0_-143.0,-5.0_-142.0,155.56,Directed
-4.0_-143.0,-4.0_-142.0,110.00,Directed
-4.0_-143.0,-3.0_-144.0,155.56,Directed
-4.0_-143.0,-3.0_-143.0,110.00,Directed
-4.0_-143.0,-3.0_-142.0,155.56,Directed
20.0_-111.0,19.0_-111.0,110.00,Directed
20.0_-111.0,19.0_-110.0,155.56,Directed
20.0_-111.0,20.0_-112.0,110.00,Directed
20.0_-111.0,20.0_-110.0,110.00,Directed
20.0_-111.0,21.0_-111.0,110.00,Directed
20.0_-111.0,21.0_-110.0,155.56,Directed
-7.0_-145.0,-7.0_-144.0,110.00,Directed
-7.0_-145.0,-6.0_-146.0,155.56,Directed
-7.0_-145.0,-6.0_-145.0,110.00,Directed
27.0_-43.0,26.0_-44.0,155.56,Directed
27.0_-43.0,28.0_-43.0,110.00,Directed
6.0_89.0,6.0_88.0,110.00,Directed
6.0_89.0,6.0_90.0,110.00,Directed
31.0_132.0,30.0_131.0,155.56,Directed
31.0_132.0,30.0_133.0,155.56,Directed
31.0_132.0,31.0_131.0,110.00,Directed
31.0_132.0,31.0_133.0,110.00,Directed
31.0_132.0,32.0_132.0,110.00,Directed
31.0_132.0,32.0_133.0,155.56,Directed
-16.0_-149.0,-17.0_-150.0,155.56,Directed
-16.0_-149.0,-17.0_-149.0,110.00,Directed
-16.0_-149.0,-17.0_-148.0,155.56,Directed
-16.0_-149.0,-16.0_-150.0,110.00,Directed
-16.0_-149.0,-16.0_-148.0,110.00,Directed
-16.0_-149.0,-15.0_-149.0,110.00,Directed
-16.0_-149.0,-15.0_-148.0,155.56,Directed
35.0_-152.0,35.0_-153.0,110.00,Directed
35.0_-152.0,36.0_-153.0,155.56,Directed
35.0_-152.0,36.0_-151.0,155.56,Directed
28.0_-75.0,27.0_-76.0,155.56,Directed
28.0_-75.0,27.0_-75.0,110.00,Directed
28.0_-75.0,27.0_-74.0,155.56,Directed
28.0_-75.0,28.0_-76.0,110.00,Directed
28.0_-75.0,28.0_-74.0,110.00,Directed
28.0_-75.0,29.0_-76.0,155.56,Directed
28.0_-75.0,29.0_-75.0,110.00,Directed
28.0_-75.0,29.0_-74.0,155.56,Directed
41.0_-63.0,40.0_-64.0,155.56,Directed
41.0_-63.0,40.0_-63.0,110.00,Directed
41.0_-63.0,41.0_-64.0,110.00,Directed
41.0_-63.0,41.0_-62.0,110.00,Directed
41.0_-63.0,42.0_-64.0,155.56,Directed
41.0_-63.0,42.0_-63.0,110.00,Directed
41.0_-63.0,42.0_-62.0,155.56,Directed
30.0_-156.0,29.0_-157.0,155.56,Directed
30.0_-156.0,29.0_-156.0,110.00,Directed
30.0_-156.0,30.0_-157.0,110.00,Directed
30.0_-156.0,30.0_-155.0,110.00,Directed
30.0_-156.0,31.0_-157.0,155.56,Directed
30.0_-156.0,31.0_-156.0,110.00,Directed
30.0_-156.0,31.0_-155.0,155.56,Directed
32.0_-59.0,31.0_-60.0,155.56,Directed
32.0_-59.0,31.0_-58.0,155.56,Directed
32.0_-59.0,32.0_-58.0,110.00,Directed
32.0_-59.0,33.0_-60.0,155.56,Directed
32.0_-59.0,33.0_-59.0,110.00,Directed
32.0_-59.0,33.0_-58.0,155.56,Directed
42.0_151.0,41.0_150.0,155.56,Directed
42.0_151.0,41.0_151.0,110.00,Directed
42.0_151.0,42.0_152.0,110.00,Directed
38.0_14.0,37.0_13.0,155.56,Directed
38.0_14.0,37.0_15.0,155.56,Directed
38.0_14.0,38.0_13.0,110.00,Directed
-19.0_-27.0,-20.0_-28.0,155.56,Directed
-19.0_-27.0,-18.0_-26.0,155.56,Directed
29.0_134.0,28.0_135.0,155.56,Directed
29.0_134.0,29.0_133.0,110.00,Directed
29.0_134.0,29.0_135.0,110.00,Directed
29.0_134.0,30.0_133.0,155.56,Directed
29.0_134.0,30.0_135.0,155.56,Directed
58.0_-4.0,57.0_-4.0,110.00,Directed
58.0_-4.0,57.0_-3.0,155.56,Directed
58.0_-4.0,58.0_-5.0,110.00,Directed
58.0_-4.0,58.0_-3.0,110.00,Directed
58.0_-4.0,59.0_-5.0,155.56,Directed
58.0_-4.0,59.0_-4.0,110.00,Directed
58.0_-4.0,59.0_-3.0,155.56,Directed
26.0_-72.0,25.0_-73.0,155.56,Directed
26.0_-72.0,25.0_-72.0,110.00,Directed
26.0_-72.0,25.0_-71.0,155.56,Directed
26.0_-72.0,26.0_-73.0,110.00,Directed
26.0_-72.0,26.0_-71.0,110.00,Directed
26.0_-72.0,27.0_-73.0,155.56,Directed
26.0_-72.0,27.0_-72.0,110.00,Directed
26.0_-72.0,27.0_-71.0,155.56,Directed
17.0_-68.0,16.0_-69.0,155.56,Directed
17.0_-68.0,16.0_-68.0,110.00,Directed
17.0_-68.0,16.0_-67.0,155.56,Directed
17.0_-68.0,17.0_-69.0,110.00,Directed
17.0_-68.0,17.0_-67.0,110.00,Directed
17.0_-68.0,18.0_-69.0,155.56,Directed
17.0_-68.0,18.0_-68.0,110.00,Directed
36.0_-153.0,35.0_-153.0,110.00,Directed
36.0_-153.0,35.0_-152.0,155.56,Directed
36.0_-153.0,37.0_-154.0,155.56,Directed
36.0_-153.0,37.0_-152.0,155.56,Directed
55.0_-8.0,54.0_-9.0,155.56,Directed
55.0_-8.0,55.0_-9.0,110.00,Directed
55.0_-8.0,55.0_-7.0,110.00,Directed
55.0_-8.0,56.0_-9.0,155.56,Directed
55.0_-8.0,56.0_-8.0,110.00,Directed
55.0_-8.0,56.0_-7.0,155.56,Directed
38.0_-137.0,38.0_-138.0,110.00,Directed
38.0_-137.0,39.0_-138.0,155.56,Directed
38.0_-137.0,39.0_-137.0,110.00,Directed
38.0_-137.0,39.0_-136.0,155.56,Directed
12.0_-157.0,11.0_-158.0,155.56,Directed
12.0_-157.0,11.0_-156.0,155.56,Directed
12.0_-157.0,12.0_-158.0,110.00,Directed
12.0_-157.0,12.0_-156.0,110.00,Directed
12.0_-157.0,13.0_-158.0,155.56,Directed
12.0_-157.0,13.0_-157.0,110.00,Directed
43.0_-78.0,43.0_-79.0,110.00,Directed
43.0_-78.0,43.0_-77.0,110.00,Directed
43.0_-78.0,44.0_-77.0,155.56,Directed
8.0_-94.0,8.0_-93.0,110.00,Directed
8.0_-94.0,9.0_-93.0,155.56,Directed
5.0_-143.0,4.0_-144.0,155.56,Directed
5.0_-143.0,6.0_-144.0,155.56,Directed
26.0_-116.0,25.0_-115.0,155.56,Directed
26.0_-116.0,26.0_-115.0,110.00,Directed
26.0_-116.0,27.0_-117.0,155.56,Directed
26.0_-116.0,27.0_-116.0,110.00,Directed
26.0_-116.0,27.0_-115.0,155.56,Directed
20.0_-112.0,19.0_-111.0,155.56,Directed
20.0_-112.0,20.0_-111.0,110.00,Directed
20.0_-112.0,21.0_-111.0,155.56,Directed
-6.0_-157.0,-7.0_-158.0,155.56,Directed
-6.0_-157.0,-7.0_-156.0,155.56,Directed
-6.0_-157.0,-6.0_-158.0,110.00,Directed
-6.0_-157.0,-6.0_-156.0,110.00,Directed
-6.0_-157.0,-5.0_-158.0,155.56,Directed
-6.0_-157.0,-5.0_-157.0,110.00,Directed
-6.0_-157.0,-5.0_-156.0,155.56,Directed
6.0_-157.0,5.0_-158.0,155.56,Directed
6.0_-157.0,5.0_-157.0,110.00,Directed
6.0_-157.0,5.0_-156.0,155.56,Directed
6.0_-157.0,6.0_-158.0,110.00,Directed
6.0_-157.0,6.0_-156.0,110.00,Directed
6.0_-157.0,7.0_-158.0,155.56,Directed
6.0_-157.0,7.0_-157.0,110.00,Directed
6.0_-157.0,7.0_-156.0,155.56,Directed
48.0_-16.0,48.0_-17.0,110.00,Directed
48.0_-16.0,49.0_-16.0,110.00,Directed
48.0_-16.0,49.0_-15.0,155.56,Directed
25.0_-159.0,24.0_-159.0,110.00,Directed
25.0_-159.0,24.0_-158.0,155.56,Directed
25.0_-159.0,25.0_-160.0,110.00,Directed
25.0_-159.0,25.0_-158.0,110.00,Directed
25.0_-159.0,26.0_-160.0,155.56,Directed
25.0_-159.0,26.0_-159.0,110.00,Directed
25.0_-159.0,26.0_-158.0,155.56,Directed
-2.0_-98.0,-3.0_-99.0,155.56,Directed
6.0_88.0,6.0_87.0,110.00,Directed
6.0_88.0,6.0_89.0,110.00,Directed
12.0_-62.0,11.0_-63.0,155.56,Directed
12.0_-62.0,11.0_-62.0,110.00,Directed
12.0_-62.0,11.0_-61.0,155.56,Directed
12.0_-62.0,12.0_-63.0,110.00,Directed
12.0_-62.0,12.0_-61.0,110.00,Directed
12.0_-62.0,13.0_-63.0,155.56,Directed
12.0_-62.0,13.0_-62.0,110.00,Directed
12.0_-62.0,13.0_-61.0,155.56,Directed
-27.0_108.0,-28.0_108.0,110.00,Directed
-27.0_108.0,-28.0_109.0,155.56,Directed
-27.0_108.0,-27.0_107.0,110.00,Directed
-27.0_108.0,-26.0_107.0,155.56,Directed
-65.0_-62.0,-65.0_-63.0,110.00,Directed
39.0_-65.0,38.0_-66.0,155.56,Directed
39.0_-65.0,38.0_-65.0,110.00,Directed
39.0_-65.0,38.0_-64.0,155.56,Directed
39.0_-65.0,39.0_-66.0,110.00,Directed
39.0_-65.0,39.0_-64.0,110.00,Directed
39.0_-65.0,40.0_-66.0,155.56,Directed
39.0_-65.0,40.0_-65.0,110.00,Directed
39.0_-65.0,40.0_-64.0,155.56,Directed
-13.0_-147.0,-14.0_-147.0,110.00,Directed
-13.0_-147.0,-14.0_-146.0,155.56,Directed
-13.0_-147.0,-13.0_-148.0,110.00,Directed
-13.0_-147.0,-13.0_-146.0,110.00,Directed
-13.0_-147.0,-12.0_-148.0,155.56,Directed
-13.0_-147.0,-12.0_-147.0,110.00,Directed
-13.0_-147.0,-12.0_-146.0,155.56,Directed
35.0_18.0,34.0_18.0,110.00,Directed
15.0_-150.0,14.0_-151.0,155.56,Directed
15.0_-150.0,14.0_-149.0,155.56,Directed
15.0_-150.0,15.0_-151.0,110.00,Directed
15.0_-150.0,16.0_-151.0,155.56,Directed
15.0_-150.0,16.0_-149.0,155.56,Directed
53.0_-134.0,52.0_-133.0,155.56,Directed
53.0_-134.0,53.0_-135.0,110.00,Directed
53.0_-134.0,54.0_-133.0,155.56,Directed
27.0_-38.0,26.0_-38.0,110.00,Directed
27.0_-38.0,27.0_-39.0,110.00,Directed
27.0_-38.0,28.0_-39.0,155.56,Directed
27.0_-38.0,28.0_-38.0,110.00,Directed
37.0_144.0,36.0_143.0,155.56,Directed
37.0_144.0,37.0_143.0,110.00,Directed
37.0_144.0,38.0_143.0,155.56,Directed
37.0_144.0,38.0_144.0,110.00,Directed
-9.0_93.0,-8.0_93.0,110.00,Directed
-9.0_93.0,-8.0_94.0,155.56,Directed
-27.0_-12.0,-27.0_-13.0,110.00,Directed
-27.0_-12.0,-26.0_-11.0,155.56,Directed
9.0_-164.0,8.0_-165.0,155.56,Directed
9.0_-164.0,8.0_-163.0,155.56,Directed
9.0_-164.0,9.0_-163.0,110.00,Directed
9.0_-164.0,10.0_-163.0,155.56,Directed
-35.0_32.0,-35.0_33.0,110.00,Directed
19.0_-80.0,18.0_-81.0,155.56,Directed
19.0_-80.0,18.0_-80.0,110.00,Directed
19.0_-80.0,18.0_-79.0,155.56,Directed
19.0_-80.0,19.0_-81.0,110.00,Directed
19.0_-80.0,19.0_-79.0,110.00,Directed
19.0_-80.0,20.0_-81.0,155.56,Directed
19.0_-80.0,20.0_-80.0,110.00,Directed
22.0_-75.0,21.0_-76.0,155.56,Directed
22.0_-75.0,21.0_-75.0,110.00,Directed
22.0_-75.0,21.0_-74.0,155.56,Directed
22.0_-75.0,22.0_-74.0,110.00,Directed
22.0_-75.0,23.0_-76.0,155.56,Directed
22.0_-75.0,23.0_-75.0,110.00,Directed
22.0_-75.0,23.0_-74.0,155.56,Directed
20.0_-60.0,19.0_-61.0,155.56,Directed
20.0_-60.0,19.0_-60.0,110.00,Directed
20.0_-60.0,19.0_-59.0,155.56,Directed
20.0_-60.0,20.0_-61.0,110.00,Directed
20.0_-60.0,20.0_-59.0,110.00,Directed
20.0_-60.0,21.0_-61.0,155.56,Directed
20.0_-60.0,21.0_-60.0,110.00,Directed
20.0_-60.0,21.0_-59.0,155.56,Directed
32.0_-157.0,31.0_-158.0,155.56,Directed
32.0_-157.0,31.0_-157.0,110.00,Directed
32.0_-157.0,31.0_-156.0,155.56,Directed
32.0_-157.0,32.0_-158.0,110.00,Directed
32.0_-157.0,32.0_-156.0,110.00,Directed
32.0_-157.0,33.0_-158.0,155.56,Directed
32.0_-157.0,33.0_-156.0,155.56,Directed
32.0_128.0,31.0_127.0,155.56,Directed
32.0_128.0,31.0_128.0,110.00,Directed
32.0_128.0,31.0_129.0,155.56,Directed
32.0_128.0,32.0_127.0,110.00,Directed
32.0_128.0,32.0_129.0,110.00,Directed
32.0_128.0,33.0_128.0,110.00,Directed
32.0_128.0,33.0_129.0,155.56,Directed
40.0_139.0,39.0_138.0,155.56,Directed
40.0_139.0,39.0_139.0,110.00,Directed
40.0_139.0,40.0_138.0,110.00,Directed
40.0_139.0,41.0_138.0,155.56,Directed
40.0_139.0,41.0_139.0,110.00,Directed
40.0_139.0,41.0_140.0,155.56,Directed
25.0_-66.0,24.0_-66.0,110.00,Directed
25.0_-66.0,24.0_-65.0,155.56,Directed
25.0_-66.0,25.0_-65.0,110.00,Directed
25.0_-66.0,26.0_-66.0,110.00,Directed
25.0_-66.0,26.0_-65.0,155.56,Directed
30.0_-74.0,29.0_-75.0,155.56,Directed
30.0_-74.0,29.0_-74.0,110.00,Directed
30.0_-74.0,29.0_-73.0,155.56,Directed
30.0_-74.0,30.0_-75.0,110.00,Directed
30.0_-74.0,30.0_-73.0,110.00,Directed
30.0_-74.0,31.0_-75.0,155.56,Directed
30.0_-74.0,31.0_-74.0,110.00,Directed
30.0_-74.0,31.0_-73.0,155.56,Directed
-5.0_-143.0,-6.0_-142.0,155.56,Directed
-5.0_-143.0,-5.0_-142.0,110.00,Directed
-5.0_-143.0,-4.0_-143.0,110.00,Directed
-5.0_-143.0,-4.0_-142.0,155.56,Directed
10.0_-160.0,9.0_-161.0,155.56,Directed
10.0_-160.0,9.0_-160.0,110.00,Directed
10.0_-160.0,9.0_-159.0,155.56,Directed
10.0_-160.0,10.0_-161.0,110.00,Directed
10.0_-160.0,10.0_-159.0,110.00,Directed
10.0_-160.0,11.0_-161.0,155.56,Directed
10.0_-160.0,11.0_-160.0,110.00,Directed
10.0_-160.0,11.0_-159.0,155.56,Directed
34.0_-70.0,35.0_-70.0,110.00,Directed
34.0_-70.0,35.0_-69.0,155.56,Directed
-7.0_-158.0,-8.0_-157.0,155.56,Directed
-7.0_-158.0,-6.0_-158.0,110.00,Directed
-7.0_-158.0,-6.0_-157.0,155.56,Directed
11.0_-143.0,10.0_-142.0,155.56,Directed
11.0_-143.0,11.0_-142.0,110.00,Directed
11.0_-143.0,12.0_-144.0,155.56,Directed
37.0_-123.0,36.0_-124.0,155.56,Directed
37.0_-123.0,36.0_-123.0,110.00,Directed
37.0_-123.0,36.0_-122.0,155.56,Directed
37.0_-123.0,37.0_-124.0,110.00,Directed
37.0_-123.0,38.0_-124.0,155.56,Directed
37.0_-123.0,38.0_-123.0,110.00,Directed
12.0_-113.0,12.0_-114.0,110.00,Directed
12.0_-113.0,13.0_-114.0,155.56,Directed
12.0_-113.0,13.0_-113.0,110.00,Directed
34.0_140.0,33.0_139.0,155.56,Directed
34.0_140.0,33.0_140.0,110.00,Directed
34.0_140.0,34.0_139.0,110.00,Directed
34.0_140.0,35.0_139.0,155.56,Directed
34.0_140.0,35.0_140.0,110.00,Directed
34.0_140.0,35.0_141.0,155.56,Directed
18.0_-61.0,17.0_-62.0,155.56,Directed
18.0_-61.0,17.0_-61.0,110.00,Directed
18.0_-61.0,17.0_-60.0,155.56,Directed
18.0_-61.0,18.0_-62.0,110.00,Directed
18.0_-61.0,18.0_-60.0,110.00,Directed
18.0_-61.0,19.0_-62.0,155.56,Directed
18.0_-61.0,19.0_-61.0,110.00,Directed
18.0_-61.0,19.0_-60.0,155.56,Directed
25.0_-79.0,24.0_-80.0,155.56,Directed
25.0_-79.0,24.0_-78.0,155.56,Directed
25.0_-79.0,25.0_-80.0,110.00,Directed
25.0_-79.0,25.0_-78.0,110.00,Directed
25.0_-79.0,26.0_-80.0,155.56,Directed
25.0_-79.0,26.0_-79.0,110.00,Directed
25.0_-79.0,26.0_-78.0,155.56,Directed
-27.0_-38.0,-27.0_-39.0,110.00,Directed
-27.0_-38.0,-26.0_-37.0,155.56,Directed
35.0_-67.0,34.0_-68.0,155.56,Directed
35.0_-67.0,34.0_-67.0,110.00,Directed
35.0_-67.0,34.0_-66.0,155.56,Directed
35.0_-67.0,35.0_-68.0,110.00,Directed
35.0_-67.0,35.0_-66.0,110.00,Directed
35.0_-67.0,36.0_-68.0,155.56,Directed
35.0_-67.0,36.0_-67.0,110.00,Directed
35.0_-67.0,36.0_-66.0,155.56,Directed
6.0_-144.0,5.0_-145.0,155.56,Directed
6.0_-144.0,5.0_-143.0,155.56,Directed
6.0_-144.0,6.0_-145.0,110.00,Directed
6.0_-144.0,7.0_-145.0,155.56,Directed
27.0_130.0,27.0_129.0,110.00,Directed
27.0_130.0,27.0_131.0,110.00,Directed
27.0_130.0,28.0_129.0,155.56,Directed
27.0_130.0,28.0_130.0,110.00,Directed
27.0_130.0,28.0_131.0,155.56,Directed
33.0_-127.0,32.0_-128.0,155.56,Directed
33.0_-127.0,32.0_-127.0,110.00,Directed
33.0_-127.0,32.0_-126.0,155.56,Directed
33.0_-127.0,33.0_-128.0,110.00,Directed
33.0_-127.0,33.0_-126.0,110.00,Directed
33.0_-127.0,34.0_-126.0,155.56,Directed
32.0_-131.0,32.0_-132.0,110.00,Directed
32.0_-131.0,32.0_-130.0,110.00,Directed
32.0_-131.0,33.0_-132.0,155.56,Directed
29.0_-63.0,28.0_-64.0,155.56,Directed
29.0_-63.0,28.0_-63.0,110.00,Directed
29.0_-63.0,28.0_-62.0,155.56,Directed
29.0_-63.0,29.0_-64.0,110.00,Directed
29.0_-63.0,29.0_-62.0,110.00,Directed
29.0_-63.0,30.0_-64.0,155.56,Directed
29.0_-63.0,30.0_-63.0,110.00,Directed
29.0_-63.0,30.0_-62.0,155.56,Directed
-10.0_-139.0,-11.0_-140.0,155.56,Directed
-10.0_-139.0,-11.0_-138.0,155.56,Directed
-10.0_-139.0,-10.0_-140.0,110.00,Directed
-10.0_-139.0,-10.0_-138.0,110.00,Directed
-10.0_-139.0,-9.0_-140.0,155.56,Directed
-10.0_-139.0,-9.0_-139.0,110.00,Directed
-10.0_-139.0,-9.0_-138.0,155.56,Directed
23.0_-131.0,22.0_-130.0,155.56,Directed
23.0_-131.0,23.0_-130.0,110.00,Directed
23.0_-131.0,24.0_-130.0,155.56,Directed
-12.0_-145.0,-13.0_-146.0,155.56,Directed
-12.0_-145.0,-13.0_-145.0,110.00,Directed
-12.0_-145.0,-13.0_-144.0,155.56,Directed
-12.0_-145.0,-12.0_-146.0,110.00,Directed
-12.0_-145.0,-12.0_-144.0,110.00,Directed
-12.0_-145.0,-11.0_-146.0,155.56,Directed
-12.0_-145.0,-11.0_-145.0,110.00,Directed
-12.0_-145.0,-11.0_-144.0,155.56,Directed
39.0_135.0,38.0_135.0,110.00,Directed
39.0_135.0,38.0_136.0,155.56,Directed
39.0_135.0,40.0_136.0,155.56,Directed
27.0_-69.0,26.0_-70.0,155.56,Directed
27.0_-69.0,26.0_-69.0,110.00,Directed
27.0_-69.0,26.0_-68.0,155.56,Directed
27.0_-69.0,27.0_-70.0,110.00,Directed
27.0_-69.0,27.0_-68.0,110.00,Directed
27.0_-69.0,28.0_-70.0,155.56,Directed
27.0_-69.0,28.0_-69.0,110.00,Directed
27.0_-69.0,28.0_-68.0,155.56,Directed
22.0_-62.0,21.0_-62.0,110.00,Directed
22.0_-62.0,21.0_-61.0,155.56,Directed
22.0_-62.0,22.0_-63.0,110.00,Directed
22.0_-62.0,22.0_-61.0,110.00,Directed
22.0_-62.0,23.0_-62.0,110.00,Directed
22.0_-62.0,23.0_-61.0,155.56,Directed
38.0_-124.0,37.0_-124.0,110.00,Directed
38.0_-124.0,37.0_-123.0,155.56,Directed
38.0_-124.0,38.0_-125.0,110.00,Directed
38.0_-124.0,38.0_-123.0,110.00,Directed
38.0_-124.0,39.0_-125.0,155.56,Directed
-26.0_168.0,-27.0_167.0,155.56,Directed
19.0_132.0,18.0_132.0,110.00,Directed
19.0_132.0,19.0_131.0,110.00,Directed
19.0_132.0,20.0_133.0,155.56,Directed
44.0_-8.0,43.0_-9.0,155.56,Directed
44.0_-8.0,43.0_-8.0,110.00,Directed
44.0_-8.0,43.0_-7.0,155.56,Directed
22.0_-161.0,21.0_-161.0,110.00,Directed
22.0_-161.0,22.0_-162.0,110.00,Directed
22.0_-161.0,22.0_-160.0,110.00,Directed
22.0_-161.0,23.0_-161.0,110.00,Directed
37.0_-61.0,36.0_-61.0,110.00,Directed
37.0_-61.0,36.0_-60.0,155.56,Directed
37.0_-61.0,37.0_-62.0,110.00,Directed
37.0_-61.0,38.0_-61.0,110.00,Directed
46.0_-4.0,45.0_-4.0,110.00,Directed
46.0_-4.0,45.0_-3.0,155.56,Directed
46.0_-4.0,46.0_-5.0,110.00,Directed
46.0_-4.0,46.0_-3.0,110.00,Directed
46.0_-4.0,47.0_-5.0,155.56,Directed
46.0_-4.0,47.0_-4.0,110.00,Directed
46.0_-4.0,47.0_-3.0,155.56,Directed
28.0_-57.0,27.0_-58.0,155.56,Directed
28.0_-57.0,27.0_-57.0,110.00,Directed
28.0_-57.0,27.0_-56.0,155.56,Directed
28.0_-57.0,28.0_-58.0,110.00,Directed
28.0_-57.0,28.0_-56.0,110.00,Directed
28.0_-57.0,29.0_-58.0,155.56,Directed
28.0_-57.0,29.0_-57.0,110.00,Directed
28.0_-57.0,29.0_-56.0,155.56,Directed
42.0_16.0,41.0_16.0,110.00,Directed
42.0_16.0,41.0_17.0,155.56,Directed
42.0_16.0,42.0_15.0,110.00,Directed
22.0_-108.0,21.0_-109.0,155.56,Directed
22.0_-108.0,21.0_-108.0,110.00,Directed
22.0_-108.0,21.0_-107.0,155.56,Directed
22.0_-108.0,22.0_-109.0,110.00,Directed
22.0_-108.0,22.0_-107.0,110.00,Directed
22.0_-108.0,23.0_-109.0,155.56,Directed
22.0_-108.0,23.0_-108.0,110.00,Directed
33.0_-64.0,32.0_-65.0,155.56,Directed
33.0_-64.0,32.0_-64.0,110.00,Directed
33.0_-64.0,32.0_-63.0,155.56,Directed
33.0_-64.0,33.0_-65.0,110.00,Directed
33.0_-64.0,33.0_-63.0,110.00,Directed
33.0_-64.0,34.0_-65.0,155.56,Directed
33.0_-64.0,34.0_-64.0,110.00,Directed
33.0_-64.0,34.0_-63.0,155.56,Directed
31.0_-161.0,30.0_-162.0,155.56,Directed
31.0_-161.0,30.0_-161.0,110.00,Directed
31.0_-161.0,31.0_-162.0,110.00,Directed
31.0_-161.0,31.0_-160.0,110.00,Directed
31.0_-161.0,32.0_-161.0,110.00,Directed
31.0_-161.0,32.0_-160.0,155.56,Directed
9.0_-120.0,8.0_-121.0,155.56,Directed
9.0_-120.0,8.0_-120.0,110.00,Directed
9.0_-120.0,9.0_-121.0,110.00,Directed
9.0_-120.0,9.0_-119.0,110.00,Directed
9.0_-120.0,10.0_-119.0,155.56,Directed
-22.0_101.0,-23.0_101.0,110.00,Directed
-22.0_101.0,-23.0_102.0,155.56,Directed
-22.0_101.0,-22.0_102.0,110.00,Directed
44.0_-134.0,43.0_-135.0,155.56,Directed
44.0_-134.0,45.0_-133.0,155.56,Directed
16.0_-146.0,15.0_-147.0,155.56,Directed
16.0_-146.0,15.0_-146.0,110.00,Directed
16.0_-146.0,15.0_-145.0,155.56,Directed
16.0_-146.0,16.0_-147.0,110.00,Directed
-5.0_-156.0,-6.0_-157.0,155.56,Directed
-5.0_-156.0,-6.0_-156.0,110.00,Directed
-5.0_-156.0,-5.0_-157.0,110.00,Directed
-5.0_-156.0,-4.0_-157.0,155.56,Directed
-5.0_-156.0,-4.0_-156.0,110.00,Directed
-36.0_13.0,-36.0_12.0,110.00,Directed
-36.0_13.0,-35.0_13.0,110.00,Directed
-36.0_13.0,-35.0_14.0,155.56,Directed
38.0_5.0,37.0_4.0,155.56,Directed
38.0_5.0,38.0_6.0,110.00,Directed
38.0_5.0,39.0_4.0,155.56,Directed
38.0_5.0,39.0_5.0,110.00,Directed
38.0_5.0,39.0_6.0,155.56,Directed
15.0_-163.0,14.0_-163.0,110.00,Directed
15.0_-163.0,14.0_-162.0,155.56,Directed
15.0_-163.0,15.0_-162.0,110.00,Directed
15.0_-163.0,16.0_-163.0,110.00,Directed
40.0_-74.0,39.0_-74.0,110.00,Directed
40.0_-74.0,39.0_-73.0,155.56,Directed
40.0_-74.0,40.0_-73.0,110.00,Directed
-29.0_-16.0,-29.0_-17.0,110.00,Directed
-29.0_-16.0,-29.0_-15.0,110.00,Directed
-29.0_-16.0,-28.0_-15.0,155.56,Directed
42.0_-128.0,41.0_-127.0,155.56,Directed
42.0_-128.0,42.0_-129.0,110.00,Directed
42.0_-128.0,42.0_-127.0,110.00,Directed
23.0_-81.0,23.0_-82.0,110.00,Directed
23.0_-81.0,24.0_-82.0,155.56,Directed
23.0_-81.0,24.0_-81.0,110.00,Directed
23.0_-81.0,24.0_-80.0,155.56,Directed
-34.0_-35.0,-34.0_-36.0,110.00,Directed
-34.0_-35.0,-34.0_-34.0,110.00,Directed
-27.0_-25.0,-28.0_-26.0,155.56,Directed
-20.0_-6.0,-21.0_-6.0,110.00,Directed
-30.0_-102.0,-31.0_-103.0,155.56,Directed
-30.0_-102.0,-30.0_-101.0,110.00,Directed
-30.0_-102.0,-29.0_-103.0,155.56,Directed
-43.0_148.0,-42.0_148.0,110.00,Directed
5.0_-156.0,4.0_-157.0,155.56,Directed
5.0_-156.0,4.0_-156.0,110.00,Directed
5.0_-156.0,4.0_-155.0,155.56,Directed
5.0_-156.0,5.0_-157.0,110.00,Directed
5.0_-156.0,5.0_-155.0,110.00,Directed
5.0_-156.0,6.0_-157.0,155.56,Directed
5.0_-156.0,6.0_-156.0,110.00,Directed
5.0_-156.0,6.0_-155.0,155.56,Directed
73.0_72.0,73.0_73.0,110.00,Directed
51.0_-132.0,50.0_-133.0,155.56,Directed
51.0_-132.0,50.0_-132.0,110.00,Directed
51.0_-132.0,50.0_-131.0,155.56,Directed
51.0_-132.0,51.0_-133.0,110.00,Directed
51.0_-132.0,51.0_-131.0,110.00,Directed
51.0_-132.0,52.0_-133.0,155.56,Directed
3.0_-15.0,4.0_-16.0,155.56,Directed
29.0_-76.0,28.0_-77.0,155.56,Directed
29.0_-76.0,28.0_-76.0,110.00,Directed
29.0_-76.0,28.0_-75.0,155.56,Directed
29.0_-76.0,29.0_-77.0,110.00,Directed
29.0_-76.0,29.0_-75.0,110.00,Directed
29.0_-76.0,30.0_-77.0,155.56,Directed
29.0_-76.0,30.0_-76.0,110.00,Directed
29.0_-76.0,30.0_-75.0,155.56,Directed
16.0_-71.0,15.0_-72.0,155.56,Directed
16.0_-71.0,15.0_-71.0,110.00,Directed
16.0_-71.0,15.0_-70.0,155.56,Directed
16.0_-71.0,16.0_-72.0,110.00,Directed
16.0_-71.0,16.0_-70.0,110.00,Directed
16.0_-71.0,17.0_-72.0,155.56,Directed
16.0_-71.0,17.0_-71.0,110.00,Directed
16.0_-71.0,17.0_-70.0,155.56,Directed
35.0_141.0,34.0_140.0,155.56,Directed
35.0_141.0,35.0_140.0,110.00,Directed
35.0_141.0,35.0_142.0,110.00,Directed
35.0_141.0,36.0_140.0,155.56,Directed
35.0_141.0,36.0_141.0,110.00,Directed
35.0_141.0,36.0_142.0,155.56,Directed
25.0_-128.0,24.0_-129.0,155.56,Directed
25.0_-128.0,24.0_-128.0,110.00,Directed
25.0_-128.0,25.0_-129.0,110.00,Directed
25.0_-128.0,26.0_-127.0,155.56,Directed
24.0_-78.0,23.0_-77.0,155.56,Directed
24.0_-78.0,24.0_-77.0,110.00,Directed
24.0_-78.0,25.0_-79.0,155.56,Directed
24.0_-78.0,25.0_-78.0,110.00,Directed
24.0_-78.0,25.0_-77.0,155.56,Directed
34.0_-147.0,33.0_-147.0,110.00,Directed
34.0_-147.0,35.0_-148.0,155.56,Directed
34.0_-147.0,35.0_-147.0,110.00,Directed
34.0_-147.0,35.0_-146.0,155.56,Directed
30.0_-43.0,29.0_-43.0,110.00,Directed
30.0_-43.0,31.0_-42.0,155.56,Directed
59.0_-10.0,58.0_-11.0,155.56,Directed
59.0_-10.0,58.0_-10.0,110.00,Directed
59.0_-10.0,58.0_-9.0,155.56,Directed
59.0_-10.0,59.0_-11.0,110.00,Directed
59.0_-10.0,59.0_-9.0,110.00,Directed
19.0_-62.0,18.0_-62.0,110.00,Directed
19.0_-62.0,18.0_-61.0,155.56,Directed
19.0_-62.0,19.0_-61.0,110.00,Directed
19.0_-62.0,20.0_-61.0,155.56,Directed
-5.0_-108.0,-5.0_-107.0,110.00,Directed
-11.0_-144.0,-12.0_-145.0,155.56,Directed
-11.0_-144.0,-12.0_-144.0,110.00,Directed
-11.0_-144.0,-12.0_-143.0,155.56,Directed
-11.0_-144.0,-11.0_-145.0,110.00,Directed
-11.0_-144.0,-11.0_-143.0,110.00,Directed
-11.0_-144.0,-10.0_-145.0,155.56,Directed
-11.0_-144.0,-10.0_-143.0,155.56,Directed
20.0_-86.0,19.0_-85.0,155.56,Directed
20.0_-86.0,21.0_-85.0,155.56,Directed
37.0_-74.0,37.0_-75.0,110.00,Directed
37.0_-74.0,38.0_-73.0,155.56,Directed
17.0_-116.0,16.0_-117.0,155.56,Directed
17.0_-116.0,16.0_-115.0,155.56,Directed
17.0_-116.0,18.0_-115.0,155.56,Directed
14.0_-114.0,13.0_-114.0,110.00,Directed
14.0_-114.0,13.0_-113.0,155.56,Directed
14.0_-114.0,14.0_-115.0,110.00,Directed
14.0_-114.0,14.0_-113.0,110.00,Directed
14.0_-114.0,15.0_-114.0,110.00,Directed
14.0_-114.0,15.0_-113.0,155.56,Directed
0.0_-90.0,-1.0_-91.0,155.56,Directed
0.0_-90.0,1.0_-91.0,155.56,Directed
0.0_-90.0,1.0_-90.0,110.00,Directed
34.0_-35.0,33.0_-36.0,155.56,Directed
34.0_-35.0,35.0_-36.0,155.56,Directed
34.0_-35.0,35.0_-34.0,155.56,Directed
25.0_-84.0,24.0_-85.0,155.56,Directed
25.0_-84.0,24.0_-84.0,110.00,Directed
25.0_-84.0,24.0_-83.0,155.56,Directed
25.0_-84.0,25.0_-85.0,110.00,Directed
25.0_-84.0,25.0_-83.0,110.00,Directed
25.0_-84.0,26.0_-83.0,155.56,Directed
36.0_-68.0,35.0_-69.0,155.56,Directed
36.0_-68.0,35.0_-68.0,110.00,Directed
36.0_-68.0,35.0_-67.0,155.56,Directed
36.0_-68.0,36.0_-69.0,110.00,Directed
36.0_-68.0,36.0_-67.0,110.00,Directed
36.0_-68.0,37.0_-69.0,155.56,Directed
36.0_-68.0,37.0_-68.0,110.00,Directed
36.0_-68.0,37.0_-67.0,155.56,Directed
-34.0_-83.0,-34.0_-84.0,110.00,Directed
-34.0_-83.0,-34.0_-82.0,110.00,Directed
30.0_-138.0,31.0_-138.0,110.00,Directed
32.0_-126.0,31.0_-125.0,155.56,Directed
32.0_-126.0,32.0_-127.0,110.00,Directed
32.0_-126.0,32.0_-125.0,110.00,Directed
32.0_-126.0,33.0_-127.0,155.56,Directed
32.0_-126.0,33.0_-126.0,110.00,Directed
32.0_-126.0,33.0_-125.0,155.56,Directed
40.0_-61.0,41.0_-62.0,155.56,Directed
40.0_-61.0,41.0_-60.0,155.56,Directed
31.0_-57.0,30.0_-58.0,155.56,Directed
31.0_-57.0,30.0_-57.0,110.00,Directed
31.0_-57.0,30.0_-56.0,155.56,Directed
31.0_-57.0,31.0_-58.0,110.00,Directed
31.0_-57.0,31.0_-56.0,110.00,Directed
31.0_-57.0,32.0_-58.0,155.56,Directed
37.0_-141.0,36.0_-142.0,155.56,Directed
37.0_-141.0,36.0_-141.0,110.00,Directed
37.0_-141.0,37.0_-140.0,110.00,Directed
37.0_-141.0,38.0_-142.0,155.56,Directed
37.0_-141.0,38.0_-140.0,155.56,Directed
41.0_-132.0,40.0_-133.0,155.56,Directed
41.0_-132.0,40.0_-131.0,155.56,Directed
41.0_-132.0,42.0_-131.0,155.56,Directed
40.0_8.0,39.0_7.0,155.56,Directed
40.0_8.0,39.0_8.0,110.00,Directed
40.0_8.0,39.0_9.0,155.56,Directed
40.0_8.0,40.0_7.0,110.00,Directed
40.0_8.0,40.0_9.0,110.00,Directed
40.0_8.0,41.0_7.0,155.56,Directed
40.0_8.0,41.0_8.0,110.00,Directed
40.0_8.0,41.0_9.0,155.56,Directed
8.0_-163.0,7.0_-164.0,155.56,Directed
8.0_-163.0,7.0_-163.0,110.00,Directed
8.0_-163.0,7.0_-162.0,155.56,Directed
8.0_-163.0,8.0_-162.0,110.00,Directed
8.0_-163.0,9.0_-164.0,155.56,Directed
8.0_-163.0,9.0_-163.0,110.00,Directed
8.0_-163.0,9.0_-162.0,155.56,Directed
-7.0_95.0,-8.0_94.0,155.56,Directed
-7.0_95.0,-8.0_95.0,110.00,Directed
14.0_-64.0,13.0_-65.0,155.56,Directed
14.0_-64.0,13.0_-64.0,110.00,Directed
14.0_-64.0,13.0_-63.0,155.56,Directed
14.0_-64.0,14.0_-65.0,110.00,Directed
14.0_-64.0,14.0_-63.0,110.00,Directed
14.0_-64.0,15.0_-65.0,155.56,Directed
14.0_-64.0,15.0_-64.0,110.00,Directed
14.0_-64.0,15.0_-63.0,155.56,Directed
10.0_-142.0,10.0_-141.0,110.00,Directed
10.0_-142.0,11.0_-143.0,155.56,Directed
10.0_-142.0,11.0_-142.0,110.00,Directed
16.0_-151.0,15.0_-152.0,155.56,Directed
16.0_-151.0,15.0_-151.0,110.00,Directed
16.0_-151.0,15.0_-150.0,155.56,Directed
16.0_-151.0,16.0_-152.0,110.00,Directed
16.0_-151.0,17.0_-152.0,155.56,Directed
16.0_-151.0,17.0_-151.0,110.00,Directed
16.0_-151.0,17.0_-150.0,155.56,Directed
3.0_-124.0,2.0_-123.0,155.56,Directed
3.0_-124.0,3.0_-125.0,110.00,Directed
3.0_-124.0,4.0_-125.0,155.56,Directed
3.0_-124.0,4.0_-124.0,110.00,Directed
3.0_-124.0,4.0_-123.0,155.56,Directed
32.0_-76.0,31.0_-76.0,110.00,Directed
32.0_-76.0,31.0_-75.0,155.56,Directed
32.0_-76.0,32.0_-77.0,110.00,Directed
32.0_-76.0,32.0_-75.0,110.00,Directed
36.0_21.0,36.0_20.0,110.00,Directed
36.0_21.0,36.0_22.0,110.00,Directed
28.0_-119.0,27.0_-118.0,155.56,Directed
28.0_-119.0,28.0_-118.0,110.00,Directed
28.0_-119.0,29.0_-120.0,155.56,Directed
28.0_-119.0,29.0_-119.0,110.00,Directed
28.0_-119.0,29.0_-118.0,155.56,Directed
-15.0_-149.0,-16.0_-150.0,155.56,Directed
-15.0_-149.0,-16.0_-149.0,110.00,Directed
-15.0_-149.0,-16.0_-148.0,155.56,Directed
-15.0_-149.0,-15.0_-148.0,110.00,Directed
-15.0_-149.0,-14.0_-150.0,155.56,Directed
-15.0_-149.0,-14.0_-149.0,110.00,Directed
27.0_-60.0,26.0_-61.0,155.56,Directed
27.0_-60.0,26.0_-60.0,110.00,Directed
27.0_-60.0,26.0_-59.0,155.56,Directed
27.0_-60.0,27.0_-61.0,110.00,Directed
27.0_-60.0,27.0_-59.0,110.00,Directed
27.0_-60.0,28.0_-61.0,155.56,Directed
27.0_-60.0,28.0_-60.0,110.00,Directed
27.0_-60.0,28.0_-59.0,155.56,Directed
69.0_49.0,69.0_50.0,110.00,Directed
31.0_-156.0,30.0_-157.0,155.56,Directed
31.0_-156.0,30.0_-156.0,110.00,Directed
31.0_-156.0,30.0_-155.0,155.56,Directed
31.0_-156.0,31.0_-157.0,110.00,Directed
31.0_-156.0,31.0_-155.0,110.00,Directed
31.0_-156.0,32.0_-157.0,155.56,Directed
31.0_-156.0,32.0_-156.0,110.00,Directed
31.0_-156.0,32.0_-155.0,155.56,Directed
17.0_-103.0,17.0_-102.0,110.00,Directed
24.0_-158.0,23.0_-159.0,155.56,Directed
24.0_-158.0,23.0_-158.0,110.00,Directed
24.0_-158.0,23.0_-157.0,155.56,Directed
24.0_-158.0,24.0_-159.0,110.00,Directed
24.0_-158.0,24.0_-157.0,110.00,Directed
24.0_-158.0,25.0_-159.0,155.56,Directed
24.0_-158.0,25.0_-158.0,110.00,Directed
24.0_-158.0,25.0_-157.0,155.56,Directed
24.0_-65.0,23.0_-66.0,155.56,Directed
24.0_-65.0,23.0_-65.0,110.00,Directed
24.0_-65.0,24.0_-66.0,110.00,Directed
24.0_-65.0,25.0_-66.0,155.56,Directed
24.0_-65.0,25.0_-65.0,110.00,Directed
4.0_-160.0,3.0_-161.0,155.56,Directed
4.0_-160.0,3.0_-160.0,110.00,Directed
4.0_-160.0,4.0_-161.0,110.00,Directed
4.0_-160.0,5.0_-159.0,155.56,Directed
27.0_-178.0,26.0_-177.0,155.56,Directed
-8.0_94.0,-9.0_93.0,155.56,Directed
-8.0_94.0,-8.0_93.0,110.00,Directed
-8.0_94.0,-8.0_95.0,110.00,Directed
-8.0_94.0,-7.0_95.0,155.56,Directed
9.0_-146.0,8.0_-147.0,155.56,Directed
9.0_-146.0,8.0_-146.0,110.00,Directed
9.0_-146.0,8.0_-145.0,155.56,Directed
9.0_-146.0,9.0_-147.0,110.00,Directed
9.0_-146.0,10.0_-147.0,155.56,Directed
9.0_-146.0,10.0_-146.0,110.00,Directed
42.0_-146.0,41.0_-147.0,155.56,Directed
42.0_-146.0,41.0_-146.0,110.00,Directed
45.0_-148.0,44.0_-149.0,155.56,Directed
45.0_-148.0,44.0_-148.0,110.00,Directed
45.0_-148.0,46.0_-148.0,110.00,Directed
-25.0_105.0,-26.0_104.0,155.56,Directed
-25.0_105.0,-26.0_105.0,110.00,Directed
-25.0_105.0,-26.0_106.0,155.56,Directed
-25.0_105.0,-25.0_104.0,110.00,Directed
-25.0_105.0,-25.0_106.0,110.00,Directed
14.0_-158.0,13.0_-159.0,155.56,Directed
14.0_-158.0,13.0_-158.0,110.00,Directed
14.0_-158.0,13.0_-157.0,155.56,Directed
14.0_-158.0,14.0_-159.0,110.00,Directed
14.0_-158.0,14.0_-157.0,110.00,Directed
14.0_-158.0,15.0_-159.0,155.56,Directed
14.0_-158.0,15.0_-158.0,110.00,Directed
-13.0_-152.0,-14.0_-153.0,155.56,Directed
-13.0_-152.0,-14.0_-152.0,110.00,Directed
-13.0_-152.0,-12.0_-152.0,110.00,Directed
11.0_-156.0,10.0_-157.0,155.56,Directed
11.0_-156.0,10.0_-155.0,155.56,Directed
11.0_-156.0,11.0_-155.0,110.00,Directed
11.0_-156.0,12.0_-157.0,155.56,Directed
11.0_-156.0,12.0_-156.0,110.00,Directed
11.0_-156.0,12.0_-155.0,155.56,Directed
39.0_-70.0,38.0_-71.0,155.56,Directed
39.0_-70.0,38.0_-70.0,110.00,Directed
39.0_-70.0,38.0_-69.0,155.56,Directed
39.0_-70.0,39.0_-71.0,110.00,Directed
39.0_-70.0,39.0_-69.0,110.00,Directed
39.0_-70.0,40.0_-71.0,155.56,Directed
39.0_-70.0,40.0_-70.0,110.00,Directed
39.0_-70.0,40.0_-69.0,155.56,Directed
37.0_-154.0,36.0_-155.0,155.56,Directed
37.0_-154.0,36.0_-153.0,155.56,Directed
37.0_-154.0,38.0_-155.0,155.56,Directed
72.0_140.0,72.0_139.0,110.00,Directed
25.0_-115.0,24.0_-114.0,155.56,Directed
25.0_-115.0,25.0_-114.0,110.00,Directed
25.0_-115.0,26.0_-116.0,155.56,Directed
25.0_-115.0,26.0_-115.0,110.00,Directed
19.0_-75.0,18.0_-76.0,155.56,Directed
19.0_-75.0,18.0_-75.0,110.00,Directed
19.0_-75.0,19.0_-76.0,110.00,Directed
19.0_-75.0,19.0_-74.0,110.00,Directed
19.0_-75.0,20.0_-75.0,110.00,Directed
19.0_-75.0,20.0_-74.0,155.56,Directed
-25.0_-8.0,-25.0_-9.0,110.00,Directed
-25.0_-8.0,-24.0_-7.0,155.56,Directed
35.0_-148.0,34.0_-147.0,155.56,Directed
35.0_-148.0,35.0_-147.0,110.00,Directed
35.0_-148.0,36.0_-149.0,155.56,Directed
-34.0_-2.0,-34.0_-3.0,110.00,Directed
35.0_-36.0,34.0_-35.0,155.56,Directed
11.0_-69.0,11.0_-68.0,110.00,Directed
11.0_-69.0,12.0_-70.0,155.56,Directed
11.0_-69.0,12.0_-69.0,110.00,Directed
11.0_-69.0,12.0_-68.0,155.56,Directed
-2.0_-141.0,-3.0_-142.0,155.56,Directed
-2.0_-141.0,-3.0_-141.0,110.00,Directed
-2.0_-141.0,-2.0_-142.0,110.00,Directed
-2.0_-141.0,-1.0_-142.0,155.56,Directed
-2.0_-141.0,-1.0_-141.0,110.00,Directed
20.0_-73.0,19.0_-74.0,155.56,Directed
20.0_-73.0,19.0_-73.0,110.00,Directed
20.0_-73.0,20.0_-74.0,110.00,Directed
20.0_-73.0,20.0_-72.0,110.00,Directed
20.0_-73.0,21.0_-74.0,155.56,Directed
20.0_-73.0,21.0_-73.0,110.00,Directed
20.0_-73.0,21.0_-72.0,155.56,Directed
30.0_-56.0,29.0_-57.0,155.56,Directed
30.0_-56.0,29.0_-56.0,110.00,Directed
30.0_-56.0,29.0_-55.0,155.56,Directed
30.0_-56.0,30.0_-57.0,110.00,Directed
30.0_-56.0,31.0_-57.0,155.56,Directed
30.0_-56.0,31.0_-56.0,110.00,Directed
47.0_-57.0,46.0_-58.0,155.56,Directed
47.0_-57.0,46.0_-57.0,110.00,Directed
47.0_-57.0,47.0_-58.0,110.00,Directed
20.0_-107.0,19.0_-108.0,155.56,Directed
20.0_-107.0,19.0_-107.0,110.00,Directed
20.0_-107.0,19.0_-106.0,155.56,Directed
20.0_-107.0,20.0_-108.0,110.00,Directed
20.0_-107.0,20.0_-106.0,110.00,Directed
20.0_-107.0,21.0_-108.0,155.56,Directed
20.0_-107.0,21.0_-107.0,110.00,Directed
20.0_-107.0,21.0_-106.0,155.56,Directed
-17.0_-24.0,-17.0_-23.0,110.00,Directed
34.0_-121.0,33.0_-122.0,155.56,Directed
34.0_-121.0,33.0_-121.0,110.00,Directed
34.0_-121.0,33.0_-120.0,155.56,Directed
34.0_-121.0,34.0_-122.0,110.00,Directed
34.0_-121.0,34.0_-120.0,110.00,Directed
34.0_-121.0,35.0_-122.0,155.56,Directed
34.0_-121.0,35.0_-121.0,110.00,Directed
37.0_15.0,36.0_15.0,110.00,Directed
37.0_15.0,38.0_14.0,155.56,Directed
21.0_-156.0,20.0_-157.0,155.56,Directed
21.0_-156.0,20.0_-156.0,110.00,Directed
21.0_-156.0,21.0_-157.0,110.00,Directed
21.0_-156.0,21.0_-155.0,110.00,Directed
21.0_-156.0,22.0_-156.0,110.00,Directed
21.0_-156.0,22.0_-155.0,155.56,Directed
56.0_-7.0,55.0_-8.0,155.56,Directed
56.0_-7.0,55.0_-7.0,110.00,Directed
56.0_-7.0,55.0_-6.0,155.56,Directed
56.0_-7.0,56.0_-8.0,110.00,Directed
56.0_-7.0,56.0_-6.0,110.00,Directed
56.0_-7.0,57.0_-8.0,155.56,Directed
56.0_-7.0,57.0_-7.0,110.00,Directed
56.0_-7.0,57.0_-6.0,155.56,Directed
12.0_-139.0,11.0_-138.0,155.56,Directed
12.0_-139.0,12.0_-140.0,110.00,Directed
55.0_-135.0,54.0_-136.0,155.56,Directed
55.0_-135.0,56.0_-136.0,155.56,Directed
55.0_-135.0,56.0_-135.0,110.00,Directed
-35.0_4.0,-35.0_3.0,110.00,Directed
-35.0_4.0,-35.0_5.0,110.00,Directed
30.0_-69.0,29.0_-70.0,155.56,Directed
30.0_-69.0,29.0_-69.0,110.00,Directed
30.0_-69.0,29.0_-68.0,155.56,Directed
30.0_-69.0,30.0_-70.0,110.00,Directed
30.0_-69.0,30.0_-68.0,110.00,Directed
30.0_-69.0,31.0_-70.0,155.56,Directed
30.0_-69.0,31.0_-69.0,110.00,Directed
30.0_-69.0,31.0_-68.0,155.56,Directed
40.0_41.0,39.0_41.0,110.00,Directed
40.0_41.0,40.0_40.0,110.00,Directed
40.0_41.0,41.0_41.0,110.00,Directed
54.0_-10.0,53.0_-11.0,155.56,Directed
54.0_-10.0,53.0_-10.0,110.00,Directed
54.0_-10.0,54.0_-11.0,110.00,Directed
54.0_-10.0,54.0_-9.0,110.00,Directed
54.0_-10.0,55.0_-11.0,155.56,Directed
54.0_-10.0,55.0_-10.0,110.00,Directed
54.0_-10.0,55.0_-9.0,155.56,Directed
23.0_-59.0,22.0_-60.0,155.56,Directed
23.0_-59.0,22.0_-59.0,110.00,Directed
23.0_-59.0,22.0_-58.0,155.56,Directed
23.0_-59.0,23.0_-60.0,110.00,Directed
23.0_-59.0,23.0_-58.0,110.00,Directed
23.0_-59.0,24.0_-60.0,155.56,Directed
23.0_-59.0,24.0_-59.0,110.00,Directed
23.0_-59.0,24.0_-58.0,155.56,Directed
32.0_-63.0,31.0_-64.0,155.56,Directed
32.0_-63.0,31.0_-63.0,110.00,Directed
32.0_-63.0,31.0_-62.0,155.56,Directed
32.0_-63.0,32.0_-64.0,110.00,Directed
32.0_-63.0,32.0_-62.0,110.00,Directed
32.0_-63.0,33.0_-64.0,155.56,Directed
32.0_-63.0,33.0_-63.0,110.00,Directed
32.0_-63.0,33.0_-62.0,155.56,Directed
6.0_93.0,6.0_92.0,110.00,Directed
6.0_93.0,6.0_94.0,110.00,Directed
52.0_-133.0,51.0_-133.0,110.00,Directed
52.0_-133.0,51.0_-132.0,155.56,Directed
52.0_-133.0,53.0_-134.0,155.56,Directed
15.0_-70.0,14.0_-71.0,155.56,Directed
15.0_-70.0,14.0_-70.0,110.00,Directed
15.0_-70.0,14.0_-69.0,155.56,Directed
15.0_-70.0,15.0_-71.0,110.00,Directed
15.0_-70.0,15.0_-69.0,110.00,Directed
15.0_-70.0,16.0_-71.0,155.56,Directed
15.0_-70.0,16.0_-70.0,110.00,Directed
15.0_-70.0,16.0_-69.0,155.56,Directed
9.0_-159.0,8.0_-159.0,110.00,Directed
9.0_-159.0,8.0_-158.0,155.56,Directed
9.0_-159.0,9.0_-160.0,110.00,Directed
9.0_-159.0,9.0_-158.0,110.00,Directed
9.0_-159.0,10.0_-160.0,155.56,Directed
9.0_-159.0,10.0_-159.0,110.00,Directed
9.0_-159.0,10.0_-158.0,155.56,Directed
7.0_-88.0,6.0_-88.0,110.00,Directed
7.0_-88.0,6.0_-87.0,155.56,Directed
7.0_-88.0,7.0_-87.0,110.00,Directed
43.0_-65.0,42.0_-66.0,155.56,Directed
43.0_-65.0,42.0_-65.0,110.00,Directed
43.0_-65.0,42.0_-64.0,155.56,Directed
43.0_-65.0,43.0_-66.0,110.00,Directed
43.0_-65.0,43.0_-64.0,110.00,Directed
43.0_-65.0,44.0_-65.0,110.00,Directed
43.0_-65.0,44.0_-64.0,155.56,Directed
13.0_-76.0,14.0_-76.0,110.00,Directed
-28.0_-26.0,-29.0_-25.0,155.56,Directed
-28.0_-26.0,-28.0_-27.0,110.00,Directed
-28.0_-26.0,-27.0_-25.0,155.56,Directed
40.0_144.0,39.0_143.0,155.56,Directed
40.0_144.0,40.0_143.0,110.00,Directed
40.0_144.0,40.0_145.0,110.00,Directed
40.0_144.0,41.0_143.0,155.56,Directed
40.0_144.0,41.0_144.0,110.00,Directed
33.0_134.0,32.0_133.0,155.56,Directed
33.0_134.0,32.0_135.0,155.56,Directed
33.0_134.0,33.0_133.0,110.00,Directed
33.0_134.0,33.0_135.0,110.00,Directed
33.0_134.0,34.0_133.0,155.56,Directed
33.0_134.0,34.0_134.0,110.00,Directed
33.0_134.0,34.0_135.0,155.56,Directed
23.0_-109.0,22.0_-110.0,155.56,Directed
23.0_-109.0,22.0_-109.0,110.00,Directed
23.0_-109.0,22.0_-108.0,155.56,Directed
23.0_-109.0,23.0_-110.0,110.00,Directed
23.0_-109.0,23.0_-108.0,110.00,Directed
23.0_-109.0,24.0_-110.0,155.56,Directed
23.0_-109.0,24.0_-109.0,110.00,Directed
6.0_-161.0,5.0_-162.0,155.56,Directed
6.0_-161.0,6.0_-162.0,110.00,Directed
6.0_-161.0,7.0_-162.0,155.56,Directed
6.0_-161.0,7.0_-161.0,110.00,Directed
43.0_154.0,42.0_153.0,155.56,Directed
28.0_131.0,27.0_130.0,155.56,Directed
28.0_131.0,27.0_131.0,110.00,Directed
28.0_131.0,28.0_130.0,110.00,Directed
28.0_131.0,29.0_131.0,110.00,Directed
-13.0_-150.0,-14.0_-150.0,110.00,Directed
-13.0_-150.0,-14.0_-149.0,155.56,Directed
-13.0_-150.0,-12.0_-149.0,155.56,Directed
-18.0_1.0,-17.0_0.0,155.56,Directed
27.0_-75.0,26.0_-76.0,155.56,Directed
27.0_-75.0,26.0_-75.0,110.00,Directed
27.0_-75.0,26.0_-74.0,155.56,Directed
27.0_-75.0,27.0_-76.0,110.00,Directed
27.0_-75.0,27.0_-74.0,110.00,Directed
27.0_-75.0,28.0_-76.0,155.56,Directed
27.0_-75.0,28.0_-75.0,110.00,Directed
27.0_-75.0,28.0_-74.0,155.56,Directed
16.0_-128.0,16.0_-129.0,110.00,Directed
16.0_-128.0,17.0_-129.0,155.56,Directed
12.0_-58.0,11.0_-58.0,110.00,Directed
12.0_-58.0,13.0_-59.0,155.56,Directed
42.0_-144.0,41.0_-144.0,110.00,Directed
42.0_-144.0,42.0_-143.0,110.00,Directed
25.0_-150.0,24.0_-149.0,155.56,Directed
25.0_-150.0,25.0_-151.0,110.00,Directed
25.0_-150.0,26.0_-149.0,155.56,Directed
12.0_-160.0,11.0_-161.0,155.56,Directed
12.0_-160.0,11.0_-160.0,110.00,Directed
12.0_-160.0,11.0_-159.0,155.56,Directed
12.0_-160.0,12.0_-159.0,110.00,Directed
12.0_-160.0,13.0_-161.0,155.56,Directed
12.0_-160.0,13.0_-160.0,110.00,Directed
12.0_-160.0,13.0_-159.0,155.56,Directed
45.0_-87.0,44.0_-88.0,155.56,Directed
45.0_-87.0,44.0_-87.0,110.00,Directed
45.0_-87.0,44.0_-86.0,155.56,Directed
45.0_-87.0,45.0_-88.0,110.00,Directed
45.0_-87.0,45.0_-86.0,110.00,Directed
45.0_-87.0,46.0_-88.0,155.56,Directed
45.0_-87.0,46.0_-86.0,155.56,Directed
24.0_-129.0,23.0_-130.0,155.56,Directed
24.0_-129.0,23.0_-129.0,110.00,Directed
24.0_-129.0,23.0_-128.0,155.56,Directed
24.0_-129.0,24.0_-130.0,110.00,Directed
24.0_-129.0,24.0_-128.0,110.00,Directed
24.0_-129.0,25.0_-130.0,155.56,Directed
24.0_-129.0,25.0_-129.0,110.00,Directed
24.0_-129.0,25.0_-128.0,155.56,Directed
8.0_-145.0,7.0_-146.0,155.56,Directed
8.0_-145.0,7.0_-145.0,110.00,Directed
8.0_-145.0,8.0_-146.0,110.00,Directed
8.0_-145.0,9.0_-146.0,155.56,Directed
-10.0_-156.0,-11.0_-156.0,110.00,Directed
-10.0_-156.0,-10.0_-155.0,110.00,Directed
-10.0_-156.0,-9.0_-157.0,155.56,Directed
-10.0_-156.0,-9.0_-156.0,110.00,Directed
31.0_126.0,30.0_127.0,155.56,Directed
31.0_126.0,31.0_127.0,110.00,Directed
31.0_126.0,32.0_127.0,155.56,Directed
-32.0_-93.0,-32.0_-94.0,110.00,Directed
-32.0_-93.0,-32.0_-92.0,110.00,Directed
33.0_-59.0,32.0_-59.0,110.00,Directed
33.0_-59.0,32.0_-58.0,155.56,Directed
33.0_-59.0,33.0_-60.0,110.00,Directed
33.0_-59.0,33.0_-58.0,110.00,Directed
33.0_-59.0,34.0_-60.0,155.56,Directed
33.0_-59.0,34.0_-59.0,110.00,Directed
33.0_-59.0,34.0_-58.0,155.56,Directed
15.0_-147.0,14.0_-148.0,155.56,Directed
15.0_-147.0,14.0_-146.0,155.56,Directed
15.0_-147.0,15.0_-146.0,110.00,Directed
15.0_-147.0,16.0_-148.0,155.56,Directed
15.0_-147.0,16.0_-147.0,110.00,Directed
15.0_-147.0,16.0_-146.0,155.56,Directed
14.0_-70.0,13.0_-71.0,155.56,Directed
14.0_-70.0,13.0_-70.0,110.00,Directed
14.0_-70.0,13.0_-69.0,155.56,Directed
14.0_-70.0,14.0_-71.0,110.00,Directed
14.0_-70.0,14.0_-69.0,110.00,Directed
14.0_-70.0,15.0_-71.0,155.56,Directed
14.0_-70.0,15.0_-70.0,110.00,Directed
14.0_-70.0,15.0_-69.0,155.56,Directed
51.0_-14.0,50.0_-15.0,155.56,Directed
51.0_-14.0,50.0_-13.0,155.56,Directed
51.0_-14.0,51.0_-13.0,110.00,Directed
51.0_-14.0,52.0_-14.0,110.00,Directed
51.0_-14.0,52.0_-13.0,155.56,Directed
-21.0_98.0,-22.0_98.0,110.00,Directed
35.0_-146.0,34.0_-147.0,155.56,Directed
35.0_-146.0,34.0_-145.0,155.56,Directed
35.0_-146.0,35.0_-147.0,110.00,Directed
35.0_-146.0,36.0_-146.0,110.00,Directed
35.0_-146.0,36.0_-145.0,155.56,Directed
42.0_-63.0,41.0_-64.0,155.56,Directed
42.0_-63.0,41.0_-63.0,110.00,Directed
42.0_-63.0,41.0_-62.0,155.56,Directed
42.0_-63.0,42.0_-64.0,110.00,Directed
42.0_-63.0,42.0_-62.0,110.00,Directed
42.0_-63.0,43.0_-64.0,155.56,Directed
42.0_-63.0,43.0_-63.0,110.00,Directed
42.0_-63.0,43.0_-62.0,155.56,Directed
-43.0_152.0,-42.0_152.0,110.00,Directed
-43.0_152.0,-42.0_153.0,155.56,Directed
56.0_-137.0,56.0_-136.0,110.00,Directed
56.0_-137.0,57.0_-137.0,110.00,Directed
56.0_-137.0,57.0_-136.0,155.56,Directed
3.0_-156.0,2.0_-157.0,155.56,Directed
3.0_-156.0,2.0_-156.0,110.00,Directed
3.0_-156.0,3.0_-157.0,110.00,Directed
3.0_-156.0,4.0_-157.0,155.56,Directed
3.0_-156.0,4.0_-156.0,110.00,Directed
3.0_-156.0,4.0_-155.0,155.56,Directed
7.0_-164.0,6.0_-163.0,155.56,Directed
7.0_-164.0,7.0_-165.0,110.00,Directed
7.0_-164.0,7.0_-163.0,110.00,Directed
7.0_-164.0,8.0_-165.0,155.56,Directed
7.0_-164.0,8.0_-163.0,155.56,Directed
50.0_-132.0,49.0_-131.0,155.56,Directed
50.0_-132.0,50.0_-133.0,110.00,Directed
50.0_-132.0,50.0_-131.0,110.00,Directed
50.0_-132.0,51.0_-133.0,155.56,Directed
50.0_-132.0,51.0_-132.0,110.00,Directed
50.0_-132.0,51.0_-131.0,155.56,Directed
-30.0_-24.0,-31.0_-25.0,155.56,Directed
-30.0_-24.0,-31.0_-23.0,155.56,Directed
-30.0_-24.0,-30.0_-25.0,110.00,Directed
-30.0_-24.0,-29.0_-25.0,155.56,Directed
56.0_-5.0,55.0_-6.0,155.56,Directed
56.0_-5.0,55.0_-5.0,110.00,Directed
56.0_-5.0,56.0_-6.0,110.00,Directed
56.0_-5.0,56.0_-4.0,110.00,Directed
56.0_-5.0,57.0_-6.0,155.56,Directed
56.0_-5.0,57.0_-4.0,155.56,Directed
54.0_-166.0,54.0_-167.0,110.00,Directed
54.0_-166.0,54.0_-165.0,110.00,Directed
54.0_-166.0,55.0_-165.0,155.56,Directed
34.0_-67.0,33.0_-67.0,110.00,Directed
34.0_-67.0,33.0_-66.0,155.56,Directed
34.0_-67.0,34.0_-68.0,110.00,Directed
34.0_-67.0,34.0_-66.0,110.00,Directed
34.0_-67.0,35.0_-68.0,155.56,Directed
34.0_-67.0,35.0_-67.0,110.00,Directed
34.0_-67.0,35.0_-66.0,155.56,Directed
5.0_-127.0,4.0_-128.0,155.56,Directed
5.0_-127.0,4.0_-127.0,110.00,Directed
5.0_-127.0,5.0_-128.0,110.00,Directed
5.0_-127.0,5.0_-126.0,110.00,Directed
19.0_-155.0,18.0_-156.0,155.56,Directed
19.0_-155.0,18.0_-154.0,155.56,Directed
19.0_-155.0,19.0_-156.0,110.00,Directed
19.0_-155.0,20.0_-156.0,155.56,Directed
19.0_-155.0,20.0_-154.0,155.56,Directed
36.0_-149.0,35.0_-148.0,155.56,Directed
36.0_-149.0,36.0_-150.0,110.00,Directed
36.0_-149.0,37.0_-150.0,155.56,Directed
36.0_-149.0,37.0_-149.0,110.00,Directed
43.0_-71.0,42.0_-71.0,110.00,Directed
43.0_-71.0,42.0_-70.0,155.56,Directed
43.0_-71.0,43.0_-70.0,110.00,Directed
43.0_-71.0,44.0_-70.0,155.56,Directed
30.0_-124.0,29.0_-125.0,155.56,Directed
30.0_-124.0,29.0_-124.0,110.00,Directed
30.0_-124.0,29.0_-123.0,155.56,Directed
30.0_-124.0,30.0_-125.0,110.00,Directed
30.0_-124.0,30.0_-123.0,110.00,Directed
30.0_-124.0,31.0_-125.0,155.56,Directed
30.0_-124.0,31.0_-124.0,110.00,Directed
30.0_-124.0,31.0_-123.0,155.56,Directed
29.0_-47.0,29.0_-46.0,110.00,Directed
29.0_-47.0,30.0_-47.0,110.00,Directed
27.0_-147.0,26.0_-148.0,155.56,Directed
27.0_-147.0,28.0_-147.0,110.00,Directed
43.0_141.0,42.0_140.0,155.56,Directed
43.0_141.0,42.0_141.0,110.00,Directed
43.0_141.0,42.0_142.0,155.56,Directed
43.0_141.0,43.0_140.0,110.00,Directed
43.0_141.0,44.0_140.0,155.56,Directed
34.0_137.0,33.0_136.0,155.56,Directed
34.0_137.0,33.0_137.0,110.00,Directed
34.0_137.0,33.0_138.0,155.56,Directed
34.0_137.0,34.0_136.0,110.00,Directed
34.0_137.0,34.0_138.0,110.00,Directed
34.0_137.0,35.0_138.0,155.56,Directed
21.0_-62.0,20.0_-61.0,155.56,Directed
21.0_-62.0,21.0_-61.0,110.00,Directed
21.0_-62.0,22.0_-63.0,155.56,Directed
21.0_-62.0,22.0_-62.0,110.00,Directed
21.0_-62.0,22.0_-61.0,155.56,Directed
17.0_-171.0,16.0_-170.0,155.56,Directed
17.0_-171.0,18.0_-171.0,110.00,Directed
-9.0_89.0,-10.0_88.0,155.56,Directed
-9.0_89.0,-9.0_90.0,110.00,Directed
-9.0_89.0,-8.0_89.0,110.00,Directed
-9.0_89.0,-8.0_90.0,155.56,Directed
-4.0_-157.0,-5.0_-158.0,155.56,Directed
-4.0_-157.0,-5.0_-157.0,110.00,Directed
-4.0_-157.0,-5.0_-156.0,155.56,Directed
-4.0_-157.0,-4.0_-158.0,110.00,Directed
-4.0_-157.0,-4.0_-156.0,110.00,Directed
-4.0_-157.0,-3.0_-158.0,155.56,Directed
-4.0_-157.0,-3.0_-156.0,155.56,Directed
14.0_-144.0,14.0_-145.0,110.00,Directed
14.0_-144.0,14.0_-143.0,110.00,Directed
14.0_-144.0,15.0_-145.0,155.56,Directed
14.0_-144.0,15.0_-144.0,110.00,Directed
-8.0_-121.0,-9.0_-122.0,155.56,Directed
-8.0_-121.0,-8.0_-122.0,110.00,Directed
-8.0_-121.0,-8.0_-120.0,110.00,Directed
42.0_6.0,41.0_5.0,155.56,Directed
42.0_6.0,41.0_7.0,155.56,Directed
42.0_6.0,42.0_5.0,110.00,Directed
42.0_6.0,42.0_7.0,110.00,Directed
42.0_6.0,43.0_5.0,155.56,Directed
42.0_6.0,43.0_6.0,110.00,Directed
42.0_6.0,43.0_7.0,155.56,Directed
28.0_-39.0,27.0_-39.0,110.00,Directed
28.0_-39.0,27.0_-38.0,155.56,Directed
28.0_-39.0,28.0_-38.0,110.00,Directed
28.0_-39.0,29.0_-40.0,155.56,Directed
28.0_-39.0,29.0_-38.0,155.56,Directed
33.0_151.0,34.0_150.0,155.56,Directed
-9.0_-122.0,-8.0_-122.0,110.00,Directed
-9.0_-122.0,-8.0_-121.0,155.56,Directed
-3.0_-141.0,-4.0_-142.0,155.56,Directed
-3.0_-141.0,-4.0_-141.0,110.00,Directed
-3.0_-141.0,-3.0_-142.0,110.00,Directed
-3.0_-141.0,-2.0_-142.0,155.56,Directed
-3.0_-141.0,-2.0_-141.0,110.00,Directed
35.0_-133.0,34.0_-133.0,110.00,Directed
21.0_-75.0,20.0_-75.0,110.00,Directed
21.0_-75.0,20.0_-74.0,155.56,Directed
21.0_-75.0,21.0_-76.0,110.00,Directed
21.0_-75.0,21.0_-74.0,110.00,Directed
21.0_-75.0,22.0_-75.0,110.00,Directed
21.0_-75.0,22.0_-74.0,155.56,Directed
41.0_-150.0,40.0_-151.0,155.56,Directed
41.0_-150.0,40.0_-150.0,110.00,Directed
41.0_-150.0,40.0_-149.0,155.56,Directed
41.0_-150.0,41.0_-151.0,110.00,Directed
41.0_-150.0,41.0_-149.0,110.00,Directed
48.0_-123.0,48.0_-124.0,110.00,Directed
13.0_-62.0,12.0_-63.0,155.56,Directed
13.0_-62.0,12.0_-62.0,110.00,Directed
13.0_-62.0,12.0_-61.0,155.56,Directed
13.0_-62.0,13.0_-63.0,110.00,Directed
13.0_-62.0,13.0_-61.0,110.00,Directed
13.0_-62.0,14.0_-63.0,155.56,Directed
13.0_-62.0,14.0_-62.0,110.00,Directed
13.0_-62.0,14.0_-61.0,155.56,Directed
27.0_127.0,26.0_127.0,110.00,Directed
27.0_127.0,26.0_128.0,155.56,Directed
27.0_127.0,28.0_128.0,155.56,Directed
32.0_-139.0,31.0_-140.0,155.56,Directed
32.0_-139.0,31.0_-138.0,155.56,Directed
32.0_-139.0,32.0_-140.0,110.00,Directed
32.0_-139.0,32.0_-138.0,110.00,Directed
32.0_-139.0,33.0_-140.0,155.56,Directed
32.0_-139.0,33.0_-139.0,110.00,Directed
31.0_-74.0,30.0_-75.0,155.56,Directed
31.0_-74.0,30.0_-74.0,110.00,Directed
31.0_-74.0,30.0_-73.0,155.56,Directed
31.0_-74.0,31.0_-75.0,110.00,Directed
31.0_-74.0,31.0_-73.0,110.00,Directed
31.0_-74.0,32.0_-75.0,155.56,Directed
31.0_-74.0,32.0_-74.0,110.00,Directed
31.0_-74.0,32.0_-73.0,155.56,Directed
14.0_-131.0,13.0_-132.0,155.56,Directed
14.0_-131.0,13.0_-130.0,155.56,Directed
14.0_-131.0,14.0_-130.0,110.00,Directed
14.0_-131.0,15.0_-130.0,155.56,Directed
20.0_119.0,21.0_118.0,155.56,Directed
20.0_119.0,21.0_119.0,110.00,Directed
22.0_-158.0,21.0_-159.0,155.56,Directed
22.0_-158.0,21.0_-158.0,110.00,Directed
22.0_-158.0,21.0_-157.0,155.56,Directed
22.0_-158.0,22.0_-159.0,110.00,Directed
22.0_-158.0,23.0_-159.0,155.56,Directed
22.0_-158.0,23.0_-158.0,110.00,Directed
22.0_-158.0,23.0_-157.0,155.56,Directed
-28.0_-111.0,-28.0_-110.0,110.00,Directed
-28.0_-111.0,-27.0_-112.0,155.56,Directed
13.0_-132.0,12.0_-133.0,155.56,Directed
13.0_-132.0,14.0_-133.0,155.56,Directed
13.0_-132.0,14.0_-131.0,155.56,Directed
39.0_4.0,38.0_5.0,155.56,Directed
39.0_4.0,39.0_3.0,110.00,Directed
39.0_4.0,39.0_5.0,110.00,Directed
39.0_4.0,40.0_3.0,155.56,Directed
39.0_4.0,40.0_5.0,155.56,Directed
8.0_-158.0,7.0_-159.0,155.56,Directed
8.0_-158.0,7.0_-158.0,110.00,Directed
8.0_-158.0,7.0_-157.0,155.56,Directed
8.0_-158.0,8.0_-159.0,110.00,Directed
8.0_-158.0,8.0_-157.0,110.00,Directed
8.0_-158.0,9.0_-159.0,155.56,Directed
8.0_-158.0,9.0_-158.0,110.00,Directed
45.0_-74.0,45.0_-75.0,110.00,Directed
-28.0_109.0,-29.0_109.0,110.00,Directed
-28.0_109.0,-28.0_108.0,110.00,Directed
-28.0_109.0,-27.0_108.0,155.56,Directed
23.0_-65.0,22.0_-66.0,155.56,Directed
23.0_-65.0,22.0_-65.0,110.00,Directed
23.0_-65.0,22.0_-64.0,155.56,Directed
23.0_-65.0,23.0_-66.0,110.00,Directed
23.0_-65.0,24.0_-66.0,155.56,Directed
23.0_-65.0,24.0_-65.0,110.00,Directed
38.0_-64.0,37.0_-65.0,155.56,Directed
38.0_-64.0,37.0_-64.0,110.00,Directed
38.0_-64.0,37.0_-63.0,155.56,Directed
38.0_-64.0,38.0_-65.0,110.00,Directed
38.0_-64.0,38.0_-63.0,110.00,Directed
38.0_-64.0,39.0_-65.0,155.56,Directed
38.0_-64.0,39.0_-64.0,110.00,Directed
38.0_-64.0,39.0_-63.0,155.56,Directed
37.0_-69.0,36.0_-70.0,155.56,Directed
37.0_-69.0,36.0_-69.0,110.00,Directed
37.0_-69.0,36.0_-68.0,155.56,Directed
37.0_-69.0,37.0_-70.0,110.00,Directed
37.0_-69.0,37.0_-68.0,110.00,Directed
37.0_-69.0,38.0_-70.0,155.56,Directed
37.0_-69.0,38.0_-69.0,110.00,Directed
37.0_-69.0,38.0_-68.0,155.56,Directed
25.0_-72.0,24.0_-73.0,155.56,Directed
25.0_-72.0,24.0_-72.0,110.00,Directed
25.0_-72.0,24.0_-71.0,155.56,Directed
25.0_-72.0,25.0_-73.0,110.00,Directed
25.0_-72.0,25.0_-71.0,110.00,Directed
25.0_-72.0,26.0_-73.0,155.56,Directed
25.0_-72.0,26.0_-72.0,110.00,Directed
25.0_-72.0,26.0_-71.0,155.56,Directed
59.0_-3.0,58.0_-4.0,155.56,Directed
59.0_-3.0,58.0_-3.0,110.00,Directed
59.0_-3.0,59.0_-4.0,110.00,Directed
59.0_-3.0,60.0_-4.0,155.56,Directed
59.0_-3.0,60.0_-3.0,110.00,Directed
59.0_-3.0,60.0_-2.0,155.56,Directed
26.0_-166.0,25.0_-165.0,155.56,Directed
26.0_-166.0,26.0_-167.0,110.00,Directed
-5.0_-107.0,-5.0_-108.0,110.00,Directed
-5.0_-107.0,-5.0_-106.0,110.00,Directed
76.0_13.0,75.0_13.0,110.00,Directed
76.0_13.0,76.0_12.0,110.00,Directed
76.0_13.0,76.0_14.0,110.00,Directed
76.0_13.0,77.0_12.0,155.56,Directed
39.0_-154.0,38.0_-155.0,155.56,Directed
39.0_-154.0,39.0_-153.0,110.00,Directed
39.0_-154.0,40.0_-155.0,155.56,Directed
39.0_-154.0,40.0_-153.0,155.56,Directed
38.0_-160.0,37.0_-160.0,110.00,Directed
38.0_-160.0,39.0_-159.0,155.56,Directed
53.0_-17.0,53.0_-18.0,110.00,Directed
53.0_-17.0,53.0_-16.0,110.00,Directed
53.0_-17.0,54.0_-16.0,155.56,Directed
19.0_-111.0,18.0_-112.0,155.56,Directed
19.0_-111.0,18.0_-111.0,110.00,Directed
19.0_-111.0,18.0_-110.0,155.56,Directed
19.0_-111.0,19.0_-110.0,110.00,Directed
19.0_-111.0,20.0_-112.0,155.56,Directed
19.0_-111.0,20.0_-111.0,110.00,Directed
19.0_-111.0,20.0_-110.0,155.56,Directed
16.0_-68.0,15.0_-69.0,155.56,Directed
16.0_-68.0,15.0_-68.0,110.00,Directed
16.0_-68.0,16.0_-69.0,110.00,Directed
16.0_-68.0,16.0_-67.0,110.00,Directed
16.0_-68.0,17.0_-69.0,155.56,Directed
16.0_-68.0,17.0_-68.0,110.00,Directed
16.0_-68.0,17.0_-67.0,155.56,Directed
29.0_-160.0,28.0_-161.0,155.56,Directed
29.0_-160.0,28.0_-160.0,110.00,Directed
29.0_-160.0,29.0_-161.0,110.00,Directed
29.0_-160.0,29.0_-159.0,110.00,Directed
29.0_-160.0,30.0_-161.0,155.56,Directed
29.0_-160.0,30.0_-159.0,155.56,Directed
20.0_-130.0,19.0_-131.0,155.56,Directed
20.0_-130.0,19.0_-130.0,110.00,Directed
20.0_-130.0,21.0_-130.0,110.00,Directed
55.0_-11.0,54.0_-12.0,155.56,Directed
55.0_-11.0,54.0_-11.0,110.00,Directed
55.0_-11.0,54.0_-10.0,155.56,Directed
55.0_-11.0,55.0_-12.0,110.00,Directed
55.0_-11.0,55.0_-10.0,110.00,Directed
55.0_-11.0,56.0_-12.0,155.56,Directed
55.0_-11.0,56.0_-11.0,110.00,Directed
55.0_-11.0,56.0_-10.0,155.56,Directed
29.0_128.0,28.0_128.0,110.00,Directed
29.0_128.0,28.0_129.0,155.56,Directed
29.0_128.0,29.0_127.0,110.00,Directed
29.0_128.0,29.0_129.0,110.00,Directed
29.0_128.0,30.0_127.0,155.56,Directed
29.0_128.0,30.0_128.0,110.00,Directed
29.0_128.0,30.0_129.0,155.56,Directed
31.0_-158.0,30.0_-159.0,155.56,Directed
31.0_-158.0,30.0_-158.0,110.00,Directed
31.0_-158.0,30.0_-157.0,155.56,Directed
31.0_-158.0,31.0_-159.0,110.00,Directed
31.0_-158.0,31.0_-157.0,110.00,Directed
31.0_-158.0,32.0_-159.0,155.56,Directed
31.0_-158.0,32.0_-158.0,110.00,Directed
31.0_-158.0,32.0_-157.0,155.56,Directed
4.0_-124.0,3.0_-125.0,155.56,Directed
4.0_-124.0,3.0_-124.0,110.00,Directed
4.0_-124.0,4.0_-125.0,110.00,Directed
4.0_-124.0,4.0_-123.0,110.00,Directed
4.0_-124.0,5.0_-123.0,155.56,Directed
-14.0_-153.0,-15.0_-153.0,110.00,Directed
-14.0_-153.0,-14.0_-154.0,110.00,Directed
-14.0_-153.0,-14.0_-152.0,110.00,Directed
-14.0_-153.0,-13.0_-154.0,155.56,Directed
-14.0_-153.0,-13.0_-152.0,155.56,Directed
6.0_-87.0,5.0_-88.0,155.56,Directed
6.0_-87.0,5.0_-87.0,110.00,Directed
6.0_-87.0,6.0_-88.0,110.00,Directed
6.0_-87.0,6.0_-86.0,110.00,Directed
6.0_-87.0,7.0_-88.0,155.56,Directed
6.0_-87.0,7.0_-87.0,110.00,Directed
6.0_-87.0,7.0_-86.0,155.56,Directed
35.0_24.0,35.0_23.0,110.00,Directed
35.0_24.0,35.0_25.0,110.00,Directed
35.0_24.0,36.0_23.0,155.56,Directed
35.0_24.0,36.0_25.0,155.56,Directed
3.0_-130.0,2.0_-131.0,155.56,Directed
3.0_-130.0,2.0_-129.0,155.56,Directed
-15.0_-147.0,-16.0_-148.0,155.56,Directed
-15.0_-147.0,-15.0_-148.0,110.00,Directed
-15.0_-147.0,-15.0_-146.0,110.00,Directed
-15.0_-147.0,-14.0_-147.0,110.00,Directed
-15.0_-147.0,-14.0_-146.0,155.56,Directed
18.0_-58.0,17.0_-59.0,155.56,Directed
18.0_-58.0,17.0_-58.0,110.00,Directed
18.0_-58.0,18.0_-59.0,110.00,Directed
18.0_-58.0,19.0_-59.0,155.56,Directed
18.0_-58.0,19.0_-58.0,110.00,Directed
27.0_-62.0,26.0_-62.0,110.00,Directed
27.0_-62.0,26.0_-61.0,155.56,Directed
27.0_-62.0,27.0_-63.0,110.00,Directed
27.0_-62.0,27.0_-61.0,110.00,Directed
27.0_-62.0,28.0_-63.0,155.56,Directed
27.0_-62.0,28.0_-62.0,110.00,Directed
27.0_-62.0,28.0_-61.0,155.56,Directed
-16.0_123.0,-15.0_124.0,155.56,Directed
9.0_-117.0,8.0_-116.0,155.56,Directed
9.0_-117.0,9.0_-116.0,110.00,Directed
9.0_-117.0,10.0_-117.0,110.00,Directed
9.0_-117.0,10.0_-116.0,155.56,Directed
40.0_19.0,39.0_18.0,155.56,Directed
40.0_19.0,39.0_19.0,110.00,Directed
40.0_19.0,39.0_20.0,155.56,Directed
40.0_19.0,40.0_18.0,110.00,Directed
40.0_19.0,41.0_18.0,155.56,Directed
40.0_19.0,41.0_19.0,110.00,Directed
55.0_-165.0,54.0_-166.0,155.56,Directed
55.0_-165.0,54.0_-165.0,110.00,Directed
55.0_-165.0,55.0_-164.0,110.00,Directed
42.0_-131.0,41.0_-132.0,155.56,Directed
42.0_-131.0,42.0_-130.0,110.00,Directed
42.0_-131.0,43.0_-130.0,155.56,Directed
17.0_-105.0,17.0_-106.0,110.00,Directed
17.0_-105.0,18.0_-106.0,155.56,Directed
-10.0_-143.0,-11.0_-144.0,155.56,Directed
-10.0_-143.0,-11.0_-143.0,110.00,Directed
-10.0_-143.0,-11.0_-142.0,155.56,Directed
-10.0_-143.0,-10.0_-142.0,110.00,Directed
-10.0_-143.0,-9.0_-143.0,110.00,Directed
-10.0_-143.0,-9.0_-142.0,155.56,Directed
18.0_-152.0,17.0_-153.0,155.56,Directed
18.0_-152.0,17.0_-152.0,110.00,Directed
18.0_-152.0,17.0_-151.0,155.56,Directed
18.0_-152.0,18.0_-153.0,110.00,Directed
31.0_-61.0,30.0_-62.0,155.56,Directed
31.0_-61.0,30.0_-61.0,110.00,Directed
31.0_-61.0,30.0_-60.0,155.56,Directed
31.0_-61.0,31.0_-62.0,110.00,Directed
31.0_-61.0,31.0_-60.0,110.00,Directed
31.0_-61.0,32.0_-62.0,155.56,Directed
31.0_-61.0,32.0_-61.0,110.00,Directed
11.0_-161.0,10.0_-162.0,155.56,Directed
11.0_-161.0,10.0_-161.0,110.00,Directed
11.0_-161.0,10.0_-160.0,155.56,Directed
11.0_-161.0,11.0_-162.0,110.00,Directed
11.0_-161.0,11.0_-160.0,110.00,Directed
11.0_-161.0,12.0_-162.0,155.56,Directed
11.0_-161.0,12.0_-160.0,155.56,Directed
57.0_-4.0,56.0_-5.0,155.56,Directed
57.0_-4.0,56.0_-4.0,110.00,Directed
57.0_-4.0,56.0_-3.0,155.56,Directed
57.0_-4.0,57.0_-3.0,110.00,Directed
57.0_-4.0,58.0_-5.0,155.56,Directed
57.0_-4.0,58.0_-4.0,110.00,Directed
57.0_-4.0,58.0_-3.0,155.56,Directed
30.0_131.0,29.0_131.0,110.00,Directed
30.0_131.0,30.0_130.0,110.00,Directed
30.0_131.0,31.0_130.0,155.56,Directed
30.0_131.0,31.0_131.0,110.00,Directed
30.0_131.0,31.0_132.0,155.56,Directed
22.0_-57.0,21.0_-58.0,155.56,Directed
22.0_-57.0,21.0_-57.0,110.00,Directed
22.0_-57.0,22.0_-58.0,110.00,Directed
22.0_-57.0,23.0_-58.0,155.56,Directed
22.0_-57.0,23.0_-57.0,110.00,Directed
29.0_-125.0,28.0_-126.0,155.56,Directed
29.0_-125.0,28.0_-125.0,110.00,Directed
29.0_-125.0,28.0_-124.0,155.56,Directed
29.0_-125.0,29.0_-126.0,110.00,Directed
29.0_-125.0,29.0_-124.0,110.00,Directed
29.0_-125.0,30.0_-125.0,110.00,Directed
29.0_-125.0,30.0_-124.0,155.56,Directed
36.0_-123.0,35.0_-124.0,155.56,Directed
36.0_-123.0,35.0_-123.0,110.00,Directed
36.0_-123.0,35.0_-122.0,155.56,Directed
36.0_-123.0,36.0_-124.0,110.00,Directed
36.0_-123.0,36.0_-122.0,110.00,Directed
36.0_-123.0,37.0_-124.0,155.56,Directed
36.0_-123.0,37.0_-123.0,110.00,Directed
30.0_-142.0,30.0_-143.0,110.00,Directed
30.0_-142.0,30.0_-141.0,110.00,Directed
30.0_-142.0,31.0_-141.0,155.56,Directed
4.0_-155.0,3.0_-156.0,155.56,Directed
4.0_-155.0,4.0_-156.0,110.00,Directed
4.0_-155.0,5.0_-156.0,155.56,Directed
4.0_-155.0,5.0_-155.0,110.00,Directed
-7.0_-144.0,-8.0_-143.0,155.56,Directed
-7.0_-144.0,-7.0_-145.0,110.00,Directed
-7.0_-144.0,-7.0_-143.0,110.00,Directed
-7.0_-144.0,-6.0_-145.0,155.56,Directed
46.0_-86.0,45.0_-87.0,155.56,Directed
46.0_-86.0,45.0_-86.0,110.00,Directed
46.0_-86.0,45.0_-85.0,155.56,Directed
46.0_-86.0,46.0_-85.0,110.00,Directed
40.0_-69.0,39.0_-70.0,155.56,Directed
40.0_-69.0,39.0_-69.0,110.00,Directed
40.0_-69.0,39.0_-68.0,155.56,Directed
40.0_-69.0,40.0_-70.0,110.00,Directed
40.0_-69.0,40.0_-68.0,110.00,Directed
40.0_-69.0,41.0_-70.0,155.56,Directed
40.0_-69.0,41.0_-69.0,110.00,Directed
40.0_-69.0,41.0_-68.0,155.56,Directed
50.0_-15.0,49.0_-16.0,155.56,Directed
50.0_-15.0,49.0_-15.0,110.00,Directed
50.0_-15.0,49.0_-14.0,155.56,Directed
50.0_-15.0,51.0_-14.0,155.56,Directed
14.0_140.0,13.0_141.0,155.56,Directed
14.0_140.0,14.0_141.0,110.00,Directed
14.0_140.0,15.0_141.0,155.56,Directed
-34.0_-34.0,-34.0_-35.0,110.00,Directed
-34.0_-34.0,-34.0_-33.0,110.00,Directed
21.0_-107.0,20.0_-108.0,155.56,Directed
21.0_-107.0,20.0_-107.0,110.00,Directed
21.0_-107.0,20.0_-106.0,155.56,Directed
21.0_-107.0,21.0_-108.0,110.00,Directed
21.0_-107.0,21.0_-106.0,110.00,Directed
21.0_-107.0,22.0_-108.0,155.56,Directed
21.0_-107.0,22.0_-107.0,110.00,Directed
17.0_-153.0,16.0_-152.0,155.56,Directed
17.0_-153.0,17.0_-152.0,110.00,Directed
17.0_-153.0,18.0_-154.0,155.56,Directed
17.0_-153.0,18.0_-153.0,110.00,Directed
17.0_-153.0,18.0_-152.0,155.56,Directed
2.0_-122.0,2.0_-123.0,110.00,Directed
2.0_-122.0,3.0_-121.0,155.56,Directed
28.0_-74.0,27.0_-75.0,155.56,Directed
28.0_-74.0,27.0_-74.0,110.00,Directed
28.0_-74.0,27.0_-73.0,155.56,Directed
28.0_-74.0,28.0_-75.0,110.00,Directed
28.0_-74.0,28.0_-73.0,110.00,Directed
28.0_-74.0,29.0_-75.0,155.56,Directed
28.0_-74.0,29.0_-74.0,110.00,Directed
28.0_-74.0,29.0_-73.0,155.56,Directed
41.0_-64.0,40.0_-65.0,155.56,Directed
41.0_-64.0,40.0_-64.0,110.00,Directed
41.0_-64.0,40.0_-63.0,155.56,Directed
41.0_-64.0,41.0_-65.0,110.00,Directed
41.0_-64.0,41.0_-63.0,110.00,Directed
41.0_-64.0,42.0_-65.0,155.56,Directed
41.0_-64.0,42.0_-64.0,110.00,Directed
41.0_-64.0,42.0_-63.0,155.56,Directed
1.0_-141.0,0.0_-142.0,155.56,Directed
1.0_-141.0,0.0_-141.0,110.00,Directed
1.0_-141.0,2.0_-142.0,155.56,Directed
33.0_-133.0,32.0_-134.0,155.56,Directed
33.0_-133.0,32.0_-133.0,110.00,Directed
33.0_-133.0,32.0_-132.0,155.56,Directed
33.0_-133.0,33.0_-134.0,110.00,Directed
33.0_-133.0,33.0_-132.0,110.00,Directed
33.0_-133.0,34.0_-133.0,110.00,Directed
27.0_-116.0,26.0_-116.0,110.00,Directed
27.0_-116.0,26.0_-115.0,155.56,Directed
27.0_-116.0,27.0_-117.0,110.00,Directed
27.0_-116.0,27.0_-115.0,110.00,Directed
27.0_-116.0,28.0_-117.0,155.56,Directed
27.0_-116.0,28.0_-116.0,110.00,Directed
-4.0_-131.0,-5.0_-132.0,155.56,Directed
-4.0_-131.0,-3.0_-132.0,155.56,Directed
49.0_-8.0,48.0_-9.0,155.56,Directed
49.0_-8.0,48.0_-8.0,110.00,Directed
49.0_-8.0,48.0_-7.0,155.56,Directed
49.0_-8.0,49.0_-9.0,110.00,Directed
49.0_-8.0,49.0_-7.0,110.00,Directed
49.0_-8.0,50.0_-9.0,155.56,Directed
49.0_-8.0,50.0_-8.0,110.00,Directed
49.0_-8.0,50.0_-7.0,155.56,Directed
27.0_-57.0,26.0_-58.0,155.56,Directed
27.0_-57.0,26.0_-57.0,110.00,Directed
27.0_-57.0,26.0_-56.0,155.56,Directed
27.0_-57.0,27.0_-58.0,110.00,Directed
27.0_-57.0,27.0_-56.0,110.00,Directed
27.0_-57.0,28.0_-58.0,155.56,Directed
27.0_-57.0,28.0_-57.0,110.00,Directed
27.0_-57.0,28.0_-56.0,155.56,Directed
14.0_-162.0,13.0_-163.0,155.56,Directed
14.0_-162.0,13.0_-161.0,155.56,Directed
14.0_-162.0,14.0_-163.0,110.00,Directed
14.0_-162.0,14.0_-161.0,110.00,Directed
14.0_-162.0,15.0_-163.0,155.56,Directed
14.0_-162.0,15.0_-162.0,110.00,Directed
14.0_-162.0,15.0_-161.0,155.56,Directed
-35.0_13.0,-36.0_12.0,155.56,Directed
-35.0_13.0,-36.0_13.0,110.00,Directed
-35.0_13.0,-35.0_14.0,110.00,Directed
-21.0_174.0,-22.0_173.0,155.56,Directed
-21.0_174.0,-20.0_174.0,110.00,Directed
32.0_-130.0,32.0_-131.0,110.00,Directed
32.0_-130.0,32.0_-129.0,110.00,Directed
28.0_-61.0,27.0_-62.0,155.56,Directed
28.0_-61.0,27.0_-61.0,110.00,Directed
28.0_-61.0,27.0_-60.0,155.56,Directed
28.0_-61.0,28.0_-62.0,110.00,Directed
28.0_-61.0,28.0_-60.0,110.00,Directed
28.0_-61.0,29.0_-62.0,155.56,Directed
28.0_-61.0,29.0_-61.0,110.00,Directed
28.0_-61.0,29.0_-60.0,155.56,Directed
-10.0_-138.0,-11.0_-138.0,110.00,Directed
-10.0_-138.0,-10.0_-139.0,110.00,Directed
-10.0_-138.0,-10.0_-137.0,110.00,Directed
-10.0_-138.0,-9.0_-139.0,155.56,Directed
-10.0_-138.0,-9.0_-138.0,110.00,Directed
23.0_-157.0,22.0_-158.0,155.56,Directed
23.0_-157.0,22.0_-156.0,155.56,Directed
23.0_-157.0,23.0_-158.0,110.00,Directed
23.0_-157.0,23.0_-156.0,110.00,Directed
23.0_-157.0,24.0_-158.0,155.56,Directed
23.0_-157.0,24.0_-157.0,110.00,Directed
23.0_-157.0,24.0_-156.0,155.56,Directed
33.0_129.0,32.0_128.0,155.56,Directed
33.0_129.0,32.0_129.0,110.00,Directed
33.0_129.0,32.0_130.0,155.56,Directed
33.0_129.0,33.0_128.0,110.00,Directed
33.0_129.0,33.0_130.0,110.00,Directed
33.0_129.0,34.0_129.0,110.00,Directed
33.0_129.0,34.0_130.0,155.56,Directed
33.0_-120.0,32.0_-121.0,155.56,Directed
33.0_-120.0,32.0_-120.0,110.00,Directed
33.0_-120.0,32.0_-119.0,155.56,Directed
33.0_-120.0,33.0_-121.0,110.00,Directed
33.0_-120.0,33.0_-119.0,110.00,Directed
33.0_-120.0,34.0_-121.0,155.56,Directed
33.0_-120.0,34.0_-120.0,110.00,Directed
-26.0_-122.0,-26.0_-123.0,110.00,Directed
-26.0_-122.0,-26.0_-121.0,110.00,Directed
15.0_-65.0,14.0_-66.0,155.56,Directed
15.0_-65.0,14.0_-65.0,110.00,Directed
15.0_-65.0,14.0_-64.0,155.56,Directed
15.0_-65.0,15.0_-66.0,110.00,Directed
15.0_-65.0,15.0_-64.0,110.00,Directed
15.0_-65.0,16.0_-66.0,155.56,Directed
15.0_-65.0,16.0_-65.0,110.00,Directed
15.0_-65.0,16.0_-64.0,155.56,Directed
-9.0_-153.0,-10.0_-152.0,155.56,Directed
-9.0_-153.0,-8.0_-154.0,155.56,Directed
49.0_-16.0,48.0_-17.0,155.56,Directed
49.0_-16.0,48.0_-16.0,110.00,Directed
49.0_-16.0,49.0_-15.0,110.00,Directed
49.0_-16.0,50.0_-15.0,155.56,Directed
-36.0_155.0,-37.0_154.0,155.56,Directed
-36.0_155.0,-35.0_155.0,110.00,Directed
57.0_-136.0,56.0_-137.0,155.56,Directed
57.0_-136.0,56.0_-136.0,110.00,Directed
57.0_-136.0,56.0_-135.0,155.56,Directed
57.0_-136.0,57.0_-137.0,110.00,Directed
57.0_-136.0,57.0_-135.0,110.00,Directed
36.0_131.0,35.0_130.0,155.56,Directed
36.0_131.0,35.0_131.0,110.00,Directed
36.0_131.0,35.0_132.0,155.56,Directed
36.0_131.0,36.0_132.0,110.00,Directed
36.0_131.0,37.0_132.0,155.56,Directed
5.0_-158.0,4.0_-158.0,110.00,Directed
5.0_-158.0,4.0_-157.0,155.56,Directed
5.0_-158.0,5.0_-159.0,110.00,Directed
5.0_-158.0,5.0_-157.0,110.00,Directed
5.0_-158.0,6.0_-159.0,155.56,Directed
5.0_-158.0,6.0_-158.0,110.00,Directed
5.0_-158.0,6.0_-157.0,155.56,Directed
16.0_-159.0,15.0_-160.0,155.56,Directed
16.0_-159.0,15.0_-159.0,110.00,Directed
16.0_-159.0,15.0_-158.0,155.56,Directed
16.0_-159.0,16.0_-160.0,110.00,Directed
16.0_-159.0,16.0_-158.0,110.00,Directed
16.0_-159.0,17.0_-160.0,155.56,Directed
16.0_-159.0,17.0_-159.0,110.00,Directed
16.0_-159.0,17.0_-158.0,155.56,Directed
36.0_-61.0,35.0_-62.0,155.56,Directed
36.0_-61.0,35.0_-61.0,110.00,Directed
36.0_-61.0,35.0_-60.0,155.56,Directed
36.0_-61.0,36.0_-60.0,110.00,Directed
36.0_-61.0,37.0_-62.0,155.56,Directed
36.0_-61.0,37.0_-61.0,110.00,Directed
-13.0_92.0,-14.0_92.0,110.00,Directed
-13.0_92.0,-14.0_93.0,155.56,Directed
-13.0_92.0,-13.0_91.0,110.00,Directed
42.0_-81.0,41.0_-82.0,155.56,Directed
42.0_-81.0,41.0_-81.0,110.00,Directed
42.0_-81.0,42.0_-82.0,110.00,Directed
42.0_-81.0,42.0_-80.0,110.00,Directed
42.0_-81.0,43.0_-80.0,155.56,Directed
38.0_-155.0,37.0_-156.0,155.56,Directed
38.0_-155.0,37.0_-154.0,155.56,Directed
38.0_-155.0,39.0_-154.0,155.56,Directed
12.0_-80.0,12.0_-79.0,110.00,Directed
12.0_-80.0,13.0_-79.0,155.56,Directed
13.0_-158.0,12.0_-159.0,155.56,Directed
13.0_-158.0,12.0_-158.0,110.00,Directed
13.0_-158.0,12.0_-157.0,155.56,Directed
13.0_-158.0,13.0_-159.0,110.00,Directed
13.0_-158.0,13.0_-157.0,110.00,Directed
13.0_-158.0,14.0_-159.0,155.56,Directed
13.0_-158.0,14.0_-158.0,110.00,Directed
13.0_-158.0,14.0_-157.0,155.56,Directed
-1.0_-152.0,-2.0_-153.0,155.56,Directed
-1.0_-152.0,-2.0_-152.0,110.00,Directed
-1.0_-152.0,-2.0_-151.0,155.56,Directed
-1.0_-152.0,-1.0_-153.0,110.00,Directed
26.0_141.0,25.0_141.0,110.00,Directed
26.0_141.0,26.0_140.0,110.00,Directed
26.0_141.0,27.0_140.0,155.56,Directed
26.0_141.0,27.0_141.0,110.00,Directed
16.0_-73.0,15.0_-74.0,155.56,Directed
16.0_-73.0,15.0_-73.0,110.00,Directed
16.0_-73.0,15.0_-72.0,155.56,Directed
16.0_-73.0,16.0_-74.0,110.00,Directed
16.0_-73.0,16.0_-72.0,110.00,Directed
16.0_-73.0,17.0_-74.0,155.56,Directed
16.0_-73.0,17.0_-73.0,110.00,Directed
16.0_-73.0,17.0_-72.0,155.56,Directed
7.0_-146.0,6.0_-147.0,155.56,Directed
7.0_-146.0,6.0_-146.0,110.00,Directed
7.0_-146.0,6.0_-145.0,155.56,Directed
7.0_-146.0,7.0_-147.0,110.00,Directed
7.0_-146.0,7.0_-145.0,110.00,Directed
7.0_-146.0,8.0_-147.0,155.56,Directed
7.0_-146.0,8.0_-146.0,110.00,Directed
7.0_-146.0,8.0_-145.0,155.56,Directed
3.0_-161.0,2.0_-161.0,110.00,Directed
3.0_-161.0,2.0_-160.0,155.56,Directed
3.0_-161.0,3.0_-162.0,110.00,Directed
3.0_-161.0,3.0_-160.0,110.00,Directed
3.0_-161.0,4.0_-161.0,110.00,Directed
3.0_-161.0,4.0_-160.0,155.56,Directed
17.0_-85.0,16.0_-86.0,155.56,Directed
17.0_-85.0,16.0_-85.0,110.00,Directed
17.0_-85.0,16.0_-84.0,155.56,Directed
17.0_-85.0,17.0_-86.0,110.00,Directed
17.0_-85.0,17.0_-84.0,110.00,Directed
17.0_-85.0,18.0_-86.0,155.56,Directed
17.0_-85.0,18.0_-85.0,110.00,Directed
17.0_-85.0,18.0_-84.0,155.56,Directed
-32.0_-27.0,-32.0_-28.0,110.00,Directed
-32.0_-27.0,-32.0_-26.0,110.00,Directed
16.0_-86.0,16.0_-87.0,110.00,Directed
16.0_-86.0,16.0_-85.0,110.00,Directed
16.0_-86.0,17.0_-87.0,155.56,Directed
16.0_-86.0,17.0_-86.0,110.00,Directed
16.0_-86.0,17.0_-85.0,155.56,Directed
18.0_-80.0,17.0_-81.0,155.56,Directed
18.0_-80.0,17.0_-80.0,110.00,Directed
18.0_-80.0,17.0_-79.0,155.56,Directed
18.0_-80.0,18.0_-81.0,110.00,Directed
18.0_-80.0,18.0_-79.0,110.00,Directed
18.0_-80.0,19.0_-81.0,155.56,Directed
18.0_-80.0,19.0_-80.0,110.00,Directed
18.0_-80.0,19.0_-79.0,155.56,Directed
12.0_-155.0,11.0_-156.0,155.56,Directed
12.0_-155.0,11.0_-155.0,110.00,Directed
12.0_-155.0,12.0_-156.0,110.00,Directed
77.0_12.0,76.0_11.0,155.56,Directed
77.0_12.0,76.0_12.0,110.00,Directed
77.0_12.0,76.0_13.0,155.56,Directed
77.0_12.0,77.0_11.0,110.00,Directed
77.0_12.0,78.0_13.0,155.56,Directed
32.0_-161.0,31.0_-162.0,155.56,Directed
32.0_-161.0,31.0_-161.0,110.00,Directed
32.0_-161.0,31.0_-160.0,155.56,Directed
32.0_-161.0,32.0_-160.0,110.00,Directed
32.0_-161.0,33.0_-162.0,155.56,Directed
32.0_-161.0,33.0_-161.0,110.00,Directed
32.0_-161.0,33.0_-160.0,155.56,Directed
-20.0_174.0,-21.0_174.0,110.00,Directed
38.0_-142.0,37.0_-141.0,155.56,Directed
38.0_-142.0,38.0_-143.0,110.00,Directed
38.0_-142.0,39.0_-142.0,110.00,Directed
38.0_-142.0,39.0_-141.0,155.56,Directed
0.0_-129.0,-1.0_-130.0,155.56,Directed
0.0_-129.0,-1.0_-129.0,110.00,Directed
0.0_-129.0,0.0_-130.0,110.00,Directed
0.0_-129.0,0.0_-128.0,110.00,Directed
0.0_-129.0,1.0_-130.0,155.56,Directed
0.0_-129.0,1.0_-129.0,110.00,Directed
0.0_-129.0,1.0_-128.0,155.56,Directed
27.0_-129.0,26.0_-130.0,155.56,Directed
27.0_-129.0,27.0_-130.0,110.00,Directed
27.0_-129.0,28.0_-129.0,110.00,Directed
27.0_-129.0,28.0_-128.0,155.56,Directed
20.0_-156.0,19.0_-157.0,155.56,Directed
20.0_-156.0,19.0_-156.0,110.00,Directed
20.0_-156.0,19.0_-155.0,155.56,Directed
20.0_-156.0,20.0_-157.0,110.00,Directed
20.0_-156.0,21.0_-157.0,155.56,Directed
20.0_-156.0,21.0_-156.0,110.00,Directed
20.0_-156.0,21.0_-155.0,155.56,Directed
-42.0_148.0,-43.0_148.0,110.00,Directed
7.0_-120.0,6.0_-121.0,155.56,Directed
7.0_-120.0,7.0_-121.0,110.00,Directed
7.0_-120.0,7.0_-119.0,110.00,Directed
7.0_-120.0,8.0_-121.0,155.56,Directed
7.0_-120.0,8.0_-120.0,110.00,Directed
40.0_-131.0,39.0_-132.0,155.56,Directed
40.0_-131.0,39.0_-131.0,110.00,Directed
40.0_-131.0,39.0_-130.0,155.56,Directed
40.0_-131.0,41.0_-132.0,155.56,Directed
-33.0_-79.0,-34.0_-80.0,155.56,Directed
-33.0_-79.0,-34.0_-78.0,155.56,Directed
-33.0_-79.0,-33.0_-80.0,110.00,Directed
-27.0_-108.0,-28.0_-109.0,155.56,Directed
-27.0_-108.0,-28.0_-108.0,110.00,Directed
-34.0_-78.0,-35.0_-79.0,155.56,Directed
-34.0_-78.0,-33.0_-79.0,155.56,Directed
31.0_131.0,30.0_130.0,155.56,Directed
31.0_131.0,30.0_131.0,110.00,Directed
31.0_131.0,31.0_130.0,110.00,Directed
31.0_131.0,31.0_132.0,110.00,Directed
31.0_131.0,32.0_130.0,155.56,Directed
31.0_131.0,32.0_132.0,155.56,Directed
48.0_-141.0,48.0_-142.0,110.00,Directed
30.0_-155.0,29.0_-156.0,155.56,Directed
30.0_-155.0,29.0_-154.0,155.56,Directed
30.0_-155.0,30.0_-156.0,110.00,Directed
30.0_-155.0,30.0_-154.0,110.00,Directed
30.0_-155.0,31.0_-156.0,155.56,Directed
30.0_-155.0,31.0_-155.0,110.00,Directed
40.0_-144.0,39.0_-144.0,110.00,Directed
40.0_-144.0,40.0_-145.0,110.00,Directed
40.0_-144.0,41.0_-144.0,110.00,Directed
-9.0_-140.0,-10.0_-141.0,155.56,Directed
-9.0_-140.0,-10.0_-140.0,110.00,Directed
-9.0_-140.0,-10.0_-139.0,155.56,Directed
-9.0_-140.0,-9.0_-141.0,110.00,Directed
-9.0_-140.0,-9.0_-139.0,110.00,Directed
-9.0_-140.0,-8.0_-141.0,155.56,Directed
-9.0_-140.0,-8.0_-140.0,110.00,Directed
22.0_127.0,22.0_128.0,110.00,Directed
22.0_127.0,23.0_127.0,110.00,Directed
22.0_127.0,23.0_128.0,155.56,Directed
30.0_-61.0,29.0_-62.0,155.56,Directed
30.0_-61.0,29.0_-61.0,110.00,Directed
30.0_-61.0,29.0_-60.0,155.56,Directed
30.0_-61.0,30.0_-62.0,110.00,Directed
30.0_-61.0,30.0_-60.0,110.00,Directed
30.0_-61.0,31.0_-62.0,155.56,Directed
30.0_-61.0,31.0_-61.0,110.00,Directed
30.0_-61.0,31.0_-60.0,155.56,Directed
23.0_-113.0,22.0_-112.0,155.56,Directed
23.0_-113.0,23.0_-112.0,110.00,Directed
23.0_-113.0,24.0_-114.0,155.56,Directed
23.0_-113.0,24.0_-113.0,110.00,Directed
-23.0_102.0,-24.0_102.0,110.00,Directed
-23.0_102.0,-23.0_101.0,110.00,Directed
-23.0_102.0,-22.0_101.0,155.56,Directed
-23.0_102.0,-22.0_102.0,110.00,Directed
-23.0_102.0,-22.0_103.0,155.56,Directed
21.0_-57.0,20.0_-58.0,155.56,Directed
21.0_-57.0,20.0_-57.0,110.00,Directed
21.0_-57.0,21.0_-58.0,110.00,Directed
21.0_-57.0,22.0_-58.0,155.56,Directed
21.0_-57.0,22.0_-57.0,110.00,Directed
25.0_-176.0,26.0_-177.0,155.56,Directed
-30.0_-19.0,-30.0_-20.0,110.00,Directed
-30.0_-19.0,-29.0_-18.0,155.56,Directed
34.0_-170.0,33.0_-169.0,155.56,Directed
34.0_-170.0,34.0_-171.0,110.00,Directed
17.0_-72.0,16.0_-73.0,155.56,Directed
17.0_-72.0,16.0_-72.0,110.00,Directed
17.0_-72.0,16.0_-71.0,155.56,Directed
17.0_-72.0,17.0_-73.0,110.00,Directed
17.0_-72.0,17.0_-71.0,110.00,Directed
-27.0_107.0,-28.0_108.0,155.56,Directed
-27.0_107.0,-27.0_106.0,110.00,Directed
-27.0_107.0,-27.0_108.0,110.00,Directed
-27.0_107.0,-26.0_106.0,155.56,Directed
-27.0_107.0,-26.0_107.0,110.00,Directed
44.0_140.0,43.0_139.0,155.56,Directed
44.0_140.0,43.0_140.0,110.00,Directed
44.0_140.0,43.0_141.0,155.56,Directed
13.0_-114.0,12.0_-115.0,155.56,Directed
13.0_-114.0,12.0_-114.0,110.00,Directed
13.0_-114.0,12.0_-113.0,155.56,Directed
13.0_-114.0,13.0_-113.0,110.00,Directed
13.0_-114.0,14.0_-115.0,155.56,Directed
13.0_-114.0,14.0_-114.0,110.00,Directed
13.0_-114.0,14.0_-113.0,155.56,Directed
48.0_-17.0,48.0_-16.0,110.00,Directed
48.0_-17.0,49.0_-16.0,155.56,Directed
16.0_-115.0,15.0_-116.0,155.56,Directed
16.0_-115.0,15.0_-114.0,155.56,Directed
16.0_-115.0,17.0_-116.0,155.56,Directed
16.0_-115.0,17.0_-114.0,155.56,Directed
41.0_18.0,40.0_17.0,155.56,Directed
41.0_18.0,40.0_18.0,110.00,Directed
41.0_18.0,40.0_19.0,155.56,Directed
41.0_18.0,41.0_17.0,110.00,Directed
41.0_18.0,41.0_19.0,110.00,Directed
41.0_18.0,42.0_18.0,110.00,Directed
41.0_18.0,42.0_19.0,155.56,Directed
26.0_-148.0,25.0_-148.0,110.00,Directed
26.0_-148.0,26.0_-149.0,110.00,Directed
26.0_-148.0,27.0_-147.0,155.56,Directed
18.0_132.0,17.0_131.0,155.56,Directed
18.0_132.0,17.0_132.0,110.00,Directed
18.0_132.0,19.0_131.0,155.56,Directed
18.0_132.0,19.0_132.0,110.00,Directed
39.0_-136.0,38.0_-137.0,155.56,Directed
39.0_-136.0,38.0_-135.0,155.56,Directed
39.0_-136.0,39.0_-137.0,110.00,Directed
39.0_-136.0,39.0_-135.0,110.00,Directed
39.0_-136.0,40.0_-137.0,155.56,Directed
39.0_-136.0,40.0_-136.0,110.00,Directed
39.0_-136.0,40.0_-135.0,155.56,Directed
10.0_-136.0,9.0_-135.0,155.56,Directed
10.0_-136.0,10.0_-135.0,110.00,Directed
10.0_-136.0,11.0_-137.0,155.56,Directed
10.0_-136.0,11.0_-136.0,110.00,Directed
10.0_-136.0,11.0_-135.0,155.56,Directed
-65.0_-63.0,-65.0_-64.0,110.00,Directed
-65.0_-63.0,-65.0_-62.0,110.00,Directed
39.0_-66.0,38.0_-67.0,155.56,Directed
39.0_-66.0,38.0_-66.0,110.00,Directed
39.0_-66.0,38.0_-65.0,155.56,Directed
39.0_-66.0,39.0_-67.0,110.00,Directed
39.0_-66.0,39.0_-65.0,110.00,Directed
39.0_-66.0,40.0_-67.0,155.56,Directed
39.0_-66.0,40.0_-66.0,110.00,Directed
39.0_-66.0,40.0_-65.0,155.56,Directed
24.0_-82.0,23.0_-83.0,155.56,Directed
24.0_-82.0,23.0_-82.0,110.00,Directed
24.0_-82.0,23.0_-81.0,155.56,Directed
24.0_-82.0,24.0_-83.0,110.00,Directed
24.0_-82.0,24.0_-81.0,110.00,Directed
24.0_-82.0,25.0_-83.0,155.56,Directed
24.0_-82.0,25.0_-81.0,155.56,Directed
-6.0_-145.0,-7.0_-145.0,110.00,Directed
-6.0_-145.0,-7.0_-144.0,155.56,Directed
-6.0_-145.0,-6.0_-146.0,110.00,Directed
-6.0_-145.0,-5.0_-146.0,155.56,Directed
-6.0_-145.0,-5.0_-145.0,110.00,Directed
37.0_143.0,36.0_142.0,155.56,Directed
37.0_143.0,36.0_143.0,110.00,Directed
37.0_143.0,37.0_142.0,110.00,Directed
37.0_143.0,37.0_144.0,110.00,Directed
37.0_143.0,38.0_142.0,155.56,Directed
37.0_143.0,38.0_143.0,110.00,Directed
37.0_143.0,38.0_144.0,155.56,Directed
-19.0_94.0,-19.0_95.0,110.00,Directed
-19.0_94.0,-18.0_95.0,155.56,Directed
-22.0_102.0,-23.0_101.0,155.56,Directed
-22.0_102.0,-23.0_102.0,110.00,Directed
-22.0_102.0,-22.0_101.0,110.00,Directed
-22.0_102.0,-22.0_103.0,110.00,Directed
30.0_-62.0,29.0_-63.0,155.56,Directed
30.0_-62.0,29.0_-62.0,110.00,Directed
30.0_-62.0,29.0_-61.0,155.56,Directed
30.0_-62.0,30.0_-63.0,110.00,Directed
30.0_-62.0,30.0_-61.0,110.00,Directed
30.0_-62.0,31.0_-63.0,155.56,Directed
30.0_-62.0,31.0_-62.0,110.00,Directed
30.0_-62.0,31.0_-61.0,155.56,Directed
40.0_138.0,39.0_137.0,155.56,Directed
40.0_138.0,39.0_138.0,110.00,Directed
40.0_138.0,39.0_139.0,155.56,Directed
40.0_138.0,40.0_137.0,110.00,Directed
40.0_138.0,40.0_139.0,110.00,Directed
40.0_138.0,41.0_137.0,155.56,Directed
40.0_138.0,41.0_138.0,110.00,Directed
40.0_138.0,41.0_139.0,155.56,Directed
-36.0_12.0,-36.0_13.0,110.00,Directed
-36.0_12.0,-35.0_13.0,155.56,Directed
32.0_-156.0,31.0_-157.0,155.56,Directed
32.0_-156.0,31.0_-156.0,110.00,Directed
32.0_-156.0,31.0_-155.0,155.56,Directed
32.0_-156.0,32.0_-157.0,110.00,Directed
32.0_-156.0,32.0_-155.0,110.00,Directed
32.0_-156.0,33.0_-156.0,110.00,Directed
32.0_-156.0,33.0_-155.0,155.56,Directed
21.0_-58.0,20.0_-59.0,155.56,Directed
21.0_-58.0,20.0_-58.0,110.00,Directed
21.0_-58.0,20.0_-57.0,155.56,Directed
21.0_-58.0,21.0_-59.0,110.00,Directed
21.0_-58.0,21.0_-57.0,110.00,Directed
21.0_-58.0,22.0_-59.0,155.56,Directed
21.0_-58.0,22.0_-58.0,110.00,Directed
21.0_-58.0,22.0_-57.0,155.56,Directed
28.0_-43.0,27.0_-43.0,110.00,Directed
28.0_-43.0,29.0_-43.0,110.00,Directed
24.0_-59.0,23.0_-60.0,155.56,Directed
24.0_-59.0,23.0_-59.0,110.00,Directed
24.0_-59.0,23.0_-58.0,155.56,Directed
24.0_-59.0,24.0_-60.0,110.00,Directed
24.0_-59.0,24.0_-58.0,110.00,Directed
24.0_-59.0,25.0_-60.0,155.56,Directed
24.0_-59.0,25.0_-59.0,110.00,Directed
24.0_-59.0,25.0_-58.0,155.56,Directed
32.0_129.0,31.0_128.0,155.56,Directed
32.0_129.0,31.0_129.0,110.00,Directed
32.0_129.0,31.0_130.0,155.56,Directed
32.0_129.0,32.0_128.0,110.00,Directed
32.0_129.0,32.0_130.0,110.00,Directed
32.0_129.0,33.0_128.0,155.56,Directed
32.0_129.0,33.0_129.0,110.00,Directed
32.0_129.0,33.0_130.0,155.56,Directed
33.0_-63.0,32.0_-64.0,155.56,Directed
33.0_-63.0,32.0_-63.0,110.00,Directed
33.0_-63.0,32.0_-62.0,155.56,Directed
33.0_-63.0,33.0_-64.0,110.00,Directed
33.0_-63.0,33.0_-62.0,110.00,Directed
33.0_-63.0,34.0_-64.0,155.56,Directed
33.0_-63.0,34.0_-63.0,110.00,Directed
33.0_-63.0,34.0_-62.0,155.56,Directed
11.0_-131.0,10.0_-132.0,155.56,Directed
11.0_-131.0,10.0_-131.0,110.00,Directed
11.0_-131.0,12.0_-130.0,155.56,Directed
20.0_155.0,19.0_155.0,110.00,Directed
20.0_155.0,19.0_156.0,155.56,Directed
20.0_155.0,21.0_155.0,110.00,Directed
23.0_-82.0,23.0_-83.0,110.00,Directed
23.0_-82.0,23.0_-81.0,110.00,Directed
23.0_-82.0,24.0_-83.0,155.56,Directed
23.0_-82.0,24.0_-82.0,110.00,Directed
23.0_-82.0,24.0_-81.0,155.56,Directed
-5.0_-142.0,-6.0_-142.0,110.00,Directed
-5.0_-142.0,-6.0_-141.0,155.56,Directed
-5.0_-142.0,-5.0_-143.0,110.00,Directed
-5.0_-142.0,-5.0_-141.0,110.00,Directed
-5.0_-142.0,-4.0_-143.0,155.56,Directed
-5.0_-142.0,-4.0_-142.0,110.00,Directed
-5.0_-142.0,-4.0_-141.0,155.56,Directed
36.0_-141.0,35.0_-142.0,155.56,Directed
36.0_-141.0,35.0_-141.0,110.00,Directed
36.0_-141.0,35.0_-140.0,155.56,Directed
36.0_-141.0,36.0_-142.0,110.00,Directed
36.0_-141.0,37.0_-141.0,110.00,Directed
36.0_-141.0,37.0_-140.0,155.56,Directed
7.0_-87.0,6.0_-88.0,155.56,Directed
7.0_-87.0,6.0_-87.0,110.00,Directed
7.0_-87.0,6.0_-86.0,155.56,Directed
7.0_-87.0,7.0_-88.0,110.00,Directed
7.0_-87.0,7.0_-86.0,110.00,Directed
7.0_-87.0,8.0_-86.0,155.56,Directed
43.0_-66.0,42.0_-67.0,155.56,Directed
43.0_-66.0,42.0_-66.0,110.00,Directed
43.0_-66.0,42.0_-65.0,155.56,Directed
43.0_-66.0,43.0_-67.0,110.00,Directed
43.0_-66.0,43.0_-65.0,110.00,Directed
43.0_-66.0,44.0_-67.0,155.56,Directed
43.0_-66.0,44.0_-65.0,155.56,Directed
50.0_-5.0,49.0_-6.0,155.56,Directed
50.0_-5.0,49.0_-5.0,110.00,Directed
29.0_133.0,29.0_134.0,110.00,Directed
29.0_133.0,30.0_133.0,110.00,Directed
19.0_-106.0,18.0_-106.0,110.00,Directed
19.0_-106.0,19.0_-107.0,110.00,Directed
19.0_-106.0,20.0_-107.0,155.56,Directed
19.0_-106.0,20.0_-106.0,110.00,Directed
58.0_-3.0,57.0_-4.0,155.56,Directed
58.0_-3.0,57.0_-3.0,110.00,Directed
58.0_-3.0,57.0_-2.0,155.56,Directed
58.0_-3.0,58.0_-4.0,110.00,Directed
58.0_-3.0,59.0_-4.0,155.56,Directed
58.0_-3.0,59.0_-3.0,110.00,Directed
26.0_-71.0,25.0_-72.0,155.56,Directed
26.0_-71.0,25.0_-71.0,110.00,Directed
26.0_-71.0,25.0_-70.0,155.56,Directed
26.0_-71.0,26.0_-72.0,110.00,Directed
26.0_-71.0,26.0_-70.0,110.00,Directed
26.0_-71.0,27.0_-72.0,155.56,Directed
26.0_-71.0,27.0_-71.0,110.00,Directed
26.0_-71.0,27.0_-70.0,155.56,Directed
17.0_-67.0,16.0_-68.0,155.56,Directed
17.0_-67.0,16.0_-67.0,110.00,Directed
17.0_-67.0,16.0_-66.0,155.56,Directed
17.0_-67.0,17.0_-68.0,110.00,Directed
17.0_-67.0,17.0_-66.0,110.00,Directed
17.0_-67.0,18.0_-68.0,155.56,Directed
12.0_-156.0,11.0_-156.0,110.00,Directed
12.0_-156.0,11.0_-155.0,155.56,Directed
12.0_-156.0,12.0_-157.0,110.00,Directed
12.0_-156.0,12.0_-155.0,110.00,Directed
12.0_-156.0,13.0_-157.0,155.56,Directed
43.0_-79.0,42.0_-80.0,155.56,Directed
43.0_-79.0,43.0_-80.0,110.00,Directed
43.0_-79.0,43.0_-78.0,110.00,Directed
44.0_-83.0,43.0_-83.0,110.00,Directed
44.0_-83.0,44.0_-82.0,110.00,Directed
44.0_-83.0,45.0_-84.0,155.56,Directed
16.0_-132.0,15.0_-133.0,155.56,Directed
16.0_-132.0,17.0_-132.0,110.00,Directed
16.0_-132.0,17.0_-131.0,155.56,Directed
-12.0_-144.0,-13.0_-145.0,155.56,Directed
-12.0_-144.0,-13.0_-144.0,110.00,Directed
-12.0_-144.0,-13.0_-143.0,155.56,Directed
-12.0_-144.0,-12.0_-145.0,110.00,Directed
-12.0_-144.0,-12.0_-143.0,110.00,Directed
-12.0_-144.0,-11.0_-145.0,155.56,Directed
-12.0_-144.0,-11.0_-144.0,110.00,Directed
-12.0_-144.0,-11.0_-143.0,155.56,Directed
25.0_-114.0,24.0_-114.0,110.00,Directed
25.0_-114.0,24.0_-113.0,155.56,Directed
25.0_-114.0,25.0_-115.0,110.00,Directed
25.0_-114.0,25.0_-113.0,110.00,Directed
25.0_-114.0,26.0_-115.0,155.56,Directed
-51.0_134.0,-50.0_133.0,155.56,Directed
38.0_-125.0,37.0_-124.0,155.56,Directed
38.0_-125.0,38.0_-126.0,110.00,Directed
38.0_-125.0,38.0_-124.0,110.00,Directed
38.0_-125.0,39.0_-126.0,155.56,Directed
38.0_-125.0,39.0_-125.0,110.00,Directed
6.0_-156.0,5.0_-157.0,155.56,Directed
6.0_-156.0,5.0_-156.0,110.00,Directed
6.0_-156.0,5.0_-155.0,155.56,Directed
6.0_-156.0,6.0_-157.0,110.00,Directed
6.0_-156.0,6.0_-155.0,110.00,Directed
6.0_-156.0,7.0_-157.0,155.56,Directed
6.0_-156.0,7.0_-156.0,110.00,Directed
6.0_-156.0,7.0_-155.0,155.56,Directed
40.0_-157.0,39.0_-157.0,110.00,Directed
40.0_-157.0,40.0_-158.0,110.00,Directed
40.0_-157.0,41.0_-157.0,110.00,Directed
40.0_-157.0,41.0_-156.0,155.56,Directed
31.0_-175.0,30.0_-176.0,155.56,Directed
31.0_-175.0,30.0_-175.0,110.00,Directed
11.0_-68.0,10.0_-67.0,155.56,Directed
11.0_-68.0,11.0_-69.0,110.00,Directed
11.0_-68.0,11.0_-67.0,110.00,Directed
11.0_-68.0,12.0_-69.0,155.56,Directed
11.0_-68.0,12.0_-68.0,110.00,Directed
11.0_-68.0,12.0_-67.0,155.56,Directed
19.0_131.0,18.0_130.0,155.56,Directed
19.0_131.0,18.0_132.0,155.56,Directed
19.0_131.0,19.0_130.0,110.00,Directed
19.0_131.0,19.0_132.0,110.00,Directed
18.0_-75.0,17.0_-76.0,155.56,Directed
18.0_-75.0,17.0_-75.0,110.00,Directed
18.0_-75.0,17.0_-74.0,155.56,Directed
18.0_-75.0,18.0_-76.0,110.00,Directed
18.0_-75.0,19.0_-76.0,155.56,Directed
18.0_-75.0,19.0_-75.0,110.00,Directed
18.0_-75.0,19.0_-74.0,155.56,Directed
31.0_130.0,30.0_129.0,155.56,Directed
31.0_130.0,30.0_130.0,110.00,Directed
31.0_130.0,30.0_131.0,155.56,Directed
31.0_130.0,31.0_129.0,110.00,Directed
31.0_130.0,31.0_131.0,110.00,Directed
31.0_130.0,32.0_129.0,155.56,Directed
31.0_130.0,32.0_130.0,110.00,Directed
20.0_-72.0,19.0_-73.0,155.56,Directed
20.0_-72.0,19.0_-71.0,155.56,Directed
20.0_-72.0,20.0_-73.0,110.00,Directed
20.0_-72.0,20.0_-71.0,110.00,Directed
20.0_-72.0,21.0_-73.0,155.56,Directed
20.0_-72.0,21.0_-72.0,110.00,Directed
20.0_-72.0,21.0_-71.0,155.56,Directed
-61.0_128.0,-60.0_128.0,110.00,Directed
-22.0_115.0,-21.0_115.0,110.00,Directed
-22.0_115.0,-21.0_116.0,155.56,Directed
48.0_-9.0,47.0_-10.0,155.56,Directed
48.0_-9.0,47.0_-9.0,110.00,Directed
48.0_-9.0,47.0_-8.0,155.56,Directed
48.0_-9.0,48.0_-8.0,110.00,Directed
48.0_-9.0,49.0_-10.0,155.56,Directed
48.0_-9.0,49.0_-9.0,110.00,Directed
48.0_-9.0,49.0_-8.0,155.56,Directed
-13.0_-146.0,-14.0_-147.0,155.56,Directed
-13.0_-146.0,-14.0_-146.0,110.00,Directed
-13.0_-146.0,-14.0_-145.0,155.56,Directed
-13.0_-146.0,-13.0_-147.0,110.00,Directed
-13.0_-146.0,-13.0_-145.0,110.00,Directed
-13.0_-146.0,-12.0_-147.0,155.56,Directed
-13.0_-146.0,-12.0_-146.0,110.00,Directed
-13.0_-146.0,-12.0_-145.0,155.56,Directed
46.0_-3.0,45.0_-4.0,155.56,Directed
46.0_-3.0,45.0_-3.0,110.00,Directed
46.0_-3.0,45.0_-2.0,155.56,Directed
46.0_-3.0,46.0_-4.0,110.00,Directed
46.0_-3.0,46.0_-2.0,110.00,Directed
46.0_-3.0,47.0_-4.0,155.56,Directed
46.0_-3.0,47.0_-3.0,110.00,Directed
10.0_-119.0,9.0_-120.0,155.56,Directed
10.0_-119.0,9.0_-119.0,110.00,Directed
10.0_-119.0,11.0_-120.0,155.56,Directed
10.0_-119.0,11.0_-119.0,110.00,Directed
10.0_-119.0,11.0_-118.0,155.56,Directed
7.0_-159.0,6.0_-159.0,110.00,Directed
7.0_-159.0,6.0_-158.0,155.56,Directed
7.0_-159.0,7.0_-158.0,110.00,Directed
7.0_-159.0,8.0_-159.0,110.00,Directed
7.0_-159.0,8.0_-158.0,155.56,Directed
22.0_-109.0,21.0_-110.0,155.56,Directed
22.0_-109.0,21.0_-109.0,110.00,Directed
22.0_-109.0,21.0_-108.0,155.56,Directed
22.0_-109.0,22.0_-110.0,110.00,Directed
22.0_-109.0,22.0_-108.0,110.00,Directed
22.0_-109.0,23.0_-110.0,155.56,Directed
22.0_-109.0,23.0_-109.0,110.00,Directed
22.0_-109.0,23.0_-108.0,155.56,Directed
22.0_-74.0,21.0_-75.0,155.56,Directed
22.0_-74.0,21.0_-74.0,110.00,Directed
22.0_-74.0,21.0_-73.0,155.56,Directed
22.0_-74.0,22.0_-75.0,110.00,Directed
22.0_-74.0,22.0_-73.0,110.00,Directed
22.0_-74.0,23.0_-75.0,155.56,Directed
22.0_-74.0,23.0_-74.0,110.00,Directed
22.0_-74.0,23.0_-73.0,155.56,Directed
31.0_-162.0,30.0_-162.0,110.00,Directed
31.0_-162.0,30.0_-161.0,155.56,Directed
31.0_-162.0,31.0_-161.0,110.00,Directed
31.0_-162.0,32.0_-161.0,155.56,Directed
14.0_-65.0,13.0_-66.0,155.56,Directed
14.0_-65.0,13.0_-65.0,110.00,Directed
14.0_-65.0,13.0_-64.0,155.56,Directed
14.0_-65.0,14.0_-66.0,110.00,Directed
14.0_-65.0,14.0_-64.0,110.00,Directed
14.0_-65.0,15.0_-66.0,155.56,Directed
14.0_-65.0,15.0_-65.0,110.00,Directed
14.0_-65.0,15.0_-64.0,155.56,Directed
23.0_134.0,22.0_133.0,155.56,Directed
23.0_134.0,22.0_134.0,110.00,Directed
23.0_134.0,24.0_133.0,155.56,Directed
23.0_134.0,24.0_135.0,155.56,Directed
-29.0_-17.0,-29.0_-18.0,110.00,Directed
-29.0_-17.0,-29.0_-16.0,110.00,Directed
8.0_-162.0,7.0_-163.0,155.56,Directed
8.0_-162.0,7.0_-162.0,110.00,Directed
8.0_-162.0,7.0_-161.0,155.56,Directed
8.0_-162.0,8.0_-163.0,110.00,Directed
8.0_-162.0,8.0_-161.0,110.00,Directed
8.0_-162.0,9.0_-163.0,155.56,Directed
8.0_-162.0,9.0_-162.0,110.00,Directed
8.0_-162.0,9.0_-161.0,155.56,Directed
15.0_-64.0,14.0_-65.0,155.56,Directed
15.0_-64.0,14.0_-64.0,110.00,Directed
15.0_-64.0,14.0_-63.0,155.56,Directed
15.0_-64.0,15.0_-65.0,110.00,Directed
15.0_-64.0,15.0_-63.0,110.00,Directed
15.0_-64.0,16.0_-65.0,155.56,Directed
15.0_-64.0,16.0_-64.0,110.00,Directed
15.0_-64.0,16.0_-63.0,155.56,Directed
42.0_-127.0,41.0_-127.0,110.00,Directed
42.0_-127.0,42.0_-128.0,110.00,Directed
42.0_-127.0,42.0_-126.0,110.00,Directed
42.0_-127.0,43.0_-126.0,155.56,Directed
32.0_-77.0,31.0_-78.0,155.56,Directed
32.0_-77.0,31.0_-76.0,155.56,Directed
32.0_-77.0,32.0_-78.0,110.00,Directed
32.0_-77.0,32.0_-76.0,110.00,Directed
1.0_-124.0,1.0_-125.0,110.00,Directed
1.0_-124.0,2.0_-123.0,155.56,Directed
35.0_-129.0,35.0_-130.0,110.00,Directed
41.0_-146.0,40.0_-147.0,155.56,Directed
41.0_-146.0,40.0_-146.0,110.00,Directed
41.0_-146.0,40.0_-145.0,155.56,Directed
41.0_-146.0,41.0_-147.0,110.00,Directed
41.0_-146.0,42.0_-146.0,110.00,Directed
30.0_-75.0,29.0_-76.0,155.56,Directed
30.0_-75.0,29.0_-75.0,110.00,Directed
30.0_-75.0,29.0_-74.0,155.56,Directed
30.0_-75.0,30.0_-76.0,110.00,Directed
30.0_-75.0,30.0_-74.0,110.00,Directed
30.0_-75.0,31.0_-76.0,155.56,Directed
30.0_-75.0,31.0_-75.0,110.00,Directed
30.0_-75.0,31.0_-74.0,155.56,Directed
23.0_-130.0,22.0_-130.0,110.00,Directed
23.0_-130.0,22.0_-129.0,155.56,Directed
23.0_-130.0,23.0_-131.0,110.00,Directed
23.0_-130.0,23.0_-129.0,110.00,Directed
23.0_-130.0,24.0_-130.0,110.00,Directed
23.0_-130.0,24.0_-129.0,155.56,Directed
57.0_-135.0,56.0_-136.0,155.56,Directed
57.0_-135.0,56.0_-135.0,110.00,Directed
57.0_-135.0,57.0_-136.0,110.00,Directed
57.0_-135.0,57.0_-134.0,110.00,Directed
-12.0_143.0,-13.0_143.0,110.00,Directed
-12.0_143.0,-11.0_142.0,155.56,Directed
5.0_-157.0,4.0_-158.0,155.56,Directed
5.0_-157.0,4.0_-157.0,110.00,Directed
5.0_-157.0,4.0_-156.0,155.56,Directed
5.0_-157.0,5.0_-158.0,110.00,Directed
5.0_-157.0,5.0_-156.0,110.00,Directed
5.0_-157.0,6.0_-158.0,155.56,Directed
5.0_-157.0,6.0_-157.0,110.00,Directed
5.0_-157.0,6.0_-156.0,155.56,Directed
-35.0_-42.0,-35.0_-43.0,110.00,Directed
-35.0_-42.0,-35.0_-41.0,110.00,Directed
42.0_-80.0,41.0_-81.0,155.56,Directed
42.0_-80.0,42.0_-81.0,110.00,Directed
42.0_-80.0,43.0_-80.0,110.00,Directed
42.0_-80.0,43.0_-79.0,155.56,Directed
-25.0_-124.0,-26.0_-124.0,110.00,Directed
-25.0_-124.0,-26.0_-123.0,155.56,Directed
-25.0_-124.0,-25.0_-125.0,110.00,Directed
51.0_-131.0,50.0_-132.0,155.56,Directed
51.0_-131.0,50.0_-131.0,110.00,Directed
51.0_-131.0,51.0_-132.0,110.00,Directed
51.0_-131.0,51.0_-130.0,110.00,Directed
46.0_-148.0,45.0_-148.0,110.00,Directed
41.0_-81.0,41.0_-82.0,110.00,Directed
41.0_-81.0,42.0_-82.0,155.56,Directed
41.0_-81.0,42.0_-81.0,110.00,Directed
41.0_-81.0,42.0_-80.0,155.56,Directed
18.0_-62.0,17.0_-63.0,155.56,Directed
18.0_-62.0,17.0_-62.0,110.00,Directed
18.0_-62.0,17.0_-61.0,155.56,Directed
18.0_-62.0,18.0_-61.0,110.00,Directed
18.0_-62.0,19.0_-62.0,110.00,Directed
18.0_-62.0,19.0_-61.0,155.56,Directed
35.0_-66.0,34.0_-67.0,155.56,Directed
35.0_-66.0,34.0_-66.0,110.00,Directed
35.0_-66.0,34.0_-65.0,155.56,Directed
35.0_-66.0,35.0_-67.0,110.00,Directed
35.0_-66.0,35.0_-65.0,110.00,Directed
35.0_-66.0,36.0_-67.0,155.56,Directed
35.0_-66.0,36.0_-66.0,110.00,Directed
35.0_-66.0,36.0_-65.0,155.56,Directed
55.0_-7.0,54.0_-6.0,155.56,Directed
55.0_-7.0,55.0_-8.0,110.00,Directed
55.0_-7.0,55.0_-6.0,110.00,Directed
55.0_-7.0,56.0_-8.0,155.56,Directed
55.0_-7.0,56.0_-7.0,110.00,Directed
55.0_-7.0,56.0_-6.0,155.56,Directed
-14.0_-149.0,-15.0_-149.0,110.00,Directed
-14.0_-149.0,-15.0_-148.0,155.56,Directed
-14.0_-149.0,-14.0_-150.0,110.00,Directed
-14.0_-149.0,-13.0_-150.0,155.56,Directed
-14.0_-149.0,-13.0_-148.0,155.56,Directed
29.0_-64.0,28.0_-65.0,155.56,Directed
29.0_-64.0,28.0_-64.0,110.00,Directed
29.0_-64.0,28.0_-63.0,155.56,Directed
29.0_-64.0,29.0_-65.0,110.00,Directed
29.0_-64.0,29.0_-63.0,110.00,Directed
29.0_-64.0,30.0_-65.0,155.56,Directed
29.0_-64.0,30.0_-64.0,110.00,Directed
29.0_-64.0,30.0_-63.0,155.56,Directed
19.0_-172.0,18.0_-171.0,155.56,Directed
30.0_-141.0,30.0_-142.0,110.00,Directed
30.0_-141.0,31.0_-141.0,110.00,Directed
30.0_-141.0,31.0_-140.0,155.56,Directed
43.0_-152.0,42.0_-153.0,155.56,Directed
-30.0_-99.0,-31.0_-98.0,155.56,Directed
-30.0_-99.0,-30.0_-100.0,110.00,Directed
-30.0_-99.0,-30.0_-98.0,110.00,Directed
30.0_127.0,29.0_126.0,155.56,Directed
30.0_127.0,29.0_127.0,110.00,Directed
30.0_127.0,29.0_128.0,155.56,Directed
30.0_127.0,30.0_128.0,110.00,Directed
30.0_127.0,31.0_126.0,155.56,Directed
30.0_127.0,31.0_127.0,110.00,Directed
30.0_127.0,31.0_128.0,155.56,Directed
44.0_-70.0,43.0_-71.0,155.56,Directed
44.0_-70.0,43.0_-70.0,110.00,Directed
44.0_-70.0,43.0_-69.0,155.56,Directed
44.0_-70.0,44.0_-69.0,110.00,Directed
25.0_-158.0,24.0_-159.0,155.56,Directed
25.0_-158.0,24.0_-158.0,110.00,Directed
25.0_-158.0,24.0_-157.0,155.56,Directed
25.0_-158.0,25.0_-159.0,110.00,Directed
25.0_-158.0,25.0_-157.0,110.00,Directed
25.0_-158.0,26.0_-159.0,155.56,Directed
25.0_-158.0,26.0_-158.0,110.00,Directed
25.0_-158.0,26.0_-157.0,155.56,Directed
22.0_-61.0,21.0_-62.0,155.56,Directed
22.0_-61.0,21.0_-61.0,110.00,Directed
22.0_-61.0,21.0_-60.0,155.56,Directed
22.0_-61.0,22.0_-62.0,110.00,Directed
22.0_-61.0,22.0_-60.0,110.00,Directed
22.0_-61.0,23.0_-62.0,155.56,Directed
22.0_-61.0,23.0_-61.0,110.00,Directed
22.0_-61.0,23.0_-60.0,155.56,Directed
12.0_-63.0,11.0_-64.0,155.56,Directed
12.0_-63.0,11.0_-63.0,110.00,Directed
12.0_-63.0,11.0_-62.0,155.56,Directed
12.0_-63.0,12.0_-64.0,110.00,Directed
12.0_-63.0,12.0_-62.0,110.00,Directed
12.0_-63.0,13.0_-64.0,155.56,Directed
12.0_-63.0,13.0_-63.0,110.00,Directed
12.0_-63.0,13.0_-62.0,155.56,Directed
29.0_-156.0,28.0_-157.0,155.56,Directed
29.0_-156.0,29.0_-157.0,110.00,Directed
29.0_-156.0,30.0_-157.0,155.56,Directed
29.0_-156.0,30.0_-156.0,110.00,Directed
29.0_-156.0,30.0_-155.0,155.56,Directed
40.0_11.0,39.0_11.0,110.00,Directed
40.0_11.0,39.0_12.0,155.56,Directed
28.0_-56.0,27.0_-57.0,155.56,Directed
28.0_-56.0,27.0_-56.0,110.00,Directed
28.0_-56.0,28.0_-57.0,110.00,Directed
28.0_-56.0,29.0_-57.0,155.56,Directed
28.0_-56.0,29.0_-56.0,110.00,Directed
28.0_-56.0,29.0_-55.0,155.56,Directed
15.0_-151.0,14.0_-151.0,110.00,Directed
15.0_-151.0,15.0_-152.0,110.00,Directed
15.0_-151.0,15.0_-150.0,110.00,Directed
15.0_-151.0,16.0_-152.0,155.56,Directed
15.0_-151.0,16.0_-151.0,110.00,Directed
21.0_-111.0,20.0_-112.0,155.56,Directed
21.0_-111.0,20.0_-111.0,110.00,Directed
21.0_-111.0,20.0_-110.0,155.56,Directed
21.0_-111.0,21.0_-110.0,110.00,Directed
21.0_-111.0,22.0_-112.0,155.56,Directed
21.0_-111.0,22.0_-111.0,110.00,Directed
21.0_-111.0,22.0_-110.0,155.56,Directed
-25.0_-34.0,-26.0_-35.0,155.56,Directed
40.0_-126.0,39.0_-126.0,110.00,Directed
40.0_-126.0,39.0_-125.0,155.56,Directed
40.0_-126.0,40.0_-127.0,110.00,Directed
40.0_-126.0,41.0_-127.0,155.56,Directed
45.0_-60.0,44.0_-61.0,155.56,Directed
45.0_-60.0,44.0_-60.0,110.00,Directed
45.0_-60.0,44.0_-59.0,155.56,Directed
45.0_-60.0,45.0_-61.0,110.00,Directed
45.0_-60.0,45.0_-59.0,110.00,Directed
45.0_-60.0,46.0_-59.0,155.56,Directed
9.0_-121.0,8.0_-122.0,155.56,Directed
9.0_-121.0,8.0_-121.0,110.00,Directed
9.0_-121.0,8.0_-120.0,155.56,Directed
9.0_-121.0,9.0_-122.0,110.00,Directed
9.0_-121.0,9.0_-120.0,110.00,Directed
9.0_-121.0,10.0_-122.0,155.56,Directed
61.0_-7.0,60.0_-7.0,110.00,Directed
61.0_-7.0,60.0_-6.0,155.56,Directed
76.0_14.0,75.0_13.0,155.56,Directed
76.0_14.0,76.0_13.0,110.00,Directed
53.0_-16.0,53.0_-17.0,110.00,Directed
53.0_-16.0,53.0_-15.0,110.00,Directed
53.0_-16.0,54.0_-16.0,110.00,Directed
53.0_-16.0,54.0_-15.0,155.56,Directed
44.0_-65.0,43.0_-66.0,155.56,Directed
44.0_-65.0,43.0_-65.0,110.00,Directed
44.0_-65.0,43.0_-64.0,155.56,Directed
44.0_-65.0,44.0_-64.0,110.00,Directed
5.0_-162.0,4.0_-161.0,155.56,Directed
5.0_-162.0,5.0_-163.0,110.00,Directed
5.0_-162.0,6.0_-163.0,155.56,Directed
5.0_-162.0,6.0_-162.0,110.00,Directed
5.0_-162.0,6.0_-161.0,155.56,Directed
54.0_-11.0,53.0_-12.0,155.56,Directed
54.0_-11.0,53.0_-11.0,110.00,Directed
54.0_-11.0,53.0_-10.0,155.56,Directed
54.0_-11.0,54.0_-12.0,110.00,Directed
54.0_-11.0,54.0_-10.0,110.00,Directed
54.0_-11.0,55.0_-12.0,155.56,Directed
54.0_-11.0,55.0_-11.0,110.00,Directed
54.0_-11.0,55.0_-10.0,155.56,Directed
31.0_-69.0,30.0_-70.0,155.56,Directed
31.0_-69.0,30.0_-69.0,110.00,Directed
31.0_-69.0,30.0_-68.0,155.56,Directed
31.0_-69.0,31.0_-70.0,110.00,Directed
31.0_-69.0,31.0_-68.0,110.00,Directed
31.0_-69.0,32.0_-70.0,155.56,Directed
31.0_-69.0,32.0_-69.0,110.00,Directed
31.0_-69.0,32.0_-68.0,155.56,Directed
3.0_-125.0,2.0_-126.0,155.56,Directed
3.0_-125.0,3.0_-126.0,110.00,Directed
3.0_-125.0,3.0_-124.0,110.00,Directed
3.0_-125.0,4.0_-125.0,110.00,Directed
3.0_-125.0,4.0_-124.0,155.56,Directed
40.0_-73.0,39.0_-74.0,155.56,Directed
40.0_-73.0,39.0_-73.0,110.00,Directed
40.0_-73.0,39.0_-72.0,155.56,Directed
40.0_-73.0,40.0_-74.0,110.00,Directed
40.0_-73.0,40.0_-72.0,110.00,Directed
40.0_-73.0,41.0_-72.0,155.56,Directed
32.0_-64.0,31.0_-65.0,155.56,Directed
32.0_-64.0,31.0_-64.0,110.00,Directed
32.0_-64.0,31.0_-63.0,155.56,Directed
32.0_-64.0,32.0_-65.0,110.00,Directed
32.0_-64.0,32.0_-63.0,110.00,Directed
32.0_-64.0,33.0_-65.0,155.56,Directed
32.0_-64.0,33.0_-64.0,110.00,Directed
32.0_-64.0,33.0_-63.0,155.56,Directed
-13.0_129.0,-13.0_130.0,110.00,Directed
28.0_-118.0,27.0_-118.0,110.00,Directed
28.0_-118.0,27.0_-117.0,155.56,Directed
28.0_-118.0,28.0_-119.0,110.00,Directed
28.0_-118.0,28.0_-117.0,110.00,Directed
28.0_-118.0,29.0_-119.0,155.56,Directed
28.0_-118.0,29.0_-118.0,110.00,Directed
36.0_22.0,35.0_23.0,155.56,Directed
36.0_22.0,36.0_21.0,110.00,Directed
36.0_22.0,36.0_23.0,110.00,Directed
36.0_22.0,37.0_23.0,155.56,Directed
6.0_-88.0,5.0_-88.0,110.00,Directed
6.0_-88.0,5.0_-87.0,155.56,Directed
6.0_-88.0,6.0_-87.0,110.00,Directed
6.0_-88.0,7.0_-88.0,110.00,Directed
6.0_-88.0,7.0_-87.0,155.56,Directed
-35.0_-37.0,-35.0_-38.0,110.00,Directed
-35.0_-37.0,-34.0_-36.0,155.56,Directed
31.0_-157.0,30.0_-158.0,155.56,Directed
31.0_-157.0,30.0_-157.0,110.00,Directed
31.0_-157.0,30.0_-156.0,155.56,Directed
31.0_-157.0,31.0_-158.0,110.00,Directed
31.0_-157.0,31.0_-156.0,110.00,Directed
31.0_-157.0,32.0_-158.0,155.56,Directed
31.0_-157.0,32.0_-157.0,110.00,Directed
31.0_-157.0,32.0_-156.0,155.56,Directed
6.0_-138.0,5.0_-138.0,110.00,Directed
6.0_-138.0,5.0_-137.0,155.56,Directed
6.0_-138.0,7.0_-139.0,155.56,Directed
24.0_-159.0,23.0_-159.0,110.00,Directed
24.0_-159.0,23.0_-158.0,155.56,Directed
24.0_-159.0,24.0_-158.0,110.00,Directed
24.0_-159.0,25.0_-160.0,155.56,Directed
24.0_-159.0,25.0_-159.0,110.00,Directed
24.0_-159.0,25.0_-158.0,155.56,Directed
29.0_-77.0,28.0_-78.0,155.56,Directed
29.0_-77.0,28.0_-77.0,110.00,Directed
29.0_-77.0,28.0_-76.0,155.56,Directed
29.0_-77.0,29.0_-78.0,110.00,Directed
29.0_-77.0,29.0_-76.0,110.00,Directed
29.0_-77.0,30.0_-78.0,155.56,Directed
29.0_-77.0,30.0_-77.0,110.00,Directed
29.0_-77.0,30.0_-76.0,155.56,Directed
41.0_151.0,41.0_150.0,110.00,Directed
41.0_151.0,42.0_151.0,110.00,Directed
41.0_151.0,42.0_152.0,155.56,Directed
31.0_-144.0,30.0_-145.0,155.56,Directed
31.0_-144.0,30.0_-144.0,110.00,Directed
31.0_-144.0,30.0_-143.0,155.56,Directed
31.0_-144.0,32.0_-145.0,155.56,Directed
24.0_-77.0,23.0_-77.0,110.00,Directed
24.0_-77.0,23.0_-76.0,155.56,Directed
24.0_-77.0,24.0_-78.0,110.00,Directed
24.0_-77.0,24.0_-76.0,110.00,Directed
24.0_-77.0,25.0_-78.0,155.56,Directed
24.0_-77.0,25.0_-77.0,110.00,Directed
24.0_-77.0,25.0_-76.0,155.56,Directed
-17.0_-149.0,-18.0_-150.0,155.56,Directed
-17.0_-149.0,-17.0_-150.0,110.00,Directed
-17.0_-149.0,-17.0_-148.0,110.00,Directed
-17.0_-149.0,-16.0_-150.0,155.56,Directed
-17.0_-149.0,-16.0_-149.0,110.00,Directed
-17.0_-149.0,-16.0_-148.0,155.56,Directed
-27.0_-112.0,-28.0_-111.0,155.56,Directed
-27.0_-112.0,-27.0_-113.0,110.00,Directed
15.0_-116.0,14.0_-116.0,110.00,Directed
15.0_-116.0,14.0_-115.0,155.56,Directed
15.0_-116.0,15.0_-117.0,110.00,Directed
15.0_-116.0,16.0_-117.0,155.56,Directed
15.0_-116.0,16.0_-115.0,155.56,Directed
-18.0_95.0,-19.0_94.0,155.56,Directed
-18.0_95.0,-19.0_95.0,110.00,Directed
-18.0_95.0,-19.0_96.0,155.56,Directed
19.0_-61.0,18.0_-62.0,155.56,Directed
19.0_-61.0,18.0_-61.0,110.00,Directed
19.0_-61.0,18.0_-60.0,155.56,Directed
19.0_-61.0,19.0_-62.0,110.00,Directed
19.0_-61.0,19.0_-60.0,110.00,Directed
19.0_-61.0,20.0_-61.0,110.00,Directed
19.0_-61.0,20.0_-60.0,155.56,Directed
27.0_131.0,27.0_130.0,110.00,Directed
27.0_131.0,28.0_130.0,155.56,Directed
27.0_131.0,28.0_131.0,110.00,Directed
-13.0_88.0,-14.0_87.0,155.56,Directed
-13.0_88.0,-14.0_89.0,155.56,Directed
-13.0_88.0,-13.0_87.0,110.00,Directed
-13.0_88.0,-12.0_87.0,155.56,Directed
33.0_-128.0,32.0_-129.0,155.56,Directed
33.0_-128.0,32.0_-128.0,110.00,Directed
33.0_-128.0,32.0_-127.0,155.56,Directed
33.0_-128.0,33.0_-127.0,110.00,Directed
17.0_141.0,18.0_141.0,110.00,Directed
32.0_-138.0,31.0_-138.0,110.00,Directed
32.0_-138.0,32.0_-139.0,110.00,Directed
32.0_-138.0,32.0_-137.0,110.00,Directed
32.0_-138.0,33.0_-139.0,155.56,Directed
32.0_-138.0,33.0_-137.0,155.56,Directed
28.0_-69.0,27.0_-70.0,155.56,Directed
28.0_-69.0,27.0_-69.0,110.00,Directed
28.0_-69.0,27.0_-68.0,155.56,Directed
28.0_-69.0,28.0_-70.0,110.00,Directed
28.0_-69.0,28.0_-68.0,110.00,Directed
28.0_-69.0,29.0_-70.0,155.56,Directed
28.0_-69.0,29.0_-69.0,110.00,Directed
28.0_-69.0,29.0_-68.0,155.56,Directed
14.0_-113.0,13.0_-114.0,155.56,Directed
14.0_-113.0,13.0_-113.0,110.00,Directed
14.0_-113.0,14.0_-114.0,110.00,Directed
14.0_-113.0,14.0_-112.0,110.00,Directed
14.0_-113.0,15.0_-114.0,155.56,Directed
14.0_-113.0,15.0_-113.0,110.00,Directed
14.0_-113.0,15.0_-112.0,155.56,Directed
39.0_-71.0,38.0_-72.0,155.56,Directed
39.0_-71.0,38.0_-71.0,110.00,Directed
39.0_-71.0,38.0_-70.0,155.56,Directed
39.0_-71.0,39.0_-72.0,110.00,Directed
39.0_-71.0,39.0_-70.0,110.00,Directed
39.0_-71.0,40.0_-72.0,155.56,Directed
39.0_-71.0,40.0_-71.0,110.00,Directed
39.0_-71.0,40.0_-70.0,155.56,Directed
25.0_-85.0,24.0_-86.0,155.56,Directed
25.0_-85.0,24.0_-85.0,110.00,Directed
25.0_-85.0,24.0_-84.0,155.56,Directed
25.0_-85.0,25.0_-84.0,110.00,Directed
-2.0_-142.0,-3.0_-143.0,155.56,Directed
-2.0_-142.0,-3.0_-142.0,110.00,Directed
-2.0_-142.0,-3.0_-141.0,155.56,Directed
-2.0_-142.0,-2.0_-143.0,110.00,Directed
-2.0_-142.0,-2.0_-141.0,110.00,Directed
-2.0_-142.0,-1.0_-143.0,155.56,Directed
-2.0_-142.0,-1.0_-142.0,110.00,Directed
-2.0_-142.0,-1.0_-141.0,155.56,Directed
39.0_-141.0,38.0_-142.0,155.56,Directed
39.0_-141.0,38.0_-140.0,155.56,Directed
39.0_-141.0,39.0_-142.0,110.00,Directed
39.0_-141.0,39.0_-140.0,110.00,Directed
39.0_-141.0,40.0_-142.0,155.56,Directed
39.0_-141.0,40.0_-141.0,110.00,Directed
39.0_-141.0,40.0_-140.0,155.56,Directed
-34.0_-82.0,-34.0_-83.0,110.00,Directed
-42.0_152.0,-43.0_152.0,110.00,Directed
-42.0_152.0,-42.0_153.0,110.00,Directed
-42.0_152.0,-41.0_153.0,155.56,Directed
36.0_-69.0,35.0_-70.0,155.56,Directed
36.0_-69.0,35.0_-69.0,110.00,Directed
36.0_-69.0,35.0_-68.0,155.56,Directed
36.0_-69.0,36.0_-70.0,110.00,Directed
36.0_-69.0,36.0_-68.0,110.00,Directed
36.0_-69.0,37.0_-70.0,155.56,Directed
36.0_-69.0,37.0_-69.0,110.00,Directed
36.0_-69.0,37.0_-68.0,155.56,Directed
31.0_-56.0,30.0_-57.0,155.56,Directed
31.0_-56.0,30.0_-56.0,110.00,Directed
31.0_-56.0,31.0_-57.0,110.00,Directed
43.0_-2.0,43.0_-3.0,110.00,Directed
43.0_-2.0,44.0_-3.0,155.56,Directed
43.0_-2.0,44.0_-2.0,110.00,Directed
34.0_-122.0,33.0_-123.0,155.56,Directed
34.0_-122.0,33.0_-122.0,110.00,Directed
34.0_-122.0,33.0_-121.0,155.56,Directed
34.0_-122.0,34.0_-123.0,110.00,Directed
34.0_-122.0,34.0_-121.0,110.00,Directed
34.0_-122.0,35.0_-123.0,155.56,Directed
34.0_-122.0,35.0_-122.0,110.00,Directed
34.0_-122.0,35.0_-121.0,155.56,Directed
27.0_-39.0,26.0_-38.0,155.56,Directed
27.0_-39.0,27.0_-38.0,110.00,Directed
27.0_-39.0,28.0_-39.0,110.00,Directed
27.0_-39.0,28.0_-38.0,155.56,Directed
56.0_-6.0,55.0_-7.0,155.56,Directed
56.0_-6.0,55.0_-6.0,110.00,Directed
56.0_-6.0,55.0_-5.0,155.56,Directed
56.0_-6.0,56.0_-7.0,110.00,Directed
56.0_-6.0,56.0_-5.0,110.00,Directed
56.0_-6.0,57.0_-7.0,155.56,Directed
56.0_-6.0,57.0_-6.0,110.00,Directed
21.0_-155.0,20.0_-156.0,155.56,Directed
21.0_-155.0,20.0_-154.0,155.56,Directed
21.0_-155.0,21.0_-156.0,110.00,Directed
21.0_-155.0,21.0_-154.0,110.00,Directed
21.0_-155.0,22.0_-156.0,155.56,Directed
21.0_-155.0,22.0_-155.0,110.00,Directed
23.0_-161.0,22.0_-162.0,155.56,Directed
23.0_-161.0,22.0_-161.0,110.00,Directed
23.0_-161.0,22.0_-160.0,155.56,Directed
13.0_-150.0,12.0_-151.0,155.56,Directed
13.0_-150.0,12.0_-150.0,110.00,Directed
13.0_-150.0,12.0_-149.0,155.56,Directed
13.0_-150.0,13.0_-151.0,110.00,Directed
13.0_-150.0,14.0_-151.0,155.56,Directed
13.0_-150.0,14.0_-149.0,155.56,Directed
40.0_7.0,39.0_6.0,155.56,Directed
40.0_7.0,39.0_7.0,110.00,Directed
40.0_7.0,39.0_8.0,155.56,Directed
40.0_7.0,40.0_8.0,110.00,Directed
40.0_7.0,41.0_7.0,110.00,Directed
40.0_7.0,41.0_8.0,155.56,Directed
10.0_-141.0,9.0_-140.0,155.56,Directed
10.0_-141.0,10.0_-142.0,110.00,Directed
10.0_-141.0,11.0_-142.0,155.56,Directed
6.0_-125.0,5.0_-126.0,155.56,Directed
6.0_-125.0,7.0_-124.0,155.56,Directed
6.0_94.0,6.0_93.0,110.00,Directed
6.0_94.0,6.0_95.0,110.00,Directed
-28.0_-14.0,-29.0_-15.0,155.56,Directed
-28.0_-14.0,-28.0_-15.0,110.00,Directed
-28.0_-14.0,-27.0_-13.0,155.56,Directed
-35.0_3.0,-35.0_4.0,110.00,Directed
-35.0_3.0,-34.0_2.0,155.56,Directed
73.0_66.0,72.0_65.0,155.56,Directed
40.0_-139.0,39.0_-140.0,155.56,Directed
40.0_-139.0,39.0_-139.0,110.00,Directed
40.0_-139.0,39.0_-138.0,155.56,Directed
40.0_-139.0,40.0_-140.0,110.00,Directed
40.0_-139.0,41.0_-138.0,155.56,Directed
16.0_-163.0,15.0_-163.0,110.00,Directed
16.0_-163.0,15.0_-162.0,155.56,Directed
40.0_143.0,39.0_142.0,155.56,Directed
40.0_143.0,39.0_143.0,110.00,Directed
40.0_143.0,40.0_142.0,110.00,Directed
40.0_143.0,40.0_144.0,110.00,Directed
40.0_143.0,41.0_142.0,155.56,Directed
40.0_143.0,41.0_143.0,110.00,Directed
40.0_143.0,41.0_144.0,155.56,Directed
28.0_-38.0,27.0_-39.0,155.56,Directed
28.0_-38.0,27.0_-38.0,110.00,Directed
28.0_-38.0,28.0_-39.0,110.00,Directed
28.0_-38.0,29.0_-38.0,110.00,Directed
33.0_133.0,32.0_132.0,155.56,Directed
33.0_133.0,32.0_133.0,110.00,Directed
33.0_133.0,33.0_132.0,110.00,Directed
33.0_133.0,33.0_134.0,110.00,Directed
33.0_133.0,34.0_132.0,155.56,Directed
33.0_133.0,34.0_133.0,110.00,Directed
33.0_133.0,34.0_134.0,155.56,Directed
23.0_-108.0,22.0_-109.0,155.56,Directed
23.0_-108.0,22.0_-108.0,110.00,Directed
23.0_-108.0,22.0_-107.0,155.56,Directed
23.0_-108.0,23.0_-109.0,110.00,Directed
23.0_-108.0,24.0_-109.0,155.56,Directed
35.0_140.0,34.0_139.0,155.56,Directed
35.0_140.0,34.0_140.0,110.00,Directed
35.0_140.0,35.0_139.0,110.00,Directed
35.0_140.0,35.0_141.0,110.00,Directed
35.0_140.0,36.0_140.0,110.00,Directed
35.0_140.0,36.0_141.0,155.56,Directed
28.0_130.0,27.0_129.0,155.56,Directed
28.0_130.0,27.0_130.0,110.00,Directed
28.0_130.0,27.0_131.0,155.56,Directed
28.0_130.0,28.0_129.0,110.00,Directed
28.0_130.0,28.0_131.0,110.00,Directed
28.0_130.0,29.0_129.0,155.56,Directed
28.0_130.0,29.0_131.0,155.56,Directed
22.0_-127.0,23.0_-128.0,155.56,Directed
22.0_-127.0,23.0_-127.0,110.00,Directed
59.0_-11.0,58.0_-12.0,155.56,Directed
59.0_-11.0,58.0_-11.0,110.00,Directed
59.0_-11.0,58.0_-10.0,155.56,Directed
59.0_-11.0,59.0_-12.0,110.00,Directed
59.0_-11.0,59.0_-10.0,110.00,Directed
38.0_-138.0,37.0_-139.0,155.56,Directed
38.0_-138.0,38.0_-139.0,110.00,Directed
38.0_-138.0,38.0_-137.0,110.00,Directed
38.0_-138.0,39.0_-139.0,155.56,Directed
38.0_-138.0,39.0_-138.0,110.00,Directed
38.0_-138.0,39.0_-137.0,155.56,Directed
9.0_-147.0,8.0_-148.0,155.56,Directed
9.0_-147.0,8.0_-147.0,110.00,Directed
9.0_-147.0,8.0_-146.0,155.56,Directed
9.0_-147.0,9.0_-146.0,110.00,Directed
9.0_-147.0,10.0_-148.0,155.56,Directed
9.0_-147.0,10.0_-147.0,110.00,Directed
9.0_-147.0,10.0_-146.0,155.56,Directed
-11.0_-145.0,-12.0_-146.0,155.56,Directed
-11.0_-145.0,-12.0_-145.0,110.00,Directed
-11.0_-145.0,-12.0_-144.0,155.56,Directed
-11.0_-145.0,-11.0_-146.0,110.00,Directed
-11.0_-145.0,-11.0_-144.0,110.00,Directed
-11.0_-145.0,-10.0_-145.0,110.00,Directed
-8.0_95.0,-8.0_94.0,110.00,Directed
-8.0_95.0,-7.0_95.0,110.00,Directed
-25.0_104.0,-26.0_104.0,110.00,Directed
-25.0_104.0,-26.0_105.0,155.56,Directed
-25.0_104.0,-25.0_105.0,110.00,Directed
14.0_-157.0,13.0_-158.0,155.56,Directed
14.0_-157.0,13.0_-157.0,110.00,Directed
14.0_-157.0,14.0_-158.0,110.00,Directed
14.0_-157.0,15.0_-158.0,155.56,Directed
14.0_-157.0,15.0_-156.0,155.56,Directed
15.0_-82.0,14.0_-82.0,110.00,Directed
15.0_-82.0,16.0_-83.0,155.56,Directed
15.0_-82.0,16.0_-82.0,110.00,Directed
15.0_-82.0,16.0_-81.0,155.56,Directed
37.0_138.0,36.0_137.0,155.56,Directed
37.0_138.0,37.0_137.0,110.00,Directed
37.0_138.0,38.0_137.0,155.56,Directed
37.0_138.0,38.0_138.0,110.00,Directed
37.0_138.0,38.0_139.0,155.56,Directed
41.0_7.0,40.0_7.0,110.00,Directed
41.0_7.0,40.0_8.0,155.56,Directed
41.0_7.0,41.0_8.0,110.00,Directed
41.0_7.0,42.0_6.0,155.56,Directed
41.0_7.0,42.0_7.0,110.00,Directed
41.0_7.0,42.0_8.0,155.56,Directed
-6.0_-158.0,-7.0_-158.0,110.00,Directed
-6.0_-158.0,-6.0_-157.0,110.00,Directed
-6.0_-158.0,-5.0_-158.0,110.00,Directed
-6.0_-158.0,-5.0_-157.0,155.56,Directed
-25.0_-9.0,-26.0_-10.0,155.56,Directed
-25.0_-9.0,-25.0_-8.0,110.00,Directed
19.0_-74.0,18.0_-75.0,155.56,Directed
19.0_-74.0,19.0_-75.0,110.00,Directed
19.0_-74.0,19.0_-73.0,110.00,Directed
19.0_-74.0,20.0_-75.0,155.56,Directed
19.0_-74.0,20.0_-74.0,110.00,Directed
19.0_-74.0,20.0_-73.0,155.56,Directed
-9.0_-136.0,-10.0_-137.0,155.56,Directed
-9.0_-136.0,-8.0_-137.0,155.56,Directed
-9.0_-136.0,-8.0_-136.0,110.00,Directed
13.0_-163.0,12.0_-163.0,110.00,Directed
13.0_-163.0,12.0_-162.0,155.56,Directed
13.0_-163.0,14.0_-163.0,110.00,Directed
13.0_-163.0,14.0_-162.0,155.56,Directed
30.0_-57.0,29.0_-58.0,155.56,Directed
30.0_-57.0,29.0_-57.0,110.00,Directed
30.0_-57.0,29.0_-56.0,155.56,Directed
30.0_-57.0,30.0_-58.0,110.00,Directed
30.0_-57.0,30.0_-56.0,110.00,Directed
30.0_-57.0,31.0_-58.0,155.56,Directed
30.0_-57.0,31.0_-57.0,110.00,Directed
30.0_-57.0,31.0_-56.0,155.56,Directed
47.0_-58.0,46.0_-59.0,155.56,Directed
47.0_-58.0,46.0_-58.0,110.00,Directed
47.0_-58.0,46.0_-57.0,155.56,Directed
47.0_-58.0,47.0_-57.0,110.00,Directed
32.0_-125.0,31.0_-125.0,110.00,Directed
32.0_-125.0,31.0_-124.0,155.56,Directed
32.0_-125.0,32.0_-126.0,110.00,Directed
32.0_-125.0,32.0_-124.0,110.00,Directed
32.0_-125.0,33.0_-126.0,155.56,Directed
32.0_-125.0,33.0_-125.0,110.00,Directed
32.0_-125.0,33.0_-124.0,155.56,Directed
20.0_-108.0,19.0_-109.0,155.56,Directed
20.0_-108.0,19.0_-108.0,110.00,Directed
20.0_-108.0,19.0_-107.0,155.56,Directed
20.0_-108.0,20.0_-109.0,110.00,Directed
20.0_-108.0,20.0_-107.0,110.00,Directed
20.0_-108.0,21.0_-109.0,155.56,Directed
20.0_-108.0,21.0_-108.0,110.00,Directed
20.0_-108.0,21.0_-107.0,155.56,Directed
-12.0_-139.0,-13.0_-140.0,155.56,Directed
-12.0_-139.0,-11.0_-140.0,155.56,Directed
-12.0_-139.0,-11.0_-138.0,155.56,Directed
26.0_-57.0,25.0_-58.0,155.56,Directed
26.0_-57.0,25.0_-57.0,110.00,Directed
26.0_-57.0,25.0_-56.0,155.56,Directed
26.0_-57.0,26.0_-58.0,110.00,Directed
26.0_-57.0,26.0_-56.0,110.00,Directed
26.0_-57.0,27.0_-58.0,155.56,Directed
26.0_-57.0,27.0_-57.0,110.00,Directed
26.0_-57.0,27.0_-56.0,155.56,Directed
14.0_132.0,13.0_133.0,155.56,Directed
14.0_132.0,14.0_131.0,110.00,Directed
14.0_132.0,15.0_131.0,155.56,Directed
22.0_-168.0,23.0_-169.0,155.56,Directed
5.0_-128.0,4.0_-128.0,110.00,Directed
5.0_-128.0,4.0_-127.0,155.56,Directed
5.0_-128.0,5.0_-129.0,110.00,Directed
5.0_-128.0,5.0_-127.0,110.00,Directed
50.0_-133.0,50.0_-132.0,110.00,Directed
50.0_-133.0,51.0_-133.0,110.00,Directed
50.0_-133.0,51.0_-132.0,155.56,Directed
35.0_-61.0,34.0_-62.0,155.56,Directed
35.0_-61.0,34.0_-61.0,110.00,Directed
35.0_-61.0,34.0_-60.0,155.56,Directed
35.0_-61.0,35.0_-62.0,110.00,Directed
35.0_-61.0,35.0_-60.0,110.00,Directed
35.0_-61.0,36.0_-61.0,110.00,Directed
35.0_-61.0,36.0_-60.0,155.56,Directed
19.0_-156.0,18.0_-157.0,155.56,Directed
19.0_-156.0,18.0_-156.0,110.00,Directed
19.0_-156.0,19.0_-157.0,110.00,Directed
19.0_-156.0,19.0_-155.0,110.00,Directed
19.0_-156.0,20.0_-157.0,155.56,Directed
19.0_-156.0,20.0_-156.0,110.00,Directed
44.0_-69.0,43.0_-70.0,155.56,Directed
44.0_-69.0,43.0_-69.0,110.00,Directed
44.0_-69.0,43.0_-68.0,155.56,Directed
44.0_-69.0,44.0_-70.0,110.00,Directed
44.0_-69.0,44.0_-68.0,110.00,Directed
25.0_130.0,25.0_131.0,110.00,Directed
55.0_-10.0,54.0_-11.0,155.56,Directed
55.0_-10.0,54.0_-10.0,110.00,Directed
55.0_-10.0,54.0_-9.0,155.56,Directed
55.0_-10.0,55.0_-11.0,110.00,Directed
55.0_-10.0,55.0_-9.0,110.00,Directed
55.0_-10.0,56.0_-11.0,155.56,Directed
55.0_-10.0,56.0_-10.0,110.00,Directed
55.0_-10.0,56.0_-9.0,155.56,Directed
34.0_-131.0,33.0_-132.0,155.56,Directed
34.0_-131.0,35.0_-130.0,155.56,Directed
-15.0_-146.0,-15.0_-147.0,110.00,Directed
-15.0_-146.0,-15.0_-145.0,110.00,Directed
-15.0_-146.0,-14.0_-147.0,155.56,Directed
-15.0_-146.0,-14.0_-146.0,110.00,Directed
-15.0_-146.0,-14.0_-145.0,155.56,Directed
2.0_139.0,2.0_140.0,110.00,Directed
2.0_139.0,3.0_140.0,155.56,Directed
-21.0_-6.0,-20.0_-6.0,110.00,Directed
-36.0_150.0,-37.0_151.0,155.56,Directed
-1.0_-129.0,-2.0_-130.0,155.56,Directed
-1.0_-129.0,-1.0_-130.0,110.00,Directed
-1.0_-129.0,0.0_-130.0,155.56,Directed
-1.0_-129.0,0.0_-129.0,110.00,Directed
-1.0_-129.0,0.0_-128.0,155.56,Directed
34.0_138.0,33.0_137.0,155.56,Directed
34.0_138.0,33.0_138.0,110.00,Directed
34.0_138.0,33.0_139.0,155.56,Directed
34.0_138.0,34.0_137.0,110.00,Directed
34.0_138.0,34.0_139.0,110.00,Directed
34.0_138.0,35.0_138.0,110.00,Directed
34.0_138.0,35.0_139.0,155.56,Directed
17.0_132.0,16.0_131.0,155.56,Directed
17.0_132.0,16.0_132.0,110.00,Directed
17.0_132.0,17.0_131.0,110.00,Directed
17.0_132.0,18.0_132.0,110.00,Directed
10.0_-135.0,9.0_-135.0,110.00,Directed
10.0_-135.0,10.0_-136.0,110.00,Directed
10.0_-135.0,10.0_-134.0,110.00,Directed
10.0_-135.0,11.0_-136.0,155.56,Directed
10.0_-135.0,11.0_-135.0,110.00,Directed
10.0_-135.0,11.0_-134.0,155.56,Directed
30.0_-58.0,29.0_-59.0,155.56,Directed
30.0_-58.0,29.0_-58.0,110.00,Directed
30.0_-58.0,29.0_-57.0,155.56,Directed
30.0_-58.0,30.0_-59.0,110.00,Directed
30.0_-58.0,30.0_-57.0,110.00,Directed
30.0_-58.0,31.0_-58.0,110.00,Directed
30.0_-58.0,31.0_-57.0,155.56,Directed
1.0_-160.0,0.0_-161.0,155.56,Directed
1.0_-160.0,0.0_-160.0,110.00,Directed
1.0_-160.0,0.0_-159.0,155.56,Directed
1.0_-160.0,1.0_-161.0,110.00,Directed
1.0_-160.0,1.0_-159.0,110.00,Directed
1.0_-160.0,2.0_-161.0,155.56,Directed
1.0_-160.0,2.0_-160.0,110.00,Directed
1.0_-160.0,2.0_-159.0,155.56,Directed
37.0_-160.0,36.0_-161.0,155.56,Directed
37.0_-160.0,38.0_-160.0,110.00,Directed
20.0_-109.0,19.0_-110.0,155.56,Directed
20.0_-109.0,19.0_-109.0,110.00,Directed
20.0_-109.0,19.0_-108.0,155.56,Directed
20.0_-109.0,20.0_-110.0,110.00,Directed
20.0_-109.0,20.0_-108.0,110.00,Directed
20.0_-109.0,21.0_-110.0,155.56,Directed
20.0_-109.0,21.0_-109.0,110.00,Directed
20.0_-109.0,21.0_-108.0,155.56,Directed
37.0_18.0,38.0_18.0,110.00,Directed
-56.0_134.0,-55.0_133.0,155.56,Directed
-56.0_134.0,-55.0_134.0,110.00,Directed
33.0_-152.0,32.0_-152.0,110.00,Directed
36.0_15.0,37.0_15.0,110.00,Directed
42.0_7.0,41.0_7.0,110.00,Directed
42.0_7.0,41.0_8.0,155.56,Directed
42.0_7.0,42.0_6.0,110.00,Directed
42.0_7.0,42.0_8.0,110.00,Directed
42.0_7.0,43.0_6.0,155.56,Directed
42.0_7.0,43.0_7.0,110.00,Directed
42.0_7.0,43.0_8.0,155.56,Directed
-3.0_-144.0,-4.0_-143.0,155.56,Directed
-3.0_-144.0,-3.0_-143.0,110.00,Directed
-3.0_-144.0,-2.0_-145.0,155.56,Directed
-3.0_-144.0,-2.0_-144.0,110.00,Directed
-3.0_-144.0,-2.0_-143.0,155.56,Directed
31.0_-64.0,30.0_-65.0,155.56,Directed
31.0_-64.0,30.0_-64.0,110.00,Directed
31.0_-64.0,30.0_-63.0,155.56,Directed
31.0_-64.0,31.0_-65.0,110.00,Directed
31.0_-64.0,31.0_-63.0,110.00,Directed
31.0_-64.0,32.0_-65.0,155.56,Directed
31.0_-64.0,32.0_-64.0,110.00,Directed
31.0_-64.0,32.0_-63.0,155.56,Directed
14.0_-143.0,14.0_-144.0,110.00,Directed
14.0_-143.0,14.0_-142.0,110.00,Directed
14.0_-143.0,15.0_-144.0,155.56,Directed
52.0_-10.0,51.0_-11.0,155.56,Directed
52.0_-10.0,51.0_-10.0,110.00,Directed
52.0_-10.0,51.0_-9.0,155.56,Directed
52.0_-10.0,52.0_-11.0,110.00,Directed
52.0_-10.0,53.0_-11.0,155.56,Directed
52.0_-10.0,53.0_-10.0,110.00,Directed
41.0_-151.0,40.0_-152.0,155.56,Directed
41.0_-151.0,40.0_-151.0,110.00,Directed
41.0_-151.0,40.0_-150.0,155.56,Directed
41.0_-151.0,41.0_-150.0,110.00,Directed
32.0_-160.0,31.0_-161.0,155.56,Directed
32.0_-160.0,31.0_-160.0,110.00,Directed
32.0_-160.0,31.0_-159.0,155.56,Directed
32.0_-160.0,32.0_-161.0,110.00,Directed
32.0_-160.0,32.0_-159.0,110.00,Directed
32.0_-160.0,33.0_-161.0,155.56,Directed
32.0_-160.0,33.0_-160.0,110.00,Directed
1.0_-90.0,0.0_-90.0,110.00,Directed
1.0_-90.0,1.0_-91.0,110.00,Directed
0.0_-128.0,-1.0_-129.0,155.56,Directed
0.0_-128.0,-1.0_-127.0,155.56,Directed
0.0_-128.0,0.0_-129.0,110.00,Directed
0.0_-128.0,1.0_-129.0,155.56,Directed
0.0_-128.0,1.0_-128.0,110.00,Directed
0.0_-128.0,1.0_-127.0,155.56,Directed
32.0_-61.0,31.0_-62.0,155.56,Directed
32.0_-61.0,31.0_-61.0,110.00,Directed
32.0_-61.0,31.0_-60.0,155.56,Directed
32.0_-61.0,32.0_-62.0,110.00,Directed
32.0_-61.0,33.0_-62.0,155.56,Directed
32.0_-61.0,33.0_-61.0,110.00,Directed
32.0_-61.0,33.0_-60.0,155.56,Directed
23.0_-57.0,22.0_-58.0,155.56,Directed
23.0_-57.0,22.0_-57.0,110.00,Directed
23.0_-57.0,23.0_-58.0,110.00,Directed
23.0_-57.0,24.0_-58.0,155.56,Directed
23.0_-57.0,24.0_-57.0,110.00,Directed
26.0_-44.0,27.0_-45.0,155.56,Directed
26.0_-44.0,27.0_-43.0,155.56,Directed
33.0_-58.0,32.0_-59.0,155.56,Directed
33.0_-58.0,32.0_-58.0,110.00,Directed
33.0_-58.0,33.0_-59.0,110.00,Directed
33.0_-58.0,34.0_-59.0,155.56,Directed
33.0_-58.0,34.0_-58.0,110.00,Directed
41.0_-69.0,40.0_-70.0,155.56,Directed
41.0_-69.0,40.0_-69.0,110.00,Directed
41.0_-69.0,40.0_-68.0,155.56,Directed
41.0_-69.0,41.0_-70.0,110.00,Directed
41.0_-69.0,41.0_-68.0,110.00,Directed
41.0_-69.0,42.0_-70.0,155.56,Directed
41.0_-69.0,42.0_-69.0,110.00,Directed
41.0_-69.0,42.0_-68.0,155.56,Directed
51.0_-13.0,50.0_-13.0,110.00,Directed
51.0_-13.0,50.0_-12.0,155.56,Directed
51.0_-13.0,51.0_-14.0,110.00,Directed
51.0_-13.0,51.0_-12.0,110.00,Directed
51.0_-13.0,52.0_-14.0,155.56,Directed
51.0_-13.0,52.0_-13.0,110.00,Directed
51.0_-13.0,52.0_-12.0,155.56,Directed
22.0_-155.0,21.0_-156.0,155.56,Directed
22.0_-155.0,21.0_-155.0,110.00,Directed
22.0_-155.0,21.0_-154.0,155.56,Directed
22.0_-155.0,22.0_-156.0,110.00,Directed
22.0_-155.0,23.0_-156.0,155.56,Directed
22.0_-155.0,23.0_-154.0,155.56,Directed
-17.0_145.0,-16.0_145.0,110.00,Directed
42.0_-62.0,41.0_-63.0,155.56,Directed
42.0_-62.0,41.0_-62.0,110.00,Directed
42.0_-62.0,42.0_-63.0,110.00,Directed
42.0_-62.0,42.0_-61.0,110.00,Directed
42.0_-62.0,43.0_-63.0,155.56,Directed
42.0_-62.0,43.0_-62.0,110.00,Directed
42.0_-62.0,43.0_-61.0,155.56,Directed
30.0_-158.0,29.0_-159.0,155.56,Directed
30.0_-158.0,29.0_-158.0,110.00,Directed
30.0_-158.0,29.0_-157.0,155.56,Directed
30.0_-158.0,30.0_-159.0,110.00,Directed
30.0_-158.0,30.0_-157.0,110.00,Directed
30.0_-158.0,31.0_-159.0,155.56,Directed
30.0_-158.0,31.0_-158.0,110.00,Directed
30.0_-158.0,31.0_-157.0,155.56,Directed
45.0_-4.0,44.0_-3.0,155.56,Directed
45.0_-4.0,45.0_-3.0,110.00,Directed
45.0_-4.0,46.0_-5.0,155.56,Directed
45.0_-4.0,46.0_-4.0,110.00,Directed
45.0_-4.0,46.0_-3.0,155.56,Directed
23.0_127.0,22.0_127.0,110.00,Directed
23.0_127.0,22.0_128.0,155.56,Directed
23.0_127.0,23.0_128.0,110.00,Directed
23.0_127.0,24.0_128.0,155.56,Directed
27.0_-159.0,26.0_-160.0,155.56,Directed
27.0_-159.0,26.0_-159.0,110.00,Directed
27.0_-159.0,26.0_-158.0,155.56,Directed
27.0_-159.0,27.0_-160.0,110.00,Directed
27.0_-159.0,27.0_-158.0,110.00,Directed
27.0_-159.0,28.0_-160.0,155.56,Directed
27.0_-159.0,28.0_-158.0,155.56,Directed
31.0_-124.0,30.0_-125.0,155.56,Directed
31.0_-124.0,30.0_-124.0,110.00,Directed
31.0_-124.0,30.0_-123.0,155.56,Directed
31.0_-124.0,31.0_-125.0,110.00,Directed
31.0_-124.0,31.0_-123.0,110.00,Directed
31.0_-124.0,32.0_-125.0,155.56,Directed
31.0_-124.0,32.0_-124.0,110.00,Directed
31.0_-124.0,32.0_-123.0,155.56,Directed
24.0_-76.0,23.0_-77.0,155.56,Directed
24.0_-76.0,23.0_-76.0,110.00,Directed
24.0_-76.0,23.0_-75.0,155.56,Directed
24.0_-76.0,24.0_-77.0,110.00,Directed
24.0_-76.0,24.0_-75.0,110.00,Directed
24.0_-76.0,25.0_-77.0,155.56,Directed
24.0_-76.0,25.0_-76.0,110.00,Directed
24.0_-76.0,25.0_-75.0,155.56,Directed
39.0_-153.0,39.0_-154.0,110.00,Directed
39.0_-153.0,40.0_-153.0,110.00,Directed
39.0_-153.0,40.0_-152.0,155.56,Directed
54.0_-167.0,53.0_-168.0,155.56,Directed
54.0_-167.0,54.0_-168.0,110.00,Directed
54.0_-167.0,54.0_-166.0,110.00,Directed
-26.0_-31.0,-27.0_-32.0,155.56,Directed
-26.0_-31.0,-27.0_-31.0,110.00,Directed
-26.0_-31.0,-27.0_-30.0,155.56,Directed
34.0_-68.0,33.0_-67.0,155.56,Directed
34.0_-68.0,34.0_-67.0,110.00,Directed
34.0_-68.0,35.0_-69.0,155.56,Directed
34.0_-68.0,35.0_-68.0,110.00,Directed
34.0_-68.0,35.0_-67.0,155.56,Directed
76.0_12.0,75.0_13.0,155.56,Directed
76.0_12.0,76.0_11.0,110.00,Directed
76.0_12.0,76.0_13.0,110.00,Directed
76.0_12.0,77.0_11.0,155.56,Directed
76.0_12.0,77.0_12.0,110.00,Directed
-5.0_-106.0,-5.0_-107.0,110.00,Directed
-5.0_-106.0,-4.0_-105.0,155.56,Directed
28.0_-60.0,27.0_-61.0,155.56,Directed
28.0_-60.0,27.0_-60.0,110.00,Directed
28.0_-60.0,27.0_-59.0,155.56,Directed
28.0_-60.0,28.0_-61.0,110.00,Directed
28.0_-60.0,28.0_-59.0,110.00,Directed
28.0_-60.0,29.0_-61.0,155.56,Directed
28.0_-60.0,29.0_-60.0,110.00,Directed
28.0_-60.0,29.0_-59.0,155.56,Directed
-8.0_-157.0,-9.0_-157.0,110.00,Directed
-8.0_-157.0,-9.0_-156.0,155.56,Directed
-8.0_-157.0,-7.0_-158.0,155.56,Directed
-8.0_-157.0,-7.0_-156.0,155.56,Directed
10.0_-122.0,9.0_-123.0,155.56,Directed
10.0_-122.0,9.0_-122.0,110.00,Directed
10.0_-122.0,9.0_-121.0,155.56,Directed
10.0_-122.0,11.0_-121.0,155.56,Directed
33.0_-165.0,32.0_-166.0,155.56,Directed
33.0_-165.0,32.0_-165.0,110.00,Directed
33.0_-165.0,32.0_-164.0,155.56,Directed
36.0_28.0,36.0_29.0,110.00,Directed
-24.0_102.0,-23.0_101.0,155.56,Directed
-24.0_102.0,-23.0_102.0,110.00,Directed
19.0_-56.0,20.0_-57.0,155.56,Directed
35.0_131.0,34.0_130.0,155.56,Directed
35.0_131.0,34.0_131.0,110.00,Directed
35.0_131.0,34.0_132.0,155.56,Directed
35.0_131.0,35.0_130.0,110.00,Directed
35.0_131.0,35.0_132.0,110.00,Directed
35.0_131.0,36.0_131.0,110.00,Directed
35.0_131.0,36.0_132.0,155.56,Directed
4.0_-123.0,3.0_-124.0,155.56,Directed
4.0_-123.0,4.0_-124.0,110.00,Directed
4.0_-123.0,4.0_-122.0,110.00,Directed
4.0_-123.0,5.0_-123.0,110.00,Directed
4.0_-123.0,5.0_-122.0,155.56,Directed
-4.0_-149.0,-4.0_-148.0,110.00,Directed
-4.0_-149.0,-3.0_-150.0,155.56,Directed
-35.0_-39.0,-35.0_-38.0,110.00,Directed
42.0_-88.0,41.0_-88.0,110.00,Directed
42.0_-88.0,42.0_-87.0,110.00,Directed
42.0_-88.0,43.0_-88.0,110.00,Directed
42.0_-88.0,43.0_-87.0,155.56,Directed
-11.0_-138.0,-12.0_-139.0,155.56,Directed
-11.0_-138.0,-10.0_-139.0,155.56,Directed
-11.0_-138.0,-10.0_-138.0,110.00,Directed
-11.0_-138.0,-10.0_-137.0,155.56,Directed
26.0_127.0,25.0_127.0,110.00,Directed
26.0_127.0,25.0_128.0,155.56,Directed
26.0_127.0,26.0_128.0,110.00,Directed
26.0_127.0,27.0_127.0,110.00,Directed
2.0_-143.0,1.0_-144.0,155.56,Directed
2.0_-143.0,1.0_-143.0,110.00,Directed
2.0_-143.0,2.0_-144.0,110.00,Directed
2.0_-143.0,2.0_-142.0,110.00,Directed
2.0_-143.0,3.0_-144.0,155.56,Directed
2.0_-143.0,3.0_-142.0,155.56,Directed
26.0_-145.0,27.0_-145.0,110.00,Directed
43.0_-126.0,42.0_-127.0,155.56,Directed
43.0_-126.0,42.0_-126.0,110.00,Directed
43.0_-126.0,44.0_-126.0,110.00,Directed
0.0_-159.0,-1.0_-160.0,155.56,Directed
0.0_-159.0,-1.0_-159.0,110.00,Directed
0.0_-159.0,-1.0_-158.0,155.56,Directed
0.0_-159.0,0.0_-160.0,110.00,Directed
0.0_-159.0,0.0_-158.0,110.00,Directed
0.0_-159.0,1.0_-160.0,155.56,Directed
0.0_-159.0,1.0_-159.0,110.00,Directed
0.0_-159.0,1.0_-158.0,155.56,Directed
17.0_-80.0,16.0_-81.0,155.56,Directed
17.0_-80.0,16.0_-80.0,110.00,Directed
17.0_-80.0,16.0_-79.0,155.56,Directed
17.0_-80.0,17.0_-81.0,110.00,Directed
17.0_-80.0,17.0_-79.0,110.00,Directed
17.0_-80.0,18.0_-81.0,155.56,Directed
17.0_-80.0,18.0_-80.0,110.00,Directed
17.0_-80.0,18.0_-79.0,155.56,Directed
28.0_-125.0,27.0_-125.0,110.00,Directed
28.0_-125.0,28.0_-126.0,110.00,Directed
28.0_-125.0,28.0_-124.0,110.00,Directed
28.0_-125.0,29.0_-126.0,155.56,Directed
28.0_-125.0,29.0_-125.0,110.00,Directed
28.0_-125.0,29.0_-124.0,155.56,Directed
20.0_-66.0,19.0_-67.0,155.56,Directed
20.0_-66.0,19.0_-66.0,110.00,Directed
20.0_-66.0,19.0_-65.0,155.56,Directed
20.0_-66.0,20.0_-65.0,110.00,Directed
20.0_-66.0,21.0_-66.0,110.00,Directed
20.0_-66.0,21.0_-65.0,155.56,Directed
36.0_141.0,35.0_140.0,155.56,Directed
36.0_141.0,35.0_141.0,110.00,Directed
36.0_141.0,35.0_142.0,155.56,Directed
36.0_141.0,36.0_140.0,110.00,Directed
36.0_141.0,36.0_142.0,110.00,Directed
36.0_141.0,37.0_141.0,110.00,Directed
36.0_141.0,37.0_142.0,155.56,Directed
30.0_-80.0,29.0_-81.0,155.56,Directed
30.0_-80.0,29.0_-80.0,110.00,Directed
30.0_-80.0,29.0_-79.0,155.56,Directed
30.0_-80.0,30.0_-81.0,110.00,Directed
30.0_-80.0,30.0_-79.0,110.00,Directed
30.0_-80.0,31.0_-80.0,110.00,Directed
30.0_-80.0,31.0_-79.0,155.56,Directed
21.0_-76.0,20.0_-75.0,155.56,Directed
21.0_-76.0,21.0_-77.0,110.00,Directed
21.0_-76.0,21.0_-75.0,110.00,Directed
21.0_-76.0,22.0_-75.0,155.56,Directed
35.0_25.0,34.0_26.0,155.56,Directed
35.0_25.0,35.0_24.0,110.00,Directed
35.0_25.0,35.0_26.0,110.00,Directed
35.0_25.0,36.0_25.0,110.00,Directed
14.0_-130.0,13.0_-130.0,110.00,Directed
14.0_-130.0,14.0_-131.0,110.00,Directed
14.0_-130.0,15.0_-130.0,110.00,Directed
22.0_-111.0,21.0_-111.0,110.00,Directed
22.0_-111.0,21.0_-110.0,155.56,Directed
22.0_-111.0,22.0_-112.0,110.00,Directed
22.0_-111.0,22.0_-110.0,110.00,Directed
22.0_-111.0,23.0_-112.0,155.56,Directed
22.0_-111.0,23.0_-111.0,110.00,Directed
22.0_-111.0,23.0_-110.0,155.56,Directed
39.0_20.0,39.0_19.0,110.00,Directed
39.0_20.0,40.0_19.0,155.56,Directed
15.0_-59.0,14.0_-60.0,155.56,Directed
15.0_-59.0,14.0_-59.0,110.00,Directed
15.0_-59.0,15.0_-60.0,110.00,Directed
15.0_-59.0,15.0_-58.0,110.00,Directed
15.0_-59.0,16.0_-60.0,155.56,Directed
15.0_-59.0,16.0_-59.0,110.00,Directed
15.0_-59.0,16.0_-58.0,155.56,Directed
60.0_-5.0,59.0_-6.0,155.56,Directed
60.0_-5.0,59.0_-5.0,110.00,Directed
60.0_-5.0,59.0_-4.0,155.56,Directed
60.0_-5.0,60.0_-6.0,110.00,Directed
60.0_-5.0,60.0_-4.0,110.00,Directed
60.0_-5.0,61.0_-5.0,110.00,Directed
60.0_-5.0,61.0_-4.0,155.56,Directed
49.0_-127.0,48.0_-127.0,110.00,Directed
49.0_-127.0,48.0_-126.0,155.56,Directed
49.0_-127.0,49.0_-128.0,110.00,Directed
12.0_-150.0,11.0_-150.0,110.00,Directed
12.0_-150.0,11.0_-149.0,155.56,Directed
12.0_-150.0,12.0_-151.0,110.00,Directed
12.0_-150.0,12.0_-149.0,110.00,Directed
12.0_-150.0,13.0_-151.0,155.56,Directed
12.0_-150.0,13.0_-150.0,110.00,Directed
8.0_-157.0,7.0_-158.0,155.56,Directed
8.0_-157.0,7.0_-157.0,110.00,Directed
8.0_-157.0,7.0_-156.0,155.56,Directed
8.0_-157.0,8.0_-158.0,110.00,Directed
8.0_-157.0,8.0_-156.0,110.00,Directed
8.0_-157.0,9.0_-158.0,155.56,Directed
8.0_-157.0,9.0_-156.0,155.56,Directed
-2.0_-91.0,-2.0_-92.0,110.00,Directed
-2.0_-91.0,-1.0_-91.0,110.00,Directed
27.0_-115.0,26.0_-116.0,155.56,Directed
27.0_-115.0,26.0_-115.0,110.00,Directed
27.0_-115.0,27.0_-116.0,110.00,Directed
27.0_-115.0,28.0_-116.0,155.56,Directed
-28.0_108.0,-29.0_109.0,155.56,Directed
-28.0_108.0,-28.0_109.0,110.00,Directed
-28.0_108.0,-27.0_107.0,155.56,Directed
-28.0_108.0,-27.0_108.0,110.00,Directed
25.0_-60.0,24.0_-61.0,155.56,Directed
25.0_-60.0,24.0_-60.0,110.00,Directed
25.0_-60.0,24.0_-59.0,155.56,Directed
25.0_-60.0,25.0_-61.0,110.00,Directed
25.0_-60.0,25.0_-59.0,110.00,Directed
25.0_-60.0,26.0_-61.0,155.56,Directed
25.0_-60.0,26.0_-60.0,110.00,Directed
25.0_-60.0,26.0_-59.0,155.56,Directed
38.0_-65.0,37.0_-66.0,155.56,Directed
38.0_-65.0,37.0_-65.0,110.00,Directed
38.0_-65.0,37.0_-64.0,155.56,Directed
38.0_-65.0,38.0_-66.0,110.00,Directed
38.0_-65.0,38.0_-64.0,110.00,Directed
38.0_-65.0,39.0_-66.0,155.56,Directed
38.0_-65.0,39.0_-65.0,110.00,Directed
38.0_-65.0,39.0_-64.0,155.56,Directed
24.0_-63.0,23.0_-62.0,155.56,Directed
24.0_-63.0,25.0_-63.0,110.00,Directed
37.0_-68.0,36.0_-69.0,155.56,Directed
37.0_-68.0,36.0_-68.0,110.00,Directed
37.0_-68.0,36.0_-67.0,155.56,Directed
37.0_-68.0,37.0_-69.0,110.00,Directed
37.0_-68.0,37.0_-67.0,110.00,Directed
37.0_-68.0,38.0_-69.0,155.56,Directed
37.0_-68.0,38.0_-68.0,110.00,Directed
37.0_-68.0,38.0_-67.0,155.56,Directed
42.0_132.0,42.0_131.0,110.00,Directed
42.0_132.0,43.0_131.0,155.56,Directed
42.0_132.0,43.0_132.0,110.00,Directed
40.0_-141.0,39.0_-142.0,155.56,Directed
40.0_-141.0,39.0_-141.0,110.00,Directed
40.0_-141.0,39.0_-140.0,155.56,Directed
40.0_-141.0,40.0_-142.0,110.00,Directed
40.0_-141.0,40.0_-140.0,110.00,Directed
-33.0_-89.0,-33.0_-90.0,110.00,Directed
-33.0_-89.0,-33.0_-88.0,110.00,Directed
-27.0_-32.0,-27.0_-31.0,110.00,Directed
-27.0_-32.0,-26.0_-31.0,155.56,Directed
26.0_-158.0,25.0_-159.0,155.56,Directed
26.0_-158.0,25.0_-158.0,110.00,Directed
26.0_-158.0,25.0_-157.0,155.56,Directed
26.0_-158.0,26.0_-159.0,110.00,Directed
26.0_-158.0,26.0_-157.0,110.00,Directed
26.0_-158.0,27.0_-159.0,155.56,Directed
26.0_-158.0,27.0_-158.0,110.00,Directed
26.0_-158.0,27.0_-157.0,155.56,Directed
39.0_-148.0,38.0_-149.0,155.56,Directed
39.0_-148.0,38.0_-148.0,110.00,Directed
39.0_-148.0,38.0_-147.0,155.56,Directed
39.0_-148.0,40.0_-149.0,155.56,Directed
39.0_-148.0,40.0_-147.0,155.56,Directed
2.0_-156.0,1.0_-157.0,155.56,Directed
2.0_-156.0,2.0_-157.0,110.00,Directed
2.0_-156.0,3.0_-157.0,155.56,Directed
2.0_-156.0,3.0_-156.0,110.00,Directed
23.0_-156.0,22.0_-156.0,110.00,Directed
23.0_-156.0,22.0_-155.0,155.56,Directed
23.0_-156.0,23.0_-157.0,110.00,Directed
23.0_-156.0,24.0_-157.0,155.56,Directed
23.0_-156.0,24.0_-156.0,110.00,Directed
23.0_-156.0,24.0_-155.0,155.56,Directed
33.0_128.0,32.0_127.0,155.56,Directed
33.0_128.0,32.0_128.0,110.00,Directed
33.0_128.0,32.0_129.0,155.56,Directed
33.0_128.0,33.0_129.0,110.00,Directed
33.0_128.0,34.0_129.0,155.56,Directed
23.0_-75.0,22.0_-75.0,110.00,Directed
23.0_-75.0,22.0_-74.0,155.56,Directed
23.0_-75.0,23.0_-76.0,110.00,Directed
23.0_-75.0,23.0_-74.0,110.00,Directed
23.0_-75.0,24.0_-76.0,155.56,Directed
23.0_-75.0,24.0_-75.0,110.00,Directed
23.0_-75.0,24.0_-74.0,155.56,Directed
33.0_-121.0,32.0_-122.0,155.56,Directed
33.0_-121.0,32.0_-121.0,110.00,Directed
33.0_-121.0,32.0_-120.0,155.56,Directed
33.0_-121.0,33.0_-122.0,110.00,Directed
33.0_-121.0,33.0_-120.0,110.00,Directed
33.0_-121.0,34.0_-122.0,155.56,Directed
33.0_-121.0,34.0_-121.0,110.00,Directed
33.0_-121.0,34.0_-120.0,155.56,Directed
16.0_-61.0,15.0_-62.0,155.56,Directed
16.0_-61.0,15.0_-61.0,110.00,Directed
16.0_-61.0,15.0_-60.0,155.56,Directed
16.0_-61.0,16.0_-62.0,110.00,Directed
16.0_-61.0,16.0_-60.0,110.00,Directed
16.0_-61.0,17.0_-62.0,155.56,Directed
16.0_-61.0,17.0_-61.0,110.00,Directed
16.0_-61.0,17.0_-60.0,155.56,Directed
40.0_25.0,39.0_24.0,155.56,Directed
-33.0_-5.0,-33.0_-6.0,110.00,Directed
-33.0_-5.0,-33.0_-4.0,110.00,Directed
76.0_127.0,75.0_126.0,155.56,Directed
76.0_127.0,75.0_127.0,110.00,Directed
76.0_127.0,76.0_126.0,110.00,Directed
17.0_-75.0,16.0_-76.0,155.56,Directed
17.0_-75.0,16.0_-75.0,110.00,Directed
17.0_-75.0,16.0_-74.0,155.56,Directed
17.0_-75.0,17.0_-76.0,110.00,Directed
17.0_-75.0,17.0_-74.0,110.00,Directed
17.0_-75.0,18.0_-76.0,155.56,Directed
17.0_-75.0,18.0_-75.0,110.00,Directed
27.0_-67.0,26.0_-68.0,155.56,Directed
27.0_-67.0,26.0_-66.0,155.56,Directed
27.0_-67.0,27.0_-68.0,110.00,Directed
27.0_-67.0,27.0_-66.0,110.00,Directed
27.0_-67.0,28.0_-68.0,155.56,Directed
27.0_-67.0,28.0_-67.0,110.00,Directed
27.0_-67.0,28.0_-66.0,155.56,Directed
31.0_-119.0,30.0_-118.0,155.56,Directed
31.0_-119.0,31.0_-120.0,110.00,Directed
31.0_-119.0,31.0_-118.0,110.00,Directed
31.0_-119.0,32.0_-120.0,155.56,Directed
31.0_-119.0,32.0_-119.0,110.00,Directed
31.0_-119.0,32.0_-118.0,155.56,Directed
25.0_-69.0,24.0_-70.0,155.56,Directed
25.0_-69.0,24.0_-69.0,110.00,Directed
25.0_-69.0,25.0_-70.0,110.00,Directed
25.0_-69.0,26.0_-70.0,155.56,Directed
25.0_-69.0,26.0_-69.0,110.00,Directed
25.0_-69.0,26.0_-68.0,155.56,Directed
5.0_-159.0,4.0_-160.0,155.56,Directed
5.0_-159.0,4.0_-158.0,155.56,Directed
5.0_-159.0,5.0_-158.0,110.00,Directed
5.0_-159.0,6.0_-159.0,110.00,Directed
5.0_-159.0,6.0_-158.0,155.56,Directed
49.0_-15.0,48.0_-16.0,155.56,Directed
49.0_-15.0,49.0_-16.0,110.00,Directed
49.0_-15.0,49.0_-14.0,110.00,Directed
49.0_-15.0,50.0_-15.0,110.00,Directed
-13.0_91.0,-14.0_92.0,155.56,Directed
-13.0_91.0,-13.0_92.0,110.00,Directed
-13.0_91.0,-12.0_90.0,155.56,Directed
30.0_-176.0,29.0_-177.0,155.56,Directed
30.0_-176.0,29.0_-176.0,110.00,Directed
30.0_-176.0,30.0_-177.0,110.00,Directed
30.0_-176.0,30.0_-175.0,110.00,Directed
30.0_-176.0,31.0_-175.0,155.56,Directed
64.0_-53.0,63.0_-54.0,155.56,Directed
-14.0_-150.0,-15.0_-151.0,155.56,Directed
-14.0_-150.0,-15.0_-149.0,155.56,Directed
-14.0_-150.0,-14.0_-149.0,110.00,Directed
-14.0_-150.0,-13.0_-150.0,110.00,Directed
15.0_-77.0,14.0_-76.0,155.56,Directed
15.0_-77.0,15.0_-76.0,110.00,Directed
15.0_-77.0,16.0_-78.0,155.56,Directed
15.0_-77.0,16.0_-77.0,110.00,Directed
15.0_-77.0,16.0_-76.0,155.56,Directed
24.0_-81.0,23.0_-82.0,155.56,Directed
24.0_-81.0,23.0_-81.0,110.00,Directed
24.0_-81.0,24.0_-82.0,110.00,Directed
24.0_-81.0,24.0_-80.0,110.00,Directed
24.0_-81.0,25.0_-81.0,110.00,Directed
24.0_-81.0,25.0_-80.0,155.56,Directed
11.0_-162.0,10.0_-163.0,155.56,Directed
11.0_-162.0,10.0_-162.0,110.00,Directed
11.0_-162.0,10.0_-161.0,155.56,Directed
11.0_-162.0,11.0_-163.0,110.00,Directed
11.0_-162.0,11.0_-161.0,110.00,Directed
11.0_-162.0,12.0_-163.0,155.56,Directed
11.0_-162.0,12.0_-162.0,110.00,Directed
19.0_-69.0,18.0_-69.0,110.00,Directed
19.0_-69.0,18.0_-68.0,155.56,Directed
19.0_-69.0,19.0_-70.0,110.00,Directed
19.0_-69.0,20.0_-70.0,155.56,Directed
19.0_-69.0,20.0_-69.0,110.00,Directed
19.0_-69.0,20.0_-68.0,155.56,Directed
57.0_-3.0,56.0_-4.0,155.56,Directed
57.0_-3.0,56.0_-3.0,110.00,Directed
57.0_-3.0,56.0_-2.0,155.56,Directed
57.0_-3.0,57.0_-4.0,110.00,Directed
57.0_-3.0,57.0_-2.0,110.00,Directed
57.0_-3.0,58.0_-4.0,155.56,Directed
57.0_-3.0,58.0_-3.0,110.00,Directed
70.0_-53.0,69.0_-52.0,155.56,Directed
-18.0_120.0,-19.0_119.0,155.56,Directed
12.0_-163.0,11.0_-163.0,110.00,Directed
12.0_-163.0,11.0_-162.0,155.56,Directed
12.0_-163.0,12.0_-162.0,110.00,Directed
12.0_-163.0,13.0_-163.0,110.00,Directed
46.0_-85.0,45.0_-86.0,155.56,Directed
46.0_-85.0,45.0_-85.0,110.00,Directed
46.0_-85.0,45.0_-84.0,155.56,Directed
46.0_-85.0,46.0_-86.0,110.00,Directed
-4.0_-141.0,-5.0_-142.0,155.56,Directed
-4.0_-141.0,-5.0_-141.0,110.00,Directed
-4.0_-141.0,-4.0_-142.0,110.00,Directed
-4.0_-141.0,-3.0_-142.0,155.56,Directed
-4.0_-141.0,-3.0_-141.0,110.00,Directed
-20.0_96.0,-19.0_95.0,155.56,Directed
-20.0_96.0,-19.0_96.0,110.00,Directed
-34.0_-33.0,-34.0_-34.0,110.00,Directed
13.0_-70.0,12.0_-71.0,155.56,Directed
13.0_-70.0,12.0_-70.0,110.00,Directed
13.0_-70.0,12.0_-69.0,155.56,Directed
13.0_-70.0,13.0_-71.0,110.00,Directed
13.0_-70.0,13.0_-69.0,110.00,Directed
13.0_-70.0,14.0_-71.0,155.56,Directed
13.0_-70.0,14.0_-70.0,110.00,Directed
13.0_-70.0,14.0_-69.0,155.56,Directed
-38.0_153.0,-39.0_154.0,155.56,Directed
-38.0_153.0,-38.0_154.0,110.00,Directed
-38.0_153.0,-37.0_154.0,155.56,Directed
-28.0_-110.0,-28.0_-111.0,110.00,Directed
-28.0_-110.0,-28.0_-109.0,110.00,Directed
29.0_-70.0,28.0_-71.0,155.56,Directed
29.0_-70.0,28.0_-70.0,110.00,Directed
29.0_-70.0,28.0_-69.0,155.56,Directed
29.0_-70.0,29.0_-71.0,110.00,Directed
29.0_-70.0,29.0_-69.0,110.00,Directed
29.0_-70.0,30.0_-71.0,155.56,Directed
29.0_-70.0,30.0_-70.0,110.00,Directed
29.0_-70.0,30.0_-69.0,155.56,Directed
28.0_-73.0,27.0_-74.0,155.56,Directed
28.0_-73.0,27.0_-73.0,110.00,Directed
28.0_-73.0,27.0_-72.0,155.56,Directed
28.0_-73.0,28.0_-74.0,110.00,Directed
28.0_-73.0,28.0_-72.0,110.00,Directed
28.0_-73.0,29.0_-74.0,155.56,Directed
28.0_-73.0,29.0_-73.0,110.00,Directed
28.0_-73.0,29.0_-72.0,155.56,Directed
31.0_134.0,30.0_133.0,155.56,Directed
31.0_134.0,30.0_135.0,155.56,Directed
31.0_134.0,31.0_133.0,110.00,Directed
31.0_134.0,31.0_135.0,110.00,Directed
31.0_134.0,32.0_133.0,155.56,Directed
31.0_134.0,32.0_135.0,155.56,Directed
15.0_-153.0,14.0_-153.0,110.00,Directed
15.0_-153.0,15.0_-152.0,110.00,Directed
15.0_-153.0,16.0_-152.0,155.56,Directed
14.0_-161.0,13.0_-161.0,110.00,Directed
14.0_-161.0,13.0_-160.0,155.56,Directed
14.0_-161.0,14.0_-162.0,110.00,Directed
14.0_-161.0,14.0_-160.0,110.00,Directed
14.0_-161.0,15.0_-162.0,155.56,Directed
14.0_-161.0,15.0_-161.0,110.00,Directed
14.0_-161.0,15.0_-160.0,155.56,Directed
58.0_-6.0,57.0_-7.0,155.56,Directed
58.0_-6.0,57.0_-6.0,110.00,Directed
58.0_-6.0,58.0_-7.0,110.00,Directed
58.0_-6.0,58.0_-5.0,110.00,Directed
58.0_-6.0,59.0_-7.0,155.56,Directed
58.0_-6.0,59.0_-6.0,110.00,Directed
58.0_-6.0,59.0_-5.0,155.56,Directed
-9.0_-141.0,-10.0_-142.0,155.56,Directed
-9.0_-141.0,-10.0_-141.0,110.00,Directed
-9.0_-141.0,-10.0_-140.0,155.56,Directed
-9.0_-141.0,-9.0_-142.0,110.00,Directed
-9.0_-141.0,-9.0_-140.0,110.00,Directed
-9.0_-141.0,-8.0_-142.0,155.56,Directed
-9.0_-141.0,-8.0_-141.0,110.00,Directed
-9.0_-141.0,-8.0_-140.0,155.56,Directed
17.0_-62.0,16.0_-63.0,155.56,Directed
17.0_-62.0,16.0_-62.0,110.00,Directed
17.0_-62.0,16.0_-61.0,155.56,Directed
17.0_-62.0,17.0_-63.0,110.00,Directed
17.0_-62.0,17.0_-61.0,110.00,Directed
17.0_-62.0,18.0_-62.0,110.00,Directed
17.0_-62.0,18.0_-61.0,155.56,Directed
-9.0_90.0,-9.0_89.0,110.00,Directed
-9.0_90.0,-8.0_89.0,155.56,Directed
-9.0_90.0,-8.0_90.0,110.00,Directed
16.0_-149.0,15.0_-150.0,155.56,Directed
16.0_-149.0,16.0_-148.0,110.00,Directed
16.0_-149.0,17.0_-150.0,155.56,Directed
41.0_139.0,40.0_138.0,155.56,Directed
41.0_139.0,40.0_139.0,110.00,Directed
41.0_139.0,41.0_138.0,110.00,Directed
41.0_139.0,41.0_140.0,110.00,Directed
41.0_139.0,42.0_138.0,155.56,Directed
41.0_139.0,42.0_140.0,155.56,Directed
23.0_-112.0,22.0_-112.0,110.00,Directed
23.0_-112.0,22.0_-111.0,155.56,Directed
23.0_-112.0,23.0_-113.0,110.00,Directed
23.0_-112.0,23.0_-111.0,110.00,Directed
23.0_-112.0,24.0_-113.0,155.56,Directed
23.0_-112.0,24.0_-111.0,155.56,Directed
39.0_-32.0,39.0_-31.0,110.00,Directed
24.0_133.0,23.0_134.0,155.56,Directed
24.0_133.0,25.0_132.0,155.56,Directed
42.0_145.0,41.0_144.0,155.56,Directed
42.0_145.0,42.0_144.0,110.00,Directed
8.0_-139.0,7.0_-139.0,110.00,Directed
8.0_-139.0,9.0_-140.0,155.56,Directed
54.0_-136.0,53.0_-137.0,155.56,Directed
54.0_-136.0,53.0_-136.0,110.00,Directed
54.0_-136.0,53.0_-135.0,155.56,Directed
54.0_-136.0,55.0_-135.0,155.56,Directed
-65.0_-64.0,-65.0_-63.0,110.00,Directed
23.0_-169.0,22.0_-168.0,155.56,Directed
43.0_-7.0,43.0_-8.0,110.00,Directed
43.0_-7.0,43.0_-6.0,110.00,Directed
43.0_-7.0,44.0_-8.0,155.56,Directed
-34.0_-20.0,-35.0_-19.0,155.56,Directed
-34.0_-20.0,-33.0_-20.0,110.00,Directed
48.0_-8.0,47.0_-9.0,155.56,Directed
48.0_-8.0,47.0_-8.0,110.00,Directed
48.0_-8.0,47.0_-7.0,155.56,Directed
48.0_-8.0,48.0_-9.0,110.00,Directed
48.0_-8.0,48.0_-7.0,110.00,Directed
48.0_-8.0,49.0_-9.0,155.56,Directed
48.0_-8.0,49.0_-8.0,110.00,Directed
48.0_-8.0,49.0_-7.0,155.56,Directed
16.0_-74.0,15.0_-75.0,155.56,Directed
16.0_-74.0,15.0_-74.0,110.00,Directed
16.0_-74.0,15.0_-73.0,155.56,Directed
16.0_-74.0,16.0_-75.0,110.00,Directed
16.0_-74.0,16.0_-73.0,110.00,Directed
16.0_-74.0,17.0_-75.0,155.56,Directed
16.0_-74.0,17.0_-74.0,110.00,Directed
16.0_-74.0,17.0_-73.0,155.56,Directed
12.0_133.0,11.0_133.0,110.00,Directed
12.0_133.0,13.0_133.0,110.00,Directed
37.0_142.0,36.0_141.0,155.56,Directed
37.0_142.0,36.0_142.0,110.00,Directed
37.0_142.0,36.0_143.0,155.56,Directed
37.0_142.0,37.0_141.0,110.00,Directed
37.0_142.0,37.0_143.0,110.00,Directed
37.0_142.0,38.0_141.0,155.56,Directed
37.0_142.0,38.0_142.0,110.00,Directed
37.0_142.0,38.0_143.0,155.56,Directed
16.0_-87.0,16.0_-86.0,110.00,Directed
16.0_-87.0,17.0_-87.0,110.00,Directed
16.0_-87.0,17.0_-86.0,155.56,Directed
-10.0_86.0,-11.0_86.0,110.00,Directed
-10.0_86.0,-11.0_87.0,155.56,Directed
-10.0_86.0,-10.0_87.0,110.00,Directed
-10.0_86.0,-9.0_87.0,155.56,Directed
25.0_-38.0,24.0_-39.0,155.56,Directed
25.0_-38.0,26.0_-38.0,110.00,Directed
-27.0_-118.0,-27.0_-119.0,110.00,Directed
-27.0_-118.0,-27.0_-117.0,110.00,Directed
39.0_-135.0,38.0_-135.0,110.00,Directed
39.0_-135.0,38.0_-134.0,155.56,Directed
39.0_-135.0,39.0_-136.0,110.00,Directed
39.0_-135.0,39.0_-134.0,110.00,Directed
39.0_-135.0,40.0_-136.0,155.56,Directed
39.0_-135.0,40.0_-135.0,110.00,Directed
39.0_-135.0,40.0_-134.0,155.56,Directed
-35.0_-74.0,-34.0_-73.0,155.56,Directed
36.0_-124.0,35.0_-125.0,155.56,Directed
36.0_-124.0,35.0_-124.0,110.00,Directed
36.0_-124.0,35.0_-123.0,155.56,Directed
36.0_-124.0,36.0_-125.0,110.00,Directed
36.0_-124.0,36.0_-123.0,110.00,Directed
36.0_-124.0,37.0_-124.0,110.00,Directed
36.0_-124.0,37.0_-123.0,155.56,Directed
30.0_-145.0,29.0_-146.0,155.56,Directed
30.0_-145.0,29.0_-144.0,155.56,Directed
30.0_-145.0,30.0_-146.0,110.00,Directed
30.0_-145.0,30.0_-144.0,110.00,Directed
30.0_-145.0,31.0_-146.0,155.56,Directed
30.0_-145.0,31.0_-144.0,155.56,Directed
7.0_-156.0,6.0_-157.0,155.56,Directed
7.0_-156.0,6.0_-156.0,110.00,Directed
7.0_-156.0,6.0_-155.0,155.56,Directed
7.0_-156.0,7.0_-157.0,110.00,Directed
7.0_-156.0,7.0_-155.0,110.00,Directed
7.0_-156.0,8.0_-157.0,155.56,Directed
7.0_-156.0,8.0_-156.0,110.00,Directed
7.0_-156.0,8.0_-155.0,155.56,Directed
10.0_-148.0,9.0_-147.0,155.56,Directed
10.0_-148.0,10.0_-147.0,110.00,Directed
10.0_-148.0,11.0_-149.0,155.56,Directed
10.0_-148.0,11.0_-148.0,110.00,Directed
20.0_-157.0,19.0_-158.0,155.56,Directed
20.0_-157.0,19.0_-157.0,110.00,Directed
20.0_-157.0,19.0_-156.0,155.56,Directed
20.0_-157.0,20.0_-158.0,110.00,Directed
20.0_-157.0,20.0_-156.0,110.00,Directed
20.0_-157.0,21.0_-158.0,155.56,Directed
20.0_-157.0,21.0_-157.0,110.00,Directed
20.0_-157.0,21.0_-156.0,155.56,Directed
-7.0_-8.0,-8.0_-7.0,155.56,Directed
23.0_-62.0,22.0_-63.0,155.56,Directed
23.0_-62.0,22.0_-62.0,110.00,Directed
23.0_-62.0,22.0_-61.0,155.56,Directed
23.0_-62.0,23.0_-61.0,110.00,Directed
23.0_-62.0,24.0_-63.0,155.56,Directed
23.0_-62.0,24.0_-61.0,155.56,Directed
10.0_-65.0,10.0_-66.0,110.00,Directed
10.0_-65.0,10.0_-64.0,110.00,Directed
10.0_-65.0,11.0_-66.0,155.56,Directed
10.0_-65.0,11.0_-65.0,110.00,Directed
10.0_-65.0,11.0_-64.0,155.56,Directed
17.0_-150.0,16.0_-151.0,155.56,Directed
17.0_-150.0,16.0_-149.0,155.56,Directed
17.0_-150.0,17.0_-151.0,110.00,Directed
22.0_-65.0,21.0_-66.0,155.56,Directed
22.0_-65.0,21.0_-65.0,110.00,Directed
22.0_-65.0,21.0_-64.0,155.56,Directed
22.0_-65.0,22.0_-66.0,110.00,Directed
22.0_-65.0,22.0_-64.0,110.00,Directed
22.0_-65.0,23.0_-66.0,155.56,Directed
22.0_-65.0,23.0_-65.0,110.00,Directed
28.0_138.0,28.0_137.0,110.00,Directed
33.0_-134.0,32.0_-135.0,155.56,Directed
33.0_-134.0,32.0_-134.0,110.00,Directed
33.0_-134.0,32.0_-133.0,155.56,Directed
33.0_-134.0,33.0_-135.0,110.00,Directed
33.0_-134.0,33.0_-133.0,110.00,Directed
33.0_-134.0,34.0_-133.0,155.56,Directed
-27.0_-117.0,-27.0_-118.0,110.00,Directed
-27.0_-117.0,-27.0_-116.0,110.00,Directed
59.0_-8.0,58.0_-9.0,155.56,Directed
59.0_-8.0,58.0_-8.0,110.00,Directed
59.0_-8.0,58.0_-7.0,155.56,Directed
59.0_-8.0,59.0_-9.0,110.00,Directed
59.0_-8.0,59.0_-7.0,110.00,Directed
59.0_-8.0,60.0_-7.0,155.56,Directed
31.0_-141.0,30.0_-142.0,155.56,Directed
31.0_-141.0,30.0_-141.0,110.00,Directed
31.0_-141.0,31.0_-140.0,110.00,Directed
31.0_-141.0,32.0_-141.0,110.00,Directed
31.0_-141.0,32.0_-140.0,155.56,Directed
9.0_-140.0,8.0_-139.0,155.56,Directed
9.0_-140.0,10.0_-141.0,155.56,Directed
19.0_-107.0,18.0_-108.0,155.56,Directed
19.0_-107.0,18.0_-106.0,155.56,Directed
19.0_-107.0,19.0_-108.0,110.00,Directed
19.0_-107.0,19.0_-106.0,110.00,Directed
19.0_-107.0,20.0_-108.0,155.56,Directed
19.0_-107.0,20.0_-107.0,110.00,Directed
19.0_-107.0,20.0_-106.0,155.56,Directed
6.0_-146.0,5.0_-145.0,155.56,Directed
6.0_-146.0,6.0_-147.0,110.00,Directed
6.0_-146.0,6.0_-145.0,110.00,Directed
6.0_-146.0,7.0_-147.0,155.56,Directed
6.0_-146.0,7.0_-146.0,110.00,Directed
6.0_-146.0,7.0_-145.0,155.56,Directed
35.0_-69.0,34.0_-70.0,155.56,Directed
35.0_-69.0,34.0_-68.0,155.56,Directed
35.0_-69.0,35.0_-70.0,110.00,Directed
35.0_-69.0,35.0_-68.0,110.00,Directed
35.0_-69.0,36.0_-70.0,155.56,Directed
35.0_-69.0,36.0_-69.0,110.00,Directed
35.0_-69.0,36.0_-68.0,155.56,Directed
20.0_-158.0,19.0_-159.0,155.56,Directed
20.0_-158.0,19.0_-158.0,110.00,Directed
20.0_-158.0,19.0_-157.0,155.56,Directed
20.0_-158.0,20.0_-159.0,110.00,Directed
20.0_-158.0,20.0_-157.0,110.00,Directed
20.0_-158.0,21.0_-159.0,155.56,Directed
20.0_-158.0,21.0_-158.0,110.00,Directed
20.0_-158.0,21.0_-157.0,155.56,Directed
-12.0_-143.0,-13.0_-144.0,155.56,Directed
-12.0_-143.0,-13.0_-143.0,110.00,Directed
-12.0_-143.0,-12.0_-144.0,110.00,Directed
-12.0_-143.0,-12.0_-142.0,110.00,Directed
-12.0_-143.0,-11.0_-144.0,155.56,Directed
-12.0_-143.0,-11.0_-143.0,110.00,Directed
-12.0_-143.0,-11.0_-142.0,155.56,Directed
17.0_-158.0,16.0_-159.0,155.56,Directed
17.0_-158.0,16.0_-158.0,110.00,Directed
17.0_-158.0,16.0_-157.0,155.56,Directed
17.0_-158.0,17.0_-159.0,110.00,Directed
17.0_-158.0,17.0_-157.0,110.00,Directed
17.0_-158.0,18.0_-159.0,155.56,Directed
17.0_-158.0,18.0_-158.0,110.00,Directed
17.0_-158.0,18.0_-157.0,155.56,Directed
36.0_136.0,35.0_135.0,155.56,Directed
36.0_136.0,36.0_135.0,110.00,Directed
36.0_136.0,36.0_137.0,110.00,Directed
36.0_136.0,37.0_135.0,155.56,Directed
36.0_136.0,37.0_136.0,110.00,Directed
36.0_136.0,37.0_137.0,155.56,Directed
19.0_130.0,18.0_130.0,110.00,Directed
19.0_130.0,19.0_131.0,110.00,Directed
19.0_130.0,20.0_129.0,155.56,Directed
11.0_-67.0,10.0_-67.0,110.00,Directed
11.0_-67.0,10.0_-66.0,155.56,Directed
11.0_-67.0,11.0_-68.0,110.00,Directed
11.0_-67.0,11.0_-66.0,110.00,Directed
11.0_-67.0,12.0_-68.0,155.56,Directed
11.0_-67.0,12.0_-67.0,110.00,Directed
11.0_-67.0,12.0_-66.0,155.56,Directed
49.0_-131.0,48.0_-130.0,155.56,Directed
49.0_-131.0,50.0_-132.0,155.56,Directed
49.0_-131.0,50.0_-131.0,110.00,Directed
42.0_18.0,41.0_17.0,155.56,Directed
42.0_18.0,41.0_18.0,110.00,Directed
42.0_18.0,41.0_19.0,155.56,Directed
42.0_18.0,42.0_19.0,110.00,Directed
32.0_-168.0,31.0_-169.0,155.56,Directed
32.0_-168.0,31.0_-168.0,110.00,Directed
32.0_-168.0,32.0_-167.0,110.00,Directed
32.0_-168.0,33.0_-169.0,155.56,Directed
32.0_-168.0,33.0_-168.0,110.00,Directed
20.0_-71.0,19.0_-71.0,110.00,Directed
20.0_-71.0,19.0_-70.0,155.56,Directed
20.0_-71.0,20.0_-72.0,110.00,Directed
20.0_-71.0,20.0_-70.0,110.00,Directed
20.0_-71.0,21.0_-72.0,155.56,Directed
20.0_-71.0,21.0_-71.0,110.00,Directed
20.0_-71.0,21.0_-70.0,155.56,Directed
2.0_-126.0,1.0_-127.0,155.56,Directed
2.0_-126.0,1.0_-126.0,110.00,Directed
2.0_-126.0,1.0_-125.0,155.56,Directed
2.0_-126.0,2.0_-127.0,110.00,Directed
2.0_-126.0,3.0_-126.0,110.00,Directed
2.0_-126.0,3.0_-125.0,155.56,Directed
22.0_-64.0,21.0_-65.0,155.56,Directed
22.0_-64.0,21.0_-64.0,110.00,Directed
22.0_-64.0,22.0_-65.0,110.00,Directed
22.0_-64.0,22.0_-63.0,110.00,Directed
22.0_-64.0,23.0_-65.0,155.56,Directed
50.0_-11.0,49.0_-12.0,155.56,Directed
50.0_-11.0,49.0_-11.0,110.00,Directed
50.0_-11.0,49.0_-10.0,155.56,Directed
50.0_-11.0,50.0_-12.0,110.00,Directed
50.0_-11.0,50.0_-10.0,110.00,Directed
50.0_-11.0,51.0_-12.0,155.56,Directed
50.0_-11.0,51.0_-11.0,110.00,Directed
50.0_-11.0,51.0_-10.0,155.56,Directed
47.0_-5.0,46.0_-6.0,155.56,Directed
47.0_-5.0,46.0_-5.0,110.00,Directed
47.0_-5.0,46.0_-4.0,155.56,Directed
47.0_-5.0,47.0_-6.0,110.00,Directed
47.0_-5.0,47.0_-4.0,110.00,Directed
47.0_-5.0,48.0_-6.0,155.56,Directed
47.0_-5.0,48.0_-5.0,110.00,Directed
41.0_-60.0,40.0_-61.0,155.56,Directed
41.0_-60.0,42.0_-61.0,155.56,Directed
18.0_-115.0,17.0_-116.0,155.56,Directed
18.0_-115.0,17.0_-114.0,155.56,Directed
18.0_-115.0,19.0_-114.0,155.56,Directed
34.0_-180.0,35.0_-180.0,110.00,Directed
19.0_-160.0,18.0_-160.0,110.00,Directed
19.0_-160.0,18.0_-159.0,155.56,Directed
19.0_-160.0,19.0_-161.0,110.00,Directed
19.0_-160.0,19.0_-159.0,110.00,Directed
19.0_-160.0,20.0_-159.0,155.56,Directed
46.0_-2.0,45.0_-3.0,155.56,Directed
46.0_-2.0,45.0_-2.0,110.00,Directed
46.0_-2.0,46.0_-3.0,110.00,Directed
46.0_-2.0,47.0_-3.0,155.56,Directed
32.0_-69.0,31.0_-70.0,155.56,Directed
32.0_-69.0,31.0_-69.0,110.00,Directed
32.0_-69.0,31.0_-68.0,155.56,Directed
32.0_-69.0,32.0_-70.0,110.00,Directed
32.0_-69.0,32.0_-68.0,110.00,Directed
12.0_-133.0,11.0_-134.0,155.56,Directed
12.0_-133.0,11.0_-133.0,110.00,Directed
12.0_-133.0,12.0_-134.0,110.00,Directed
12.0_-133.0,13.0_-134.0,155.56,Directed
12.0_-133.0,13.0_-132.0,155.56,Directed
-22.0_103.0,-23.0_102.0,155.56,Directed
-22.0_103.0,-23.0_104.0,155.56,Directed
-22.0_103.0,-22.0_102.0,110.00,Directed
30.0_-63.0,29.0_-64.0,155.56,Directed
30.0_-63.0,29.0_-63.0,110.00,Directed
30.0_-63.0,29.0_-62.0,155.56,Directed
30.0_-63.0,30.0_-64.0,110.00,Directed
30.0_-63.0,30.0_-62.0,110.00,Directed
30.0_-63.0,31.0_-64.0,155.56,Directed
30.0_-63.0,31.0_-63.0,110.00,Directed
30.0_-63.0,31.0_-62.0,155.56,Directed
43.0_-10.0,42.0_-10.0,110.00,Directed
43.0_-10.0,43.0_-9.0,110.00,Directed
25.0_-148.0,24.0_-149.0,155.56,Directed
25.0_-148.0,24.0_-147.0,155.56,Directed
25.0_-148.0,26.0_-149.0,155.56,Directed
25.0_-148.0,26.0_-148.0,110.00,Directed
44.0_-60.0,43.0_-61.0,155.56,Directed
44.0_-60.0,43.0_-60.0,110.00,Directed
44.0_-60.0,43.0_-59.0,155.56,Directed
44.0_-60.0,44.0_-61.0,110.00,Directed
44.0_-60.0,44.0_-59.0,110.00,Directed
44.0_-60.0,45.0_-61.0,155.56,Directed
44.0_-60.0,45.0_-60.0,110.00,Directed
44.0_-60.0,45.0_-59.0,155.56,Directed
21.0_-59.0,20.0_-60.0,155.56,Directed
21.0_-59.0,20.0_-59.0,110.00,Directed
21.0_-59.0,20.0_-58.0,155.56,Directed
21.0_-59.0,21.0_-60.0,110.00,Directed
21.0_-59.0,21.0_-58.0,110.00,Directed
21.0_-59.0,22.0_-60.0,155.56,Directed
21.0_-59.0,22.0_-59.0,110.00,Directed
21.0_-59.0,22.0_-58.0,155.56,Directed
53.0_-11.0,52.0_-12.0,155.56,Directed
53.0_-11.0,52.0_-11.0,110.00,Directed
53.0_-11.0,52.0_-10.0,155.56,Directed
53.0_-11.0,53.0_-12.0,110.00,Directed
53.0_-11.0,53.0_-10.0,110.00,Directed
53.0_-11.0,54.0_-12.0,155.56,Directed
53.0_-11.0,54.0_-11.0,110.00,Directed
53.0_-11.0,54.0_-10.0,155.56,Directed
-35.0_6.0,-35.0_5.0,110.00,Directed
-35.0_6.0,-35.0_7.0,110.00,Directed
24.0_-58.0,23.0_-59.0,155.56,Directed
24.0_-58.0,23.0_-58.0,110.00,Directed
24.0_-58.0,23.0_-57.0,155.56,Directed
24.0_-58.0,24.0_-59.0,110.00,Directed
24.0_-58.0,24.0_-57.0,110.00,Directed
24.0_-58.0,25.0_-59.0,155.56,Directed
24.0_-58.0,25.0_-58.0,110.00,Directed
24.0_-58.0,25.0_-57.0,155.56,Directed
-29.0_-18.0,-30.0_-19.0,155.56,Directed
-29.0_-18.0,-29.0_-17.0,110.00,Directed
-29.0_-18.0,-28.0_-19.0,155.56,Directed
33.0_-62.0,32.0_-63.0,155.56,Directed
33.0_-62.0,32.0_-62.0,110.00,Directed
33.0_-62.0,32.0_-61.0,155.56,Directed
33.0_-62.0,33.0_-63.0,110.00,Directed
33.0_-62.0,33.0_-61.0,110.00,Directed
33.0_-62.0,34.0_-63.0,155.56,Directed
33.0_-62.0,34.0_-62.0,110.00,Directed
33.0_-62.0,34.0_-61.0,155.56,Directed
33.0_-147.0,32.0_-148.0,155.56,Directed
33.0_-147.0,32.0_-147.0,110.00,Directed
33.0_-147.0,32.0_-146.0,155.56,Directed
33.0_-147.0,34.0_-147.0,110.00,Directed
18.0_-128.0,17.0_-129.0,155.56,Directed
18.0_-128.0,19.0_-128.0,110.00,Directed
30.0_-162.0,29.0_-163.0,155.56,Directed
30.0_-162.0,29.0_-161.0,155.56,Directed
30.0_-162.0,30.0_-161.0,110.00,Directed
30.0_-162.0,31.0_-162.0,110.00,Directed
30.0_-162.0,31.0_-161.0,155.56,Directed
41.0_-147.0,40.0_-147.0,110.00,Directed
41.0_-147.0,40.0_-146.0,155.56,Directed
41.0_-147.0,41.0_-148.0,110.00,Directed
41.0_-147.0,41.0_-146.0,110.00,Directed
41.0_-147.0,42.0_-146.0,155.56,Directed
50.0_-129.0,49.0_-129.0,110.00,Directed
50.0_-129.0,49.0_-128.0,155.56,Directed
50.0_-129.0,51.0_-130.0,155.56,Directed
50.0_-129.0,51.0_-129.0,110.00,Directed
38.0_-148.0,37.0_-149.0,155.56,Directed
38.0_-148.0,38.0_-149.0,110.00,Directed
38.0_-148.0,38.0_-147.0,110.00,Directed
38.0_-148.0,39.0_-148.0,110.00,Directed
43.0_-67.0,42.0_-68.0,155.56,Directed
43.0_-67.0,42.0_-67.0,110.00,Directed
43.0_-67.0,42.0_-66.0,155.56,Directed
43.0_-67.0,43.0_-68.0,110.00,Directed
43.0_-67.0,43.0_-66.0,110.00,Directed
43.0_-67.0,44.0_-68.0,155.56,Directed
43.0_-67.0,44.0_-67.0,110.00,Directed
26.0_-127.0,25.0_-128.0,155.56,Directed
26.0_-127.0,25.0_-126.0,155.56,Directed
26.0_-127.0,26.0_-126.0,110.00,Directed
26.0_-127.0,27.0_-127.0,110.00,Directed
32.0_139.0,31.0_138.0,155.56,Directed
32.0_139.0,31.0_140.0,155.56,Directed
32.0_139.0,32.0_138.0,110.00,Directed
32.0_139.0,32.0_140.0,110.00,Directed
32.0_139.0,33.0_138.0,155.56,Directed
32.0_139.0,33.0_139.0,110.00,Directed
32.0_139.0,33.0_140.0,155.56,Directed
41.0_143.0,40.0_142.0,155.56,Directed
41.0_143.0,40.0_143.0,110.00,Directed
41.0_143.0,40.0_144.0,155.56,Directed
41.0_143.0,41.0_142.0,110.00,Directed
41.0_143.0,41.0_144.0,110.00,Directed
41.0_143.0,42.0_142.0,155.56,Directed
41.0_143.0,42.0_143.0,110.00,Directed
41.0_143.0,42.0_144.0,155.56,Directed
18.0_-159.0,17.0_-160.0,155.56,Directed
18.0_-159.0,17.0_-159.0,110.00,Directed
18.0_-159.0,17.0_-158.0,155.56,Directed
18.0_-159.0,18.0_-160.0,110.00,Directed
18.0_-159.0,18.0_-158.0,110.00,Directed
18.0_-159.0,19.0_-160.0,155.56,Directed
18.0_-159.0,19.0_-159.0,110.00,Directed
18.0_-159.0,19.0_-158.0,155.56,Directed
38.0_12.0,37.0_11.0,155.56,Directed
38.0_12.0,37.0_12.0,110.00,Directed
38.0_12.0,37.0_13.0,155.56,Directed
38.0_12.0,38.0_11.0,110.00,Directed
38.0_12.0,38.0_13.0,110.00,Directed
38.0_12.0,39.0_11.0,155.56,Directed
38.0_12.0,39.0_12.0,110.00,Directed
19.0_-60.0,18.0_-61.0,155.56,Directed
19.0_-60.0,18.0_-60.0,110.00,Directed
19.0_-60.0,18.0_-59.0,155.56,Directed
19.0_-60.0,19.0_-61.0,110.00,Directed
19.0_-60.0,19.0_-59.0,110.00,Directed
19.0_-60.0,20.0_-61.0,155.56,Directed
19.0_-60.0,20.0_-60.0,110.00,Directed
19.0_-60.0,20.0_-59.0,155.56,Directed
55.0_-6.0,54.0_-6.0,110.00,Directed
55.0_-6.0,54.0_-5.0,155.56,Directed
55.0_-6.0,55.0_-7.0,110.00,Directed
55.0_-6.0,55.0_-5.0,110.00,Directed
55.0_-6.0,56.0_-7.0,155.56,Directed
55.0_-6.0,56.0_-6.0,110.00,Directed
55.0_-6.0,56.0_-5.0,155.56,Directed
38.0_-135.0,37.0_-134.0,155.56,Directed
38.0_-135.0,38.0_-134.0,110.00,Directed
38.0_-135.0,39.0_-136.0,155.56,Directed
38.0_-135.0,39.0_-135.0,110.00,Directed
38.0_-135.0,39.0_-134.0,155.56,Directed
-11.0_-142.0,-12.0_-143.0,155.56,Directed
-11.0_-142.0,-12.0_-142.0,110.00,Directed
-11.0_-142.0,-11.0_-143.0,110.00,Directed
-11.0_-142.0,-11.0_-141.0,110.00,Directed
-11.0_-142.0,-10.0_-143.0,155.56,Directed
-11.0_-142.0,-10.0_-142.0,110.00,Directed
-11.0_-142.0,-10.0_-141.0,155.56,Directed
12.0_-159.0,11.0_-160.0,155.56,Directed
12.0_-159.0,11.0_-159.0,110.00,Directed
12.0_-159.0,11.0_-158.0,155.56,Directed
12.0_-159.0,12.0_-160.0,110.00,Directed
12.0_-159.0,12.0_-158.0,110.00,Directed
12.0_-159.0,13.0_-160.0,155.56,Directed
12.0_-159.0,13.0_-159.0,110.00,Directed
12.0_-159.0,13.0_-158.0,155.56,Directed
-35.0_-43.0,-35.0_-44.0,110.00,Directed
-35.0_-43.0,-35.0_-42.0,110.00,Directed
-15.0_-151.0,-16.0_-152.0,155.56,Directed
-15.0_-151.0,-16.0_-150.0,155.56,Directed
-15.0_-151.0,-14.0_-152.0,155.56,Directed
-15.0_-151.0,-14.0_-150.0,155.56,Directed
5.0_-145.0,4.0_-145.0,110.00,Directed
5.0_-145.0,4.0_-144.0,155.56,Directed
5.0_-145.0,6.0_-146.0,155.56,Directed
5.0_-145.0,6.0_-145.0,110.00,Directed
5.0_-145.0,6.0_-144.0,155.56,Directed
28.0_-68.0,27.0_-69.0,155.56,Directed
28.0_-68.0,27.0_-68.0,110.00,Directed
28.0_-68.0,27.0_-67.0,155.56,Directed
28.0_-68.0,28.0_-69.0,110.00,Directed
28.0_-68.0,28.0_-67.0,110.00,Directed
28.0_-68.0,29.0_-69.0,155.56,Directed
28.0_-68.0,29.0_-68.0,110.00,Directed
28.0_-68.0,29.0_-67.0,155.56,Directed
75.0_126.0,75.0_127.0,110.00,Directed
75.0_126.0,76.0_125.0,155.56,Directed
75.0_126.0,76.0_126.0,110.00,Directed
75.0_126.0,76.0_127.0,155.56,Directed
-30.0_-98.0,-31.0_-98.0,110.00,Directed
-30.0_-98.0,-31.0_-97.0,155.56,Directed
-30.0_-98.0,-30.0_-99.0,110.00,Directed
17.0_-132.0,16.0_-132.0,110.00,Directed
17.0_-132.0,17.0_-131.0,110.00,Directed
17.0_-132.0,18.0_-131.0,155.56,Directed
35.0_139.0,34.0_138.0,155.56,Directed
35.0_139.0,34.0_139.0,110.00,Directed
35.0_139.0,34.0_140.0,155.56,Directed
35.0_139.0,35.0_138.0,110.00,Directed
35.0_139.0,35.0_140.0,110.00,Directed
35.0_139.0,36.0_140.0,155.56,Directed
27.0_141.0,26.0_140.0,155.56,Directed
27.0_141.0,26.0_141.0,110.00,Directed
27.0_141.0,27.0_140.0,110.00,Directed
27.0_141.0,28.0_140.0,155.56,Directed
12.0_-64.0,11.0_-65.0,155.56,Directed
12.0_-64.0,11.0_-64.0,110.00,Directed
12.0_-64.0,11.0_-63.0,155.56,Directed
12.0_-64.0,12.0_-65.0,110.00,Directed
12.0_-64.0,12.0_-63.0,110.00,Directed
12.0_-64.0,13.0_-65.0,155.56,Directed
12.0_-64.0,13.0_-64.0,110.00,Directed
12.0_-64.0,13.0_-63.0,155.56,Directed
36.0_-155.0,35.0_-156.0,155.56,Directed
36.0_-155.0,37.0_-156.0,155.56,Directed
36.0_-155.0,37.0_-154.0,155.56,Directed
15.0_-152.0,14.0_-153.0,155.56,Directed
15.0_-152.0,14.0_-151.0,155.56,Directed
15.0_-152.0,15.0_-153.0,110.00,Directed
15.0_-152.0,15.0_-151.0,110.00,Directed
15.0_-152.0,16.0_-152.0,110.00,Directed
15.0_-152.0,16.0_-151.0,155.56,Directed
39.0_-63.0,38.0_-64.0,155.56,Directed
39.0_-63.0,38.0_-63.0,110.00,Directed
39.0_-63.0,39.0_-64.0,110.00,Directed
39.0_-63.0,40.0_-64.0,155.56,Directed
39.0_-63.0,40.0_-63.0,110.00,Directed
40.0_-63.0,39.0_-64.0,155.56,Directed
40.0_-63.0,39.0_-63.0,110.00,Directed
40.0_-63.0,40.0_-64.0,110.00,Directed
40.0_-63.0,41.0_-64.0,155.56,Directed
40.0_-63.0,41.0_-63.0,110.00,Directed
40.0_-63.0,41.0_-62.0,155.56,Directed
15.0_159.0,14.0_160.0,155.56,Directed
15.0_159.0,16.0_158.0,155.56,Directed
28.0_-161.0,27.0_-160.0,155.56,Directed
28.0_-161.0,28.0_-160.0,110.00,Directed
28.0_-161.0,29.0_-161.0,110.00,Directed
28.0_-161.0,29.0_-160.0,155.56,Directed
46.0_-125.0,47.0_-126.0,155.56,Directed
46.0_-125.0,47.0_-125.0,110.00,Directed
11.0_-163.0,10.0_-163.0,110.00,Directed
11.0_-163.0,10.0_-162.0,155.56,Directed
11.0_-163.0,11.0_-162.0,110.00,Directed
11.0_-163.0,12.0_-163.0,110.00,Directed
11.0_-163.0,12.0_-162.0,155.56,Directed
24.0_-152.0,23.0_-153.0,155.56,Directed
24.0_-152.0,25.0_-151.0,155.56,Directed
42.0_131.0,42.0_130.0,110.00,Directed
42.0_131.0,42.0_132.0,110.00,Directed
42.0_131.0,43.0_131.0,110.00,Directed
42.0_131.0,43.0_132.0,155.56,Directed
18.0_-85.0,17.0_-86.0,155.56,Directed
18.0_-85.0,17.0_-85.0,110.00,Directed
18.0_-85.0,17.0_-84.0,155.56,Directed
18.0_-85.0,18.0_-86.0,110.00,Directed
18.0_-85.0,18.0_-84.0,110.00,Directed
18.0_-85.0,19.0_-85.0,110.00,Directed
9.0_-166.0,8.0_-165.0,155.56,Directed
9.0_-166.0,10.0_-166.0,110.00,Directed
29.0_-122.0,28.0_-123.0,155.56,Directed
29.0_-122.0,29.0_-123.0,110.00,Directed
29.0_-122.0,29.0_-121.0,110.00,Directed
29.0_-122.0,30.0_-123.0,155.56,Directed
29.0_-122.0,30.0_-122.0,110.00,Directed
29.0_-122.0,30.0_-121.0,155.56,Directed
61.0_1.0,60.0_0.0,155.56,Directed
61.0_1.0,60.0_1.0,110.00,Directed
32.0_-155.0,31.0_-156.0,155.56,Directed
32.0_-155.0,31.0_-155.0,110.00,Directed
32.0_-155.0,32.0_-156.0,110.00,Directed
32.0_-155.0,33.0_-156.0,155.56,Directed
32.0_-155.0,33.0_-155.0,110.00,Directed
15.0_-63.0,14.0_-64.0,155.56,Directed
15.0_-63.0,14.0_-63.0,110.00,Directed
15.0_-63.0,14.0_-62.0,155.56,Directed
15.0_-63.0,15.0_-64.0,110.00,Directed
15.0_-63.0,15.0_-62.0,110.00,Directed
15.0_-63.0,16.0_-64.0,155.56,Directed
15.0_-63.0,16.0_-63.0,110.00,Directed
15.0_-63.0,16.0_-62.0,155.56,Directed
8.0_-161.0,7.0_-162.0,155.56,Directed
8.0_-161.0,7.0_-161.0,110.00,Directed
8.0_-161.0,8.0_-162.0,110.00,Directed
8.0_-161.0,9.0_-162.0,155.56,Directed
8.0_-161.0,9.0_-161.0,110.00,Directed
8.0_-161.0,9.0_-160.0,155.56,Directed
16.0_-60.0,15.0_-61.0,155.56,Directed
16.0_-60.0,15.0_-60.0,110.00,Directed
16.0_-60.0,15.0_-59.0,155.56,Directed
16.0_-60.0,16.0_-61.0,110.00,Directed
16.0_-60.0,16.0_-59.0,110.00,Directed
16.0_-60.0,17.0_-61.0,155.56,Directed
16.0_-60.0,17.0_-60.0,110.00,Directed
16.0_-60.0,17.0_-59.0,155.56,Directed
36.0_-142.0,35.0_-142.0,110.00,Directed
36.0_-142.0,35.0_-141.0,155.56,Directed
36.0_-142.0,36.0_-141.0,110.00,Directed
36.0_-142.0,37.0_-141.0,155.56,Directed
40.0_-136.0,39.0_-137.0,155.56,Directed
40.0_-136.0,39.0_-136.0,110.00,Directed
40.0_-136.0,39.0_-135.0,155.56,Directed
40.0_-136.0,40.0_-137.0,110.00,Directed
40.0_-136.0,40.0_-135.0,110.00,Directed
30.0_-76.0,29.0_-77.0,155.56,Directed
30.0_-76.0,29.0_-76.0,110.00,Directed
30.0_-76.0,29.0_-75.0,155.56,Directed
30.0_-76.0,30.0_-77.0,110.00,Directed
30.0_-76.0,30.0_-75.0,110.00,Directed
30.0_-76.0,31.0_-76.0,110.00,Directed
30.0_-76.0,31.0_-75.0,155.56,Directed
19.0_156.0,19.0_155.0,110.00,Directed
19.0_156.0,20.0_155.0,155.56,Directed
57.0_-134.0,56.0_-135.0,155.56,Directed
57.0_-134.0,57.0_-135.0,110.00,Directed
50.0_-8.0,49.0_-9.0,155.56,Directed
50.0_-8.0,49.0_-8.0,110.00,Directed
50.0_-8.0,49.0_-7.0,155.56,Directed
50.0_-8.0,50.0_-9.0,110.00,Directed
50.0_-8.0,50.0_-7.0,110.00,Directed
50.0_-8.0,51.0_-9.0,155.56,Directed
50.0_-8.0,51.0_-8.0,110.00,Directed
50.0_-8.0,51.0_-7.0,155.56,Directed
30.0_-175.0,29.0_-176.0,155.56,Directed
30.0_-175.0,30.0_-176.0,110.00,Directed
30.0_-175.0,31.0_-175.0,110.00,Directed
-32.0_-21.0,-33.0_-20.0,155.56,Directed
-32.0_-21.0,-32.0_-22.0,110.00,Directed
-32.0_-21.0,-31.0_-22.0,155.56,Directed
12.0_-115.0,11.0_-115.0,110.00,Directed
12.0_-115.0,12.0_-114.0,110.00,Directed
12.0_-115.0,13.0_-116.0,155.56,Directed
12.0_-115.0,13.0_-114.0,155.56,Directed
-14.0_-146.0,-15.0_-147.0,155.56,Directed
-14.0_-146.0,-15.0_-146.0,110.00,Directed
-14.0_-146.0,-15.0_-145.0,155.56,Directed
-14.0_-146.0,-14.0_-147.0,110.00,Directed
-14.0_-146.0,-14.0_-145.0,110.00,Directed
-14.0_-146.0,-13.0_-147.0,155.56,Directed
-14.0_-146.0,-13.0_-146.0,110.00,Directed
-14.0_-146.0,-13.0_-145.0,155.56,Directed
58.0_-15.0,57.0_-15.0,110.00,Directed
58.0_-15.0,58.0_-14.0,110.00,Directed
25.0_-73.0,24.0_-74.0,155.56,Directed
25.0_-73.0,24.0_-73.0,110.00,Directed
25.0_-73.0,24.0_-72.0,155.56,Directed
25.0_-73.0,25.0_-74.0,110.00,Directed
25.0_-73.0,25.0_-72.0,110.00,Directed
25.0_-73.0,26.0_-74.0,155.56,Directed
25.0_-73.0,26.0_-73.0,110.00,Directed
25.0_-73.0,26.0_-72.0,155.56,Directed
15.0_-117.0,14.0_-118.0,155.56,Directed
15.0_-117.0,14.0_-116.0,155.56,Directed
15.0_-117.0,15.0_-118.0,110.00,Directed
15.0_-117.0,15.0_-116.0,110.00,Directed
15.0_-117.0,16.0_-117.0,110.00,Directed
9.0_-93.0,8.0_-94.0,155.56,Directed
9.0_-93.0,8.0_-93.0,110.00,Directed
9.0_-93.0,10.0_-94.0,155.56,Directed
27.0_-71.0,26.0_-72.0,155.56,Directed
27.0_-71.0,26.0_-71.0,110.00,Directed
27.0_-71.0,26.0_-70.0,155.56,Directed
27.0_-71.0,27.0_-72.0,110.00,Directed
27.0_-71.0,27.0_-70.0,110.00,Directed
27.0_-71.0,28.0_-72.0,155.56,Directed
27.0_-71.0,28.0_-71.0,110.00,Directed
27.0_-71.0,28.0_-70.0,155.56,Directed
40.0_-149.0,39.0_-150.0,155.56,Directed
40.0_-149.0,39.0_-148.0,155.56,Directed
40.0_-149.0,40.0_-150.0,110.00,Directed
40.0_-149.0,41.0_-150.0,155.56,Directed
40.0_-149.0,41.0_-149.0,110.00,Directed
40.0_-149.0,41.0_-148.0,155.56,Directed
10.0_-166.0,9.0_-166.0,110.00,Directed
10.0_-166.0,11.0_-167.0,155.56,Directed
44.0_-42.0,44.0_-41.0,110.00,Directed
-13.0_87.0,-14.0_87.0,110.00,Directed
-13.0_87.0,-13.0_86.0,110.00,Directed
-13.0_87.0,-13.0_88.0,110.00,Directed
-13.0_87.0,-12.0_86.0,155.56,Directed
-13.0_87.0,-12.0_87.0,110.00,Directed
16.0_-69.0,15.0_-70.0,155.56,Directed
16.0_-69.0,15.0_-69.0,110.00,Directed
16.0_-69.0,15.0_-68.0,155.56,Directed
16.0_-69.0,16.0_-70.0,110.00,Directed
16.0_-69.0,16.0_-68.0,110.00,Directed
16.0_-69.0,17.0_-70.0,155.56,Directed
16.0_-69.0,17.0_-69.0,110.00,Directed
16.0_-69.0,17.0_-68.0,155.56,Directed
32.0_-137.0,31.0_-138.0,155.56,Directed
32.0_-137.0,32.0_-138.0,110.00,Directed
32.0_-137.0,32.0_-136.0,110.00,Directed
32.0_-137.0,33.0_-137.0,110.00,Directed
32.0_-137.0,33.0_-136.0,155.56,Directed
11.0_-158.0,10.0_-159.0,155.56,Directed
11.0_-158.0,10.0_-158.0,110.00,Directed
11.0_-158.0,10.0_-157.0,155.56,Directed
11.0_-158.0,11.0_-159.0,110.00,Directed
11.0_-158.0,12.0_-159.0,155.56,Directed
11.0_-158.0,12.0_-158.0,110.00,Directed
11.0_-158.0,12.0_-157.0,155.56,Directed
-13.0_-154.0,-14.0_-154.0,110.00,Directed
-13.0_-154.0,-14.0_-153.0,155.56,Directed
-13.0_-154.0,-13.0_-155.0,110.00,Directed
-13.0_-154.0,-12.0_-155.0,155.56,Directed
29.0_-65.0,28.0_-66.0,155.56,Directed
29.0_-65.0,28.0_-65.0,110.00,Directed
29.0_-65.0,28.0_-64.0,155.56,Directed
29.0_-65.0,29.0_-66.0,110.00,Directed
29.0_-65.0,29.0_-64.0,110.00,Directed
29.0_-65.0,30.0_-66.0,155.56,Directed
29.0_-65.0,30.0_-65.0,110.00,Directed
29.0_-65.0,30.0_-64.0,155.56,Directed
34.0_-158.0,33.0_-158.0,110.00,Directed
34.0_-158.0,34.0_-157.0,110.00,Directed
34.0_-158.0,35.0_-157.0,155.56,Directed
20.0_136.0,21.0_136.0,110.00,Directed
30.0_128.0,29.0_127.0,155.56,Directed
30.0_128.0,29.0_128.0,110.00,Directed
30.0_128.0,29.0_129.0,155.56,Directed
30.0_128.0,30.0_127.0,110.00,Directed
30.0_128.0,30.0_129.0,110.00,Directed
30.0_128.0,31.0_127.0,155.56,Directed
30.0_128.0,31.0_128.0,110.00,Directed
30.0_128.0,31.0_129.0,155.56,Directed
-4.0_-105.0,-5.0_-106.0,155.56,Directed
-4.0_-105.0,-3.0_-104.0,155.56,Directed
-2.0_-143.0,-3.0_-144.0,155.56,Directed
-2.0_-143.0,-3.0_-143.0,110.00,Directed
-2.0_-143.0,-3.0_-142.0,155.56,Directed
-2.0_-143.0,-2.0_-144.0,110.00,Directed
-2.0_-143.0,-2.0_-142.0,110.00,Directed
-2.0_-143.0,-1.0_-144.0,155.56,Directed
-2.0_-143.0,-1.0_-143.0,110.00,Directed
-2.0_-143.0,-1.0_-142.0,155.56,Directed
22.0_134.0,21.0_133.0,155.56,Directed
22.0_134.0,22.0_133.0,110.00,Directed
22.0_134.0,23.0_134.0,110.00,Directed
19.0_-73.0,19.0_-74.0,110.00,Directed
19.0_-73.0,20.0_-74.0,155.56,Directed
19.0_-73.0,20.0_-73.0,110.00,Directed
19.0_-73.0,20.0_-72.0,155.56,Directed
39.0_-140.0,38.0_-140.0,110.00,Directed
39.0_-140.0,38.0_-139.0,155.56,Directed
39.0_-140.0,39.0_-141.0,110.00,Directed
39.0_-140.0,39.0_-139.0,110.00,Directed
39.0_-140.0,40.0_-141.0,155.56,Directed
39.0_-140.0,40.0_-140.0,110.00,Directed
39.0_-140.0,40.0_-139.0,155.56,Directed
13.0_-160.0,12.0_-160.0,110.00,Directed
13.0_-160.0,12.0_-159.0,155.56,Directed
13.0_-160.0,13.0_-161.0,110.00,Directed
13.0_-160.0,13.0_-159.0,110.00,Directed
13.0_-160.0,14.0_-161.0,155.56,Directed
13.0_-160.0,14.0_-160.0,110.00,Directed
13.0_-160.0,14.0_-159.0,155.56,Directed
74.0_129.0,73.0_129.0,110.00,Directed
74.0_129.0,73.0_130.0,155.56,Directed
35.0_-6.0,36.0_-7.0,155.56,Directed
35.0_-6.0,36.0_-5.0,155.56,Directed
-34.0_0.0,-35.0_0.0,110.00,Directed
-34.0_0.0,-34.0_1.0,110.00,Directed
-33.0_-80.0,-34.0_-80.0,110.00,Directed
-33.0_-80.0,-33.0_-79.0,110.00,Directed
21.0_-158.0,20.0_-159.0,155.56,Directed
21.0_-158.0,20.0_-158.0,110.00,Directed
21.0_-158.0,20.0_-157.0,155.56,Directed
21.0_-158.0,21.0_-159.0,110.00,Directed
21.0_-158.0,21.0_-157.0,110.00,Directed
21.0_-158.0,22.0_-159.0,155.56,Directed
21.0_-158.0,22.0_-158.0,110.00,Directed
9.0_-122.0,8.0_-122.0,110.00,Directed
9.0_-122.0,8.0_-121.0,155.56,Directed
9.0_-122.0,9.0_-123.0,110.00,Directed
9.0_-122.0,9.0_-121.0,110.00,Directed
9.0_-122.0,10.0_-122.0,110.00,Directed
56.0_-9.0,55.0_-10.0,155.56,Directed
56.0_-9.0,55.0_-9.0,110.00,Directed
56.0_-9.0,55.0_-8.0,155.56,Directed
56.0_-9.0,56.0_-10.0,110.00,Directed
56.0_-9.0,56.0_-8.0,110.00,Directed
56.0_-9.0,57.0_-10.0,155.56,Directed
56.0_-9.0,57.0_-9.0,110.00,Directed
56.0_-9.0,57.0_-8.0,155.56,Directed
43.0_6.0,42.0_5.0,155.56,Directed
43.0_6.0,42.0_6.0,110.00,Directed
43.0_6.0,42.0_7.0,155.56,Directed
43.0_6.0,43.0_5.0,110.00,Directed
43.0_6.0,43.0_7.0,110.00,Directed
6.0_95.0,6.0_94.0,110.00,Directed
6.0_95.0,7.0_96.0,155.56,Directed
24.0_-147.0,25.0_-148.0,155.56,Directed
35.0_130.0,34.0_129.0,155.56,Directed
35.0_130.0,34.0_130.0,110.00,Directed
35.0_130.0,34.0_131.0,155.56,Directed
35.0_130.0,35.0_131.0,110.00,Directed
35.0_130.0,36.0_131.0,155.56,Directed
1.0_-125.0,0.0_-126.0,155.56,Directed
1.0_-125.0,1.0_-126.0,110.00,Directed
1.0_-125.0,1.0_-124.0,110.00,Directed
1.0_-125.0,2.0_-126.0,155.56,Directed
-35.0_-38.0,-35.0_-39.0,110.00,Directed
-35.0_-38.0,-35.0_-37.0,110.00,Directed
38.0_7.0,38.0_6.0,110.00,Directed
38.0_7.0,38.0_8.0,110.00,Directed
38.0_7.0,39.0_6.0,155.56,Directed
38.0_7.0,39.0_7.0,110.00,Directed
38.0_7.0,39.0_8.0,155.56,Directed
2.0_-161.0,1.0_-161.0,110.00,Directed
2.0_-161.0,1.0_-160.0,155.56,Directed
2.0_-161.0,2.0_-160.0,110.00,Directed
2.0_-161.0,3.0_-162.0,155.56,Directed
2.0_-161.0,3.0_-161.0,110.00,Directed
2.0_-161.0,3.0_-160.0,155.56,Directed
-25.0_-125.0,-26.0_-124.0,155.56,Directed
-25.0_-125.0,-25.0_-126.0,110.00,Directed
-25.0_-125.0,-25.0_-124.0,110.00,Directed
24.0_128.0,23.0_127.0,155.56,Directed
24.0_128.0,23.0_128.0,110.00,Directed
24.0_128.0,25.0_127.0,155.56,Directed
24.0_128.0,25.0_128.0,110.00,Directed
39.0_146.0,38.0_146.0,110.00,Directed
39.0_146.0,39.0_147.0,110.00,Directed
39.0_146.0,40.0_145.0,155.56,Directed
39.0_146.0,40.0_146.0,110.00,Directed
40.0_146.0,39.0_146.0,110.00,Directed
40.0_146.0,39.0_147.0,155.56,Directed
40.0_146.0,40.0_145.0,110.00,Directed
29.0_-78.0,28.0_-79.0,155.56,Directed
29.0_-78.0,28.0_-78.0,110.00,Directed
29.0_-78.0,28.0_-77.0,155.56,Directed
29.0_-78.0,29.0_-79.0,110.00,Directed
29.0_-78.0,29.0_-77.0,110.00,Directed
29.0_-78.0,30.0_-79.0,155.56,Directed
29.0_-78.0,30.0_-78.0,110.00,Directed
29.0_-78.0,30.0_-77.0,155.56,Directed
33.0_132.0,32.0_132.0,110.00,Directed
33.0_132.0,32.0_133.0,155.56,Directed
33.0_132.0,33.0_131.0,110.00,Directed
33.0_132.0,33.0_133.0,110.00,Directed
33.0_132.0,34.0_131.0,155.56,Directed
33.0_132.0,34.0_132.0,110.00,Directed
33.0_132.0,34.0_133.0,155.56,Directed
34.0_-145.0,33.0_-144.0,155.56,Directed
34.0_-145.0,34.0_-144.0,110.00,Directed
34.0_-145.0,35.0_-146.0,155.56,Directed
59.0_-12.0,58.0_-12.0,110.00,Directed
59.0_-12.0,58.0_-11.0,155.56,Directed
59.0_-12.0,59.0_-11.0,110.00,Directed
26.0_-74.0,25.0_-75.0,155.56,Directed
26.0_-74.0,25.0_-74.0,110.00,Directed
26.0_-74.0,25.0_-73.0,155.56,Directed
26.0_-74.0,26.0_-75.0,110.00,Directed
26.0_-74.0,26.0_-73.0,110.00,Directed
26.0_-74.0,27.0_-75.0,155.56,Directed
26.0_-74.0,27.0_-74.0,110.00,Directed
26.0_-74.0,27.0_-73.0,155.56,Directed
-2.0_-130.0,-3.0_-129.0,155.56,Directed
-2.0_-130.0,-1.0_-131.0,155.56,Directed
-2.0_-130.0,-1.0_-130.0,110.00,Directed
-2.0_-130.0,-1.0_-129.0,155.56,Directed
20.0_-84.0,19.0_-85.0,155.56,Directed
20.0_-84.0,21.0_-85.0,155.56,Directed
20.0_-84.0,21.0_-84.0,110.00,Directed
20.0_-84.0,21.0_-83.0,155.56,Directed
44.0_-86.0,43.0_-87.0,155.56,Directed
44.0_-86.0,44.0_-87.0,110.00,Directed
44.0_-86.0,45.0_-87.0,155.56,Directed
44.0_-86.0,45.0_-86.0,110.00,Directed
44.0_-86.0,45.0_-85.0,155.56,Directed
17.0_-114.0,16.0_-115.0,155.56,Directed
17.0_-114.0,17.0_-113.0,110.00,Directed
17.0_-114.0,18.0_-115.0,155.56,Directed
14.0_-112.0,13.0_-113.0,155.56,Directed
14.0_-112.0,14.0_-113.0,110.00,Directed
14.0_-112.0,15.0_-113.0,155.56,Directed
14.0_-112.0,15.0_-112.0,110.00,Directed
14.0_-112.0,15.0_-111.0,155.56,Directed
38.0_136.0,37.0_135.0,155.56,Directed
38.0_136.0,37.0_136.0,110.00,Directed
38.0_136.0,37.0_137.0,155.56,Directed
38.0_136.0,38.0_135.0,110.00,Directed
38.0_136.0,38.0_137.0,110.00,Directed
38.0_136.0,39.0_135.0,155.56,Directed
38.0_136.0,39.0_137.0,155.56,Directed
-24.0_-7.0,-25.0_-8.0,155.56,Directed
-24.0_-7.0,-23.0_-7.0,110.00,Directed
37.0_137.0,36.0_136.0,155.56,Directed
37.0_137.0,36.0_137.0,110.00,Directed
37.0_137.0,37.0_136.0,110.00,Directed
37.0_137.0,37.0_138.0,110.00,Directed
37.0_137.0,38.0_136.0,155.56,Directed
37.0_137.0,38.0_137.0,110.00,Directed
37.0_137.0,38.0_138.0,155.56,Directed
21.0_133.0,20.0_133.0,110.00,Directed
21.0_133.0,22.0_133.0,110.00,Directed
21.0_133.0,22.0_134.0,155.56,Directed
44.0_8.0,43.0_7.0,155.56,Directed
44.0_8.0,43.0_8.0,110.00,Directed
44.0_8.0,43.0_9.0,155.56,Directed
44.0_8.0,44.0_9.0,110.00,Directed
9.0_-135.0,8.0_-136.0,155.56,Directed
9.0_-135.0,8.0_-135.0,110.00,Directed
9.0_-135.0,10.0_-136.0,155.56,Directed
9.0_-135.0,10.0_-135.0,110.00,Directed
9.0_-135.0,10.0_-134.0,155.56,Directed
6.0_-159.0,5.0_-159.0,110.00,Directed
6.0_-159.0,5.0_-158.0,155.56,Directed
6.0_-159.0,6.0_-158.0,110.00,Directed
6.0_-159.0,7.0_-159.0,110.00,Directed
6.0_-159.0,7.0_-158.0,155.56,Directed
32.0_-124.0,31.0_-125.0,155.56,Directed
32.0_-124.0,31.0_-124.0,110.00,Directed
32.0_-124.0,31.0_-123.0,155.56,Directed
32.0_-124.0,32.0_-125.0,110.00,Directed
32.0_-124.0,32.0_-123.0,110.00,Directed
32.0_-124.0,33.0_-125.0,155.56,Directed
32.0_-124.0,33.0_-124.0,110.00,Directed
32.0_-124.0,33.0_-123.0,155.56,Directed
36.0_-66.0,35.0_-67.0,155.56,Directed
36.0_-66.0,35.0_-66.0,110.00,Directed
36.0_-66.0,35.0_-65.0,155.56,Directed
36.0_-66.0,36.0_-67.0,110.00,Directed
36.0_-66.0,36.0_-65.0,110.00,Directed
36.0_-66.0,37.0_-67.0,155.56,Directed
36.0_-66.0,37.0_-66.0,110.00,Directed
36.0_-66.0,37.0_-65.0,155.56,Directed
40.0_120.0,39.0_120.0,110.00,Directed
40.0_120.0,39.0_121.0,155.56,Directed
40.0_120.0,40.0_121.0,110.00,Directed
-16.0_92.0,-17.0_92.0,110.00,Directed
39.0_120.0,38.0_119.0,155.56,Directed
39.0_120.0,39.0_121.0,110.00,Directed
39.0_120.0,40.0_120.0,110.00,Directed
39.0_120.0,40.0_121.0,155.56,Directed
-3.0_-100.0,-3.0_-101.0,110.00,Directed
-3.0_-100.0,-3.0_-99.0,110.00,Directed
-6.0_-146.0,-7.0_-145.0,155.56,Directed
-6.0_-146.0,-6.0_-145.0,110.00,Directed
-6.0_-146.0,-5.0_-147.0,155.56,Directed
-6.0_-146.0,-5.0_-146.0,110.00,Directed
-6.0_-146.0,-5.0_-145.0,155.56,Directed
39.0_9.0,38.0_8.0,155.56,Directed
39.0_9.0,38.0_9.0,110.00,Directed
39.0_9.0,38.0_10.0,155.56,Directed
39.0_9.0,39.0_8.0,110.00,Directed
39.0_9.0,40.0_8.0,155.56,Directed
39.0_9.0,40.0_9.0,110.00,Directed
13.0_-65.0,12.0_-66.0,155.56,Directed
13.0_-65.0,12.0_-65.0,110.00,Directed
13.0_-65.0,12.0_-64.0,155.56,Directed
13.0_-65.0,13.0_-66.0,110.00,Directed
13.0_-65.0,13.0_-64.0,110.00,Directed
13.0_-65.0,14.0_-66.0,155.56,Directed
13.0_-65.0,14.0_-65.0,110.00,Directed
13.0_-65.0,14.0_-64.0,155.56,Directed
5.0_-163.0,5.0_-162.0,110.00,Directed
5.0_-163.0,6.0_-163.0,110.00,Directed
5.0_-163.0,6.0_-162.0,155.56,Directed
14.0_-62.0,13.0_-63.0,155.56,Directed
14.0_-62.0,13.0_-62.0,110.00,Directed
14.0_-62.0,13.0_-61.0,155.56,Directed
14.0_-62.0,14.0_-63.0,110.00,Directed
14.0_-62.0,14.0_-61.0,110.00,Directed
14.0_-62.0,15.0_-63.0,155.56,Directed
14.0_-62.0,15.0_-62.0,110.00,Directed
14.0_-62.0,15.0_-61.0,155.56,Directed
31.0_129.0,30.0_128.0,155.56,Directed
31.0_129.0,30.0_129.0,110.00,Directed
31.0_129.0,30.0_130.0,155.56,Directed
31.0_129.0,31.0_128.0,110.00,Directed
31.0_129.0,31.0_130.0,110.00,Directed
31.0_129.0,32.0_128.0,155.56,Directed
31.0_129.0,32.0_129.0,110.00,Directed
31.0_129.0,32.0_130.0,155.56,Directed
37.0_-156.0,36.0_-155.0,155.56,Directed
37.0_-156.0,37.0_-157.0,110.00,Directed
37.0_-156.0,38.0_-155.0,155.56,Directed
27.0_-145.0,26.0_-145.0,110.00,Directed
27.0_-145.0,28.0_-145.0,110.00,Directed
27.0_-145.0,28.0_-144.0,155.56,Directed
26.0_-61.0,25.0_-61.0,110.00,Directed
26.0_-61.0,25.0_-60.0,155.56,Directed
26.0_-61.0,26.0_-62.0,110.00,Directed
26.0_-61.0,26.0_-60.0,110.00,Directed
26.0_-61.0,27.0_-62.0,155.56,Directed
26.0_-61.0,27.0_-61.0,110.00,Directed
26.0_-61.0,27.0_-60.0,155.56,Directed
-5.0_-141.0,-6.0_-142.0,155.56,Directed
-5.0_-141.0,-6.0_-141.0,110.00,Directed
-5.0_-141.0,-6.0_-140.0,155.56,Directed
-5.0_-141.0,-5.0_-142.0,110.00,Directed
-5.0_-141.0,-4.0_-142.0,155.56,Directed
-5.0_-141.0,-4.0_-141.0,110.00,Directed
42.0_-135.0,42.0_-134.0,110.00,Directed
42.0_-135.0,43.0_-135.0,110.00,Directed
4.0_-16.0,3.0_-15.0,155.56,Directed
32.0_-74.0,31.0_-75.0,155.56,Directed
32.0_-74.0,31.0_-74.0,110.00,Directed
32.0_-74.0,31.0_-73.0,155.56,Directed
32.0_-74.0,32.0_-75.0,110.00,Directed
32.0_-74.0,32.0_-73.0,110.00,Directed
49.0_-2.0,48.0_-3.0,155.56,Directed
49.0_-2.0,49.0_-1.0,110.00,Directed
49.0_-2.0,50.0_-3.0,155.56,Directed
49.0_-2.0,50.0_-2.0,110.00,Directed
49.0_-2.0,50.0_-1.0,155.56,Directed
42.0_8.0,41.0_7.0,155.56,Directed
42.0_8.0,41.0_8.0,110.00,Directed
42.0_8.0,41.0_9.0,155.56,Directed
42.0_8.0,42.0_7.0,110.00,Directed
42.0_8.0,42.0_9.0,110.00,Directed
42.0_8.0,43.0_7.0,155.56,Directed
42.0_8.0,43.0_8.0,110.00,Directed
42.0_8.0,43.0_9.0,155.56,Directed
-3.0_-143.0,-4.0_-143.0,110.00,Directed
-3.0_-143.0,-4.0_-142.0,155.56,Directed
-3.0_-143.0,-3.0_-144.0,110.00,Directed
-3.0_-143.0,-3.0_-142.0,110.00,Directed
-3.0_-143.0,-2.0_-144.0,155.56,Directed
-3.0_-143.0,-2.0_-143.0,110.00,Directed
-3.0_-143.0,-2.0_-142.0,155.56,Directed
-32.0_-29.0,-33.0_-30.0,155.56,Directed
-32.0_-29.0,-32.0_-28.0,110.00,Directed
-18.0_98.0,-18.0_97.0,110.00,Directed
29.0_-118.0,28.0_-119.0,155.56,Directed
29.0_-118.0,28.0_-118.0,110.00,Directed
29.0_-118.0,28.0_-117.0,155.56,Directed
29.0_-118.0,29.0_-119.0,110.00,Directed
29.0_-118.0,30.0_-118.0,110.00,Directed
-9.0_-124.0,-8.0_-125.0,155.56,Directed
13.0_-64.0,12.0_-65.0,155.56,Directed
13.0_-64.0,12.0_-64.0,110.00,Directed
13.0_-64.0,12.0_-63.0,155.56,Directed
13.0_-64.0,13.0_-65.0,110.00,Directed
13.0_-64.0,13.0_-63.0,110.00,Directed
13.0_-64.0,14.0_-65.0,155.56,Directed
13.0_-64.0,14.0_-64.0,110.00,Directed
13.0_-64.0,14.0_-63.0,155.56,Directed
38.0_-140.0,37.0_-141.0,155.56,Directed
38.0_-140.0,37.0_-140.0,110.00,Directed
38.0_-140.0,37.0_-139.0,155.56,Directed
38.0_-140.0,38.0_-139.0,110.00,Directed
38.0_-140.0,39.0_-141.0,155.56,Directed
38.0_-140.0,39.0_-140.0,110.00,Directed
38.0_-140.0,39.0_-139.0,155.56,Directed
10.0_-147.0,9.0_-147.0,110.00,Directed
10.0_-147.0,9.0_-146.0,155.56,Directed
10.0_-147.0,10.0_-148.0,110.00,Directed
10.0_-147.0,10.0_-146.0,110.00,Directed
10.0_-147.0,11.0_-148.0,155.56,Directed
-11.0_142.0,-12.0_143.0,155.56,Directed
31.0_-76.0,30.0_-77.0,155.56,Directed
31.0_-76.0,30.0_-76.0,110.00,Directed
31.0_-76.0,30.0_-75.0,155.56,Directed
31.0_-76.0,31.0_-75.0,110.00,Directed
31.0_-76.0,32.0_-77.0,155.56,Directed
31.0_-76.0,32.0_-76.0,110.00,Directed
31.0_-76.0,32.0_-75.0,155.56,Directed
33.0_-140.0,32.0_-141.0,155.56,Directed
33.0_-140.0,32.0_-140.0,110.00,Directed
33.0_-140.0,32.0_-139.0,155.56,Directed
33.0_-140.0,33.0_-141.0,110.00,Directed
33.0_-140.0,33.0_-139.0,110.00,Directed
33.0_-140.0,34.0_-141.0,155.56,Directed
33.0_-140.0,34.0_-140.0,110.00,Directed
22.0_-156.0,21.0_-157.0,155.56,Directed
22.0_-156.0,21.0_-156.0,110.00,Directed
22.0_-156.0,21.0_-155.0,155.56,Directed
22.0_-156.0,22.0_-155.0,110.00,Directed
22.0_-156.0,23.0_-157.0,155.56,Directed
22.0_-156.0,23.0_-156.0,110.00,Directed
26.0_-177.0,25.0_-176.0,155.56,Directed
26.0_-177.0,27.0_-178.0,155.56,Directed
31.0_-138.0,30.0_-138.0,110.00,Directed
31.0_-138.0,32.0_-139.0,155.56,Directed
31.0_-138.0,32.0_-138.0,110.00,Directed
31.0_-138.0,32.0_-137.0,155.56,Directed
37.0_-67.0,36.0_-68.0,155.56,Directed
37.0_-67.0,36.0_-67.0,110.00,Directed
37.0_-67.0,36.0_-66.0,155.56,Directed
37.0_-67.0,37.0_-68.0,110.00,Directed
37.0_-67.0,37.0_-66.0,110.00,Directed
37.0_-67.0,38.0_-68.0,155.56,Directed
37.0_-67.0,38.0_-67.0,110.00,Directed
37.0_-67.0,38.0_-66.0,155.56,Directed
49.0_-128.0,48.0_-129.0,155.56,Directed
49.0_-128.0,48.0_-127.0,155.56,Directed
49.0_-128.0,49.0_-129.0,110.00,Directed
49.0_-128.0,49.0_-127.0,110.00,Directed
49.0_-128.0,50.0_-129.0,155.56,Directed
32.0_132.0,31.0_131.0,155.56,Directed
32.0_132.0,31.0_132.0,110.00,Directed
32.0_132.0,31.0_133.0,155.56,Directed
32.0_132.0,32.0_133.0,110.00,Directed
32.0_132.0,33.0_131.0,155.56,Directed
32.0_132.0,33.0_132.0,110.00,Directed
32.0_132.0,33.0_133.0,155.56,Directed
15.0_-58.0,14.0_-59.0,155.56,Directed
15.0_-58.0,15.0_-59.0,110.00,Directed
15.0_-58.0,16.0_-59.0,155.56,Directed
15.0_-58.0,16.0_-58.0,110.00,Directed
30.0_-157.0,29.0_-158.0,155.56,Directed
30.0_-157.0,29.0_-157.0,110.00,Directed
30.0_-157.0,29.0_-156.0,155.56,Directed
30.0_-157.0,30.0_-158.0,110.00,Directed
30.0_-157.0,30.0_-156.0,110.00,Directed
30.0_-157.0,31.0_-158.0,155.56,Directed
30.0_-157.0,31.0_-157.0,110.00,Directed
30.0_-157.0,31.0_-156.0,155.56,Directed
8.0_-156.0,7.0_-157.0,155.56,Directed
8.0_-156.0,7.0_-156.0,110.00,Directed
8.0_-156.0,7.0_-155.0,155.56,Directed
8.0_-156.0,8.0_-157.0,110.00,Directed
8.0_-156.0,8.0_-155.0,110.00,Directed
8.0_-156.0,9.0_-156.0,110.00,Directed
42.0_10.0,41.0_9.0,155.56,Directed
42.0_10.0,42.0_9.0,110.00,Directed
42.0_10.0,43.0_9.0,155.56,Directed
23.0_128.0,22.0_127.0,155.56,Directed
23.0_128.0,22.0_128.0,110.00,Directed
23.0_128.0,23.0_127.0,110.00,Directed
23.0_128.0,24.0_128.0,110.00,Directed
40.0_-27.0,39.0_-26.0,155.56,Directed
27.0_-158.0,26.0_-159.0,155.56,Directed
27.0_-158.0,26.0_-158.0,110.00,Directed
27.0_-158.0,26.0_-157.0,155.56,Directed
27.0_-158.0,27.0_-159.0,110.00,Directed
27.0_-158.0,27.0_-157.0,110.00,Directed
27.0_-158.0,28.0_-158.0,110.00,Directed
27.0_-158.0,28.0_-157.0,155.56,Directed
44.0_-2.0,43.0_-3.0,155.56,Directed
44.0_-2.0,43.0_-2.0,110.00,Directed
44.0_-2.0,44.0_-3.0,110.00,Directed
44.0_-2.0,45.0_-3.0,155.56,Directed
44.0_-2.0,45.0_-2.0,110.00,Directed
32.0_-119.0,31.0_-120.0,155.56,Directed
32.0_-119.0,31.0_-119.0,110.00,Directed
32.0_-119.0,31.0_-118.0,155.56,Directed
32.0_-119.0,32.0_-120.0,110.00,Directed
32.0_-119.0,32.0_-118.0,110.00,Directed
32.0_-119.0,33.0_-120.0,155.56,Directed
32.0_-119.0,33.0_-119.0,110.00,Directed
32.0_-119.0,33.0_-118.0,155.56,Directed
76.0_11.0,76.0_12.0,110.00,Directed
76.0_11.0,77.0_10.0,155.56,Directed
76.0_11.0,77.0_11.0,110.00,Directed
76.0_11.0,77.0_12.0,155.56,Directed
31.0_-125.0,30.0_-125.0,110.00,Directed
31.0_-125.0,30.0_-124.0,155.56,Directed
31.0_-125.0,31.0_-124.0,110.00,Directed
31.0_-125.0,32.0_-126.0,155.56,Directed
31.0_-125.0,32.0_-125.0,110.00,Directed
31.0_-125.0,32.0_-124.0,155.56,Directed
13.0_-130.0,12.0_-130.0,110.00,Directed
13.0_-130.0,14.0_-131.0,155.56,Directed
13.0_-130.0,14.0_-130.0,110.00,Directed
26.0_-56.0,25.0_-57.0,155.56,Directed
26.0_-56.0,25.0_-56.0,110.00,Directed
26.0_-56.0,26.0_-57.0,110.00,Directed
26.0_-56.0,27.0_-57.0,155.56,Directed
26.0_-56.0,27.0_-56.0,110.00,Directed
35.0_-60.0,34.0_-61.0,155.56,Directed
35.0_-60.0,34.0_-60.0,110.00,Directed
35.0_-60.0,34.0_-59.0,155.56,Directed
35.0_-60.0,35.0_-61.0,110.00,Directed
35.0_-60.0,35.0_-59.0,110.00,Directed
35.0_-60.0,36.0_-61.0,155.56,Directed
35.0_-60.0,36.0_-60.0,110.00,Directed
44.0_-68.0,43.0_-69.0,155.56,Directed
44.0_-68.0,43.0_-68.0,110.00,Directed
44.0_-68.0,43.0_-67.0,155.56,Directed
44.0_-68.0,44.0_-69.0,110.00,Directed
44.0_-68.0,44.0_-67.0,110.00,Directed
16.0_-170.0,16.0_-169.0,110.00,Directed
16.0_-170.0,17.0_-171.0,155.56,Directed
-50.0_133.0,-51.0_134.0,155.56,Directed
-23.0_104.0,-22.0_103.0,155.56,Directed
16.0_-117.0,15.0_-118.0,155.56,Directed
16.0_-117.0,15.0_-117.0,110.00,Directed
16.0_-117.0,15.0_-116.0,155.56,Directed
16.0_-117.0,17.0_-116.0,155.56,Directed
-15.0_-145.0,-15.0_-146.0,110.00,Directed
-15.0_-145.0,-15.0_-144.0,110.00,Directed
-15.0_-145.0,-14.0_-146.0,155.56,Directed
-15.0_-145.0,-14.0_-145.0,110.00,Directed
-15.0_-145.0,-14.0_-144.0,155.56,Directed
2.0_-142.0,1.0_-143.0,155.56,Directed
2.0_-142.0,1.0_-141.0,155.56,Directed
2.0_-142.0,2.0_-143.0,110.00,Directed
2.0_-142.0,3.0_-142.0,110.00,Directed
10.0_-134.0,9.0_-135.0,155.56,Directed
10.0_-134.0,10.0_-135.0,110.00,Directed
10.0_-134.0,10.0_-133.0,110.00,Directed
10.0_-134.0,11.0_-135.0,155.56,Directed
10.0_-134.0,11.0_-134.0,110.00,Directed
10.0_-134.0,11.0_-133.0,155.56,Directed
30.0_-59.0,29.0_-60.0,155.56,Directed
30.0_-59.0,29.0_-59.0,110.00,Directed
30.0_-59.0,29.0_-58.0,155.56,Directed
30.0_-59.0,30.0_-60.0,110.00,Directed
30.0_-59.0,30.0_-58.0,110.00,Directed
30.0_-59.0,31.0_-60.0,155.56,Directed
30.0_-59.0,31.0_-58.0,155.56,Directed
-10.0_-145.0,-11.0_-146.0,155.56,Directed
-10.0_-145.0,-11.0_-145.0,110.00,Directed
-10.0_-145.0,-11.0_-144.0,155.56,Directed
20.0_-163.0,19.0_-162.0,155.56,Directed
20.0_-163.0,20.0_-164.0,110.00,Directed
59.0_-1.0,58.0_0.0,155.56,Directed
59.0_-1.0,60.0_-2.0,155.56,Directed
59.0_-1.0,60.0_-1.0,110.00,Directed
59.0_-1.0,60.0_0.0,155.56,Directed
18.0_-69.0,17.0_-70.0,155.56,Directed
18.0_-69.0,17.0_-69.0,110.00,Directed
18.0_-69.0,17.0_-68.0,155.56,Directed
18.0_-69.0,18.0_-68.0,110.00,Directed
18.0_-69.0,19.0_-70.0,155.56,Directed
18.0_-69.0,19.0_-69.0,110.00,Directed
14.0_-142.0,13.0_-141.0,155.56,Directed
14.0_-142.0,14.0_-143.0,110.00,Directed
31.0_-63.0,30.0_-64.0,155.56,Directed
31.0_-63.0,30.0_-63.0,110.00,Directed
31.0_-63.0,30.0_-62.0,155.56,Directed
31.0_-63.0,31.0_-64.0,110.00,Directed
31.0_-63.0,31.0_-62.0,110.00,Directed
31.0_-63.0,32.0_-64.0,155.56,Directed
31.0_-63.0,32.0_-63.0,110.00,Directed
31.0_-63.0,32.0_-62.0,155.56,Directed
36.0_142.0,35.0_141.0,155.56,Directed
36.0_142.0,35.0_142.0,110.00,Directed
36.0_142.0,36.0_141.0,110.00,Directed
36.0_142.0,36.0_143.0,110.00,Directed
36.0_142.0,37.0_141.0,155.56,Directed
36.0_142.0,37.0_142.0,110.00,Directed
36.0_142.0,37.0_143.0,155.56,Directed
27.0_-73.0,26.0_-74.0,155.56,Directed
27.0_-73.0,26.0_-73.0,110.00,Directed
27.0_-73.0,26.0_-72.0,155.56,Directed
27.0_-73.0,27.0_-74.0,110.00,Directed
27.0_-73.0,27.0_-72.0,110.00,Directed
27.0_-73.0,28.0_-74.0,155.56,Directed
27.0_-73.0,28.0_-73.0,110.00,Directed
27.0_-73.0,28.0_-72.0,155.56,Directed
52.0_-11.0,51.0_-12.0,155.56,Directed
52.0_-11.0,51.0_-11.0,110.00,Directed
52.0_-11.0,51.0_-10.0,155.56,Directed
52.0_-11.0,52.0_-12.0,110.00,Directed
52.0_-11.0,52.0_-10.0,110.00,Directed
52.0_-11.0,53.0_-12.0,155.56,Directed
52.0_-11.0,53.0_-11.0,110.00,Directed
52.0_-11.0,53.0_-10.0,155.56,Directed
22.0_-59.0,21.0_-60.0,155.56,Directed
22.0_-59.0,21.0_-59.0,110.00,Directed
22.0_-59.0,21.0_-58.0,155.56,Directed
22.0_-59.0,22.0_-60.0,110.00,Directed
22.0_-59.0,22.0_-58.0,110.00,Directed
22.0_-59.0,23.0_-60.0,155.56,Directed
22.0_-59.0,23.0_-59.0,110.00,Directed
22.0_-59.0,23.0_-58.0,155.56,Directed
20.0_-65.0,19.0_-66.0,155.56,Directed
20.0_-65.0,19.0_-65.0,110.00,Directed
20.0_-65.0,19.0_-64.0,155.56,Directed
20.0_-65.0,20.0_-66.0,110.00,Directed
20.0_-65.0,20.0_-64.0,110.00,Directed
20.0_-65.0,21.0_-66.0,155.56,Directed
20.0_-65.0,21.0_-65.0,110.00,Directed
20.0_-65.0,21.0_-64.0,155.56,Directed
12.0_-162.0,11.0_-163.0,155.56,Directed
12.0_-162.0,11.0_-162.0,110.00,Directed
12.0_-162.0,11.0_-161.0,155.56,Directed
12.0_-162.0,12.0_-163.0,110.00,Directed
12.0_-162.0,13.0_-163.0,155.56,Directed
12.0_-162.0,13.0_-161.0,155.56,Directed
45.0_-85.0,44.0_-86.0,155.56,Directed
45.0_-85.0,45.0_-86.0,110.00,Directed
45.0_-85.0,45.0_-84.0,110.00,Directed
45.0_-85.0,46.0_-86.0,155.56,Directed
45.0_-85.0,46.0_-85.0,110.00,Directed
-31.0_-96.0,-32.0_-95.0,155.56,Directed
-31.0_-96.0,-31.0_-97.0,110.00,Directed
-32.0_-95.0,-32.0_-94.0,110.00,Directed
-32.0_-95.0,-31.0_-96.0,155.56,Directed
-2.0_-92.0,-2.0_-91.0,110.00,Directed
-2.0_-92.0,-1.0_-91.0,155.56,Directed
-35.0_-80.0,-35.0_-79.0,110.00,Directed
-35.0_-80.0,-34.0_-80.0,110.00,Directed
72.0_65.0,73.0_66.0,155.56,Directed
21.0_-109.0,20.0_-110.0,155.56,Directed
21.0_-109.0,20.0_-109.0,110.00,Directed
21.0_-109.0,20.0_-108.0,155.56,Directed
21.0_-109.0,21.0_-110.0,110.00,Directed
21.0_-109.0,21.0_-108.0,110.00,Directed
21.0_-109.0,22.0_-110.0,155.56,Directed
21.0_-109.0,22.0_-109.0,110.00,Directed
21.0_-109.0,22.0_-108.0,155.56,Directed
22.0_-112.0,21.0_-111.0,155.56,Directed
22.0_-112.0,22.0_-111.0,110.00,Directed
22.0_-112.0,23.0_-113.0,155.56,Directed
22.0_-112.0,23.0_-112.0,110.00,Directed
22.0_-112.0,23.0_-111.0,155.56,Directed
60.0_-6.0,59.0_-7.0,155.56,Directed
60.0_-6.0,59.0_-6.0,110.00,Directed
60.0_-6.0,59.0_-5.0,155.56,Directed
60.0_-6.0,60.0_-7.0,110.00,Directed
60.0_-6.0,60.0_-5.0,110.00,Directed
60.0_-6.0,61.0_-7.0,155.56,Directed
60.0_-6.0,61.0_-5.0,155.56,Directed
-38.0_154.0,-39.0_154.0,110.00,Directed
-38.0_154.0,-38.0_153.0,110.00,Directed
-38.0_154.0,-37.0_154.0,110.00,Directed
28.0_-72.0,27.0_-73.0,155.56,Directed
28.0_-72.0,27.0_-72.0,110.00,Directed
28.0_-72.0,27.0_-71.0,155.56,Directed
28.0_-72.0,28.0_-73.0,110.00,Directed
28.0_-72.0,28.0_-71.0,110.00,Directed
28.0_-72.0,29.0_-73.0,155.56,Directed
28.0_-72.0,29.0_-72.0,110.00,Directed
28.0_-72.0,29.0_-71.0,155.56,Directed
17.0_-129.0,16.0_-130.0,155.56,Directed
17.0_-129.0,16.0_-129.0,110.00,Directed
17.0_-129.0,16.0_-128.0,155.56,Directed
17.0_-129.0,17.0_-130.0,110.00,Directed
17.0_-129.0,18.0_-130.0,155.56,Directed
17.0_-129.0,18.0_-128.0,155.56,Directed
43.0_-60.0,42.0_-61.0,155.56,Directed
43.0_-60.0,43.0_-61.0,110.00,Directed
43.0_-60.0,43.0_-59.0,110.00,Directed
43.0_-60.0,44.0_-61.0,155.56,Directed
43.0_-60.0,44.0_-60.0,110.00,Directed
43.0_-60.0,44.0_-59.0,155.56,Directed
16.0_158.0,15.0_159.0,155.56,Directed
16.0_158.0,17.0_157.0,155.56,Directed
7.0_-162.0,6.0_-163.0,155.56,Directed
7.0_-162.0,6.0_-162.0,110.00,Directed
7.0_-162.0,6.0_-161.0,155.56,Directed
7.0_-162.0,7.0_-163.0,110.00,Directed
7.0_-162.0,7.0_-161.0,110.00,Directed
7.0_-162.0,8.0_-163.0,155.56,Directed
7.0_-162.0,8.0_-162.0,110.00,Directed
7.0_-162.0,8.0_-161.0,155.56,Directed
56.0_-135.0,55.0_-135.0,110.00,Directed
56.0_-135.0,56.0_-136.0,110.00,Directed
56.0_-135.0,57.0_-136.0,155.56,Directed
56.0_-135.0,57.0_-135.0,110.00,Directed
56.0_-135.0,57.0_-134.0,155.56,Directed
31.0_-169.0,31.0_-170.0,110.00,Directed
31.0_-169.0,31.0_-168.0,110.00,Directed
31.0_-169.0,32.0_-170.0,155.56,Directed
31.0_-169.0,32.0_-168.0,155.56,Directed
24.0_-75.0,23.0_-76.0,155.56,Directed
24.0_-75.0,23.0_-75.0,110.00,Directed
24.0_-75.0,23.0_-74.0,155.56,Directed
24.0_-75.0,24.0_-76.0,110.00,Directed
24.0_-75.0,24.0_-74.0,110.00,Directed
24.0_-75.0,25.0_-76.0,155.56,Directed
24.0_-75.0,25.0_-75.0,110.00,Directed
24.0_-75.0,25.0_-74.0,155.56,Directed
54.0_-168.0,53.0_-168.0,110.00,Directed
54.0_-168.0,54.0_-167.0,110.00,Directed
5.0_-129.0,4.0_-128.0,155.56,Directed
5.0_-129.0,5.0_-128.0,110.00,Directed
35.0_-157.0,34.0_-158.0,155.56,Directed
35.0_-157.0,34.0_-157.0,110.00,Directed
35.0_-157.0,34.0_-156.0,155.56,Directed
35.0_-157.0,35.0_-156.0,110.00,Directed
35.0_-157.0,36.0_-158.0,155.56,Directed
43.0_4.0,42.0_3.0,155.56,Directed
43.0_4.0,42.0_4.0,110.00,Directed
43.0_4.0,42.0_5.0,155.56,Directed
43.0_4.0,43.0_3.0,110.00,Directed
43.0_4.0,43.0_5.0,110.00,Directed
19.0_-157.0,18.0_-158.0,155.56,Directed
19.0_-157.0,18.0_-157.0,110.00,Directed
19.0_-157.0,18.0_-156.0,155.56,Directed
19.0_-157.0,19.0_-158.0,110.00,Directed
19.0_-157.0,19.0_-156.0,110.00,Directed
19.0_-157.0,20.0_-158.0,155.56,Directed
19.0_-157.0,20.0_-157.0,110.00,Directed
19.0_-157.0,20.0_-156.0,155.56,Directed
24.0_-149.0,23.0_-150.0,155.56,Directed
24.0_-149.0,25.0_-150.0,155.56,Directed
24.0_-149.0,25.0_-148.0,155.56,Directed
11.0_-115.0,10.0_-116.0,155.56,Directed
11.0_-115.0,10.0_-115.0,110.00,Directed
11.0_-115.0,12.0_-115.0,110.00,Directed
11.0_-115.0,12.0_-114.0,155.56,Directed
21.0_-64.0,20.0_-65.0,155.56,Directed
21.0_-64.0,20.0_-64.0,110.00,Directed
21.0_-64.0,21.0_-65.0,110.00,Directed
21.0_-64.0,22.0_-65.0,155.56,Directed
21.0_-64.0,22.0_-64.0,110.00,Directed
21.0_-64.0,22.0_-63.0,155.56,Directed
17.0_131.0,16.0_131.0,110.00,Directed
17.0_131.0,16.0_132.0,155.56,Directed
17.0_131.0,17.0_132.0,110.00,Directed
17.0_131.0,18.0_130.0,155.56,Directed
17.0_131.0,18.0_132.0,155.56,Directed
1.0_-161.0,0.0_-162.0,155.56,Directed
1.0_-161.0,0.0_-161.0,110.00,Directed
1.0_-161.0,0.0_-160.0,155.56,Directed
1.0_-161.0,1.0_-160.0,110.00,Directed
1.0_-161.0,2.0_-161.0,110.00,Directed
1.0_-161.0,2.0_-160.0,155.56,Directed
42.0_-87.0,41.0_-88.0,155.56,Directed
42.0_-87.0,42.0_-88.0,110.00,Directed
42.0_-87.0,43.0_-88.0,155.56,Directed
42.0_-87.0,43.0_-87.0,110.00,Directed
28.0_-124.0,27.0_-125.0,155.56,Directed
28.0_-124.0,27.0_-123.0,155.56,Directed
28.0_-124.0,28.0_-125.0,110.00,Directed
28.0_-124.0,28.0_-123.0,110.00,Directed
28.0_-124.0,29.0_-125.0,155.56,Directed
28.0_-124.0,29.0_-124.0,110.00,Directed
28.0_-124.0,29.0_-123.0,155.56,Directed
30.0_-81.0,29.0_-81.0,110.00,Directed
30.0_-81.0,29.0_-80.0,155.56,Directed
30.0_-81.0,30.0_-80.0,110.00,Directed
30.0_-81.0,31.0_-80.0,155.56,Directed
17.0_-87.0,16.0_-87.0,110.00,Directed
17.0_-87.0,16.0_-86.0,155.56,Directed
17.0_-87.0,17.0_-86.0,110.00,Directed
17.0_-87.0,18.0_-86.0,155.56,Directed
26.0_-38.0,25.0_-38.0,110.00,Directed
26.0_-38.0,27.0_-39.0,155.56,Directed
26.0_-38.0,27.0_-38.0,110.00,Directed
21.0_-77.0,21.0_-76.0,110.00,Directed
1.0_-130.0,0.0_-131.0,155.56,Directed
1.0_-130.0,0.0_-130.0,110.00,Directed
1.0_-130.0,0.0_-129.0,155.56,Directed
1.0_-130.0,1.0_-129.0,110.00,Directed
1.0_-130.0,2.0_-131.0,155.56,Directed
1.0_-130.0,2.0_-129.0,155.56,Directed
35.0_26.0,34.0_26.0,110.00,Directed
35.0_26.0,35.0_25.0,110.00,Directed
35.0_26.0,36.0_25.0,155.56,Directed
27.0_-127.0,26.0_-127.0,110.00,Directed
27.0_-127.0,26.0_-126.0,155.56,Directed
27.0_-127.0,28.0_-128.0,155.56,Directed
27.0_-127.0,28.0_-127.0,110.00,Directed
27.0_-127.0,28.0_-126.0,155.56,Directed
-4.0_-142.0,-5.0_-143.0,155.56,Directed
-4.0_-142.0,-5.0_-142.0,110.00,Directed
-4.0_-142.0,-5.0_-141.0,155.56,Directed
-4.0_-142.0,-4.0_-143.0,110.00,Directed
-4.0_-142.0,-4.0_-141.0,110.00,Directed
-4.0_-142.0,-3.0_-143.0,155.56,Directed
-4.0_-142.0,-3.0_-142.0,110.00,Directed
-4.0_-142.0,-3.0_-141.0,155.56,Directed
7.0_-157.0,6.0_-158.0,155.56,Directed
7.0_-157.0,6.0_-157.0,110.00,Directed
7.0_-157.0,6.0_-156.0,155.56,Directed
7.0_-157.0,7.0_-158.0,110.00,Directed
7.0_-157.0,7.0_-156.0,110.00,Directed
7.0_-157.0,8.0_-158.0,155.56,Directed
7.0_-157.0,8.0_-157.0,110.00,Directed
7.0_-157.0,8.0_-156.0,155.56,Directed
32.0_-141.0,31.0_-141.0,110.00,Directed
32.0_-141.0,31.0_-140.0,155.56,Directed
32.0_-141.0,32.0_-140.0,110.00,Directed
32.0_-141.0,33.0_-142.0,155.56,Directed
32.0_-141.0,33.0_-141.0,110.00,Directed
32.0_-141.0,33.0_-140.0,155.56,Directed
39.0_2.0,39.0_3.0,110.00,Directed
39.0_2.0,40.0_3.0,155.56,Directed
31.0_133.0,30.0_133.0,110.00,Directed
31.0_133.0,31.0_132.0,110.00,Directed
31.0_133.0,31.0_134.0,110.00,Directed
31.0_133.0,32.0_132.0,155.56,Directed
31.0_133.0,32.0_133.0,110.00,Directed
31.0_-160.0,30.0_-161.0,155.56,Directed
31.0_-160.0,30.0_-159.0,155.56,Directed
31.0_-160.0,31.0_-161.0,110.00,Directed
31.0_-160.0,31.0_-159.0,110.00,Directed
31.0_-160.0,32.0_-161.0,155.56,Directed
31.0_-160.0,32.0_-160.0,110.00,Directed
31.0_-160.0,32.0_-159.0,155.56,Directed
51.0_-133.0,50.0_-133.0,110.00,Directed
51.0_-133.0,50.0_-132.0,155.56,Directed
51.0_-133.0,51.0_-132.0,110.00,Directed
51.0_-133.0,52.0_-133.0,110.00,Directed
10.0_-116.0,9.0_-117.0,155.56,Directed
10.0_-116.0,9.0_-116.0,110.00,Directed
10.0_-116.0,10.0_-117.0,110.00,Directed
10.0_-116.0,10.0_-115.0,110.00,Directed
10.0_-116.0,11.0_-115.0,155.56,Directed
14.0_-59.0,13.0_-60.0,155.56,Directed
14.0_-59.0,13.0_-59.0,110.00,Directed
14.0_-59.0,14.0_-60.0,110.00,Directed
14.0_-59.0,15.0_-60.0,155.56,Directed
14.0_-59.0,15.0_-59.0,110.00,Directed
14.0_-59.0,15.0_-58.0,155.56,Directed
38.0_-66.0,37.0_-67.0,155.56,Directed
38.0_-66.0,37.0_-66.0,110.00,Directed
38.0_-66.0,37.0_-65.0,155.56,Directed
38.0_-66.0,38.0_-67.0,110.00,Directed
38.0_-66.0,38.0_-65.0,110.00,Directed
38.0_-66.0,39.0_-67.0,155.56,Directed
38.0_-66.0,39.0_-66.0,110.00,Directed
38.0_-66.0,39.0_-65.0,155.56,Directed
0.0_-162.0,-1.0_-161.0,155.56,Directed
0.0_-162.0,0.0_-161.0,110.00,Directed
0.0_-162.0,1.0_-161.0,155.56,Directed
-9.0_-142.0,-10.0_-143.0,155.56,Directed
-9.0_-142.0,-10.0_-142.0,110.00,Directed
-9.0_-142.0,-10.0_-141.0,155.56,Directed
-9.0_-142.0,-9.0_-143.0,110.00,Directed
-9.0_-142.0,-9.0_-141.0,110.00,Directed
-9.0_-142.0,-8.0_-143.0,155.56,Directed
-9.0_-142.0,-8.0_-142.0,110.00,Directed
-9.0_-142.0,-8.0_-141.0,155.56,Directed
18.0_-60.0,17.0_-61.0,155.56,Directed
18.0_-60.0,17.0_-60.0,110.00,Directed
18.0_-60.0,17.0_-59.0,155.56,Directed
18.0_-60.0,18.0_-61.0,110.00,Directed
18.0_-60.0,18.0_-59.0,110.00,Directed
18.0_-60.0,19.0_-61.0,155.56,Directed
18.0_-60.0,19.0_-60.0,110.00,Directed
18.0_-60.0,19.0_-59.0,155.56,Directed
40.0_-142.0,39.0_-142.0,110.00,Directed
40.0_-142.0,39.0_-141.0,155.56,Directed
40.0_-142.0,40.0_-141.0,110.00,Directed
-27.0_-31.0,-27.0_-32.0,110.00,Directed
-27.0_-31.0,-27.0_-30.0,110.00,Directed
-27.0_-31.0,-26.0_-31.0,110.00,Directed
13.0_-82.0,14.0_-82.0,110.00,Directed
3.0_140.0,2.0_139.0,155.56,Directed
3.0_140.0,2.0_140.0,110.00,Directed
3.0_140.0,2.0_141.0,155.56,Directed
16.0_-148.0,15.0_-147.0,155.56,Directed
16.0_-148.0,16.0_-149.0,110.00,Directed
16.0_-148.0,16.0_-147.0,110.00,Directed
23.0_-111.0,22.0_-112.0,155.56,Directed
23.0_-111.0,22.0_-111.0,110.00,Directed
23.0_-111.0,22.0_-110.0,155.56,Directed
23.0_-111.0,23.0_-112.0,110.00,Directed
23.0_-111.0,23.0_-110.0,110.00,Directed
23.0_-111.0,24.0_-111.0,110.00,Directed
23.0_-111.0,24.0_-110.0,155.56,Directed
36.0_29.0,36.0_28.0,110.00,Directed
23.0_-76.0,22.0_-75.0,155.56,Directed
23.0_-76.0,23.0_-77.0,110.00,Directed
23.0_-76.0,23.0_-75.0,110.00,Directed
23.0_-76.0,24.0_-77.0,155.56,Directed
23.0_-76.0,24.0_-76.0,110.00,Directed
23.0_-76.0,24.0_-75.0,155.56,Directed
16.0_-62.0,15.0_-63.0,155.56,Directed
16.0_-62.0,15.0_-62.0,110.00,Directed
16.0_-62.0,15.0_-61.0,155.56,Directed
16.0_-62.0,16.0_-63.0,110.00,Directed
16.0_-62.0,16.0_-61.0,110.00,Directed
16.0_-62.0,17.0_-63.0,155.56,Directed
16.0_-62.0,17.0_-62.0,110.00,Directed
16.0_-62.0,17.0_-61.0,155.56,Directed
11.0_-150.0,10.0_-150.0,110.00,Directed
11.0_-150.0,11.0_-149.0,110.00,Directed
11.0_-150.0,12.0_-151.0,155.56,Directed
11.0_-150.0,12.0_-150.0,110.00,Directed
11.0_-150.0,12.0_-149.0,155.56,Directed
27.0_-68.0,26.0_-69.0,155.56,Directed
27.0_-68.0,26.0_-68.0,110.00,Directed
27.0_-68.0,27.0_-69.0,110.00,Directed
27.0_-68.0,27.0_-67.0,110.00,Directed
27.0_-68.0,28.0_-69.0,155.56,Directed
27.0_-68.0,28.0_-68.0,110.00,Directed
27.0_-68.0,28.0_-67.0,155.56,Directed
42.0_144.0,41.0_143.0,155.56,Directed
42.0_144.0,41.0_144.0,110.00,Directed
42.0_144.0,42.0_143.0,110.00,Directed
42.0_144.0,42.0_145.0,110.00,Directed
17.0_-74.0,16.0_-75.0,155.56,Directed
17.0_-74.0,16.0_-74.0,110.00,Directed
17.0_-74.0,16.0_-73.0,155.56,Directed
17.0_-74.0,17.0_-75.0,110.00,Directed
17.0_-74.0,17.0_-73.0,110.00,Directed
17.0_-74.0,18.0_-75.0,155.56,Directed
76.0_126.0,75.0_126.0,110.00,Directed
76.0_126.0,75.0_127.0,155.56,Directed
76.0_126.0,76.0_125.0,110.00,Directed
76.0_126.0,76.0_127.0,110.00,Directed
35.0_138.0,34.0_137.0,155.56,Directed
35.0_138.0,34.0_138.0,110.00,Directed
35.0_138.0,34.0_139.0,155.56,Directed
35.0_138.0,35.0_139.0,110.00,Directed
35.0_138.0,36.0_137.0,155.56,Directed
9.0_-119.0,8.0_-120.0,155.56,Directed
9.0_-119.0,9.0_-120.0,110.00,Directed
9.0_-119.0,10.0_-119.0,110.00,Directed
40.0_13.0,39.0_12.0,155.56,Directed
18.0_130.0,17.0_131.0,155.56,Directed
18.0_130.0,19.0_130.0,110.00,Directed
18.0_130.0,19.0_131.0,155.56,Directed
41.0_-88.0,42.0_-88.0,110.00,Directed
41.0_-88.0,42.0_-87.0,155.56,Directed
36.0_-2.0,36.0_-3.0,110.00,Directed
36.0_-2.0,37.0_-2.0,110.00,Directed
36.0_-2.0,37.0_-1.0,155.56,Directed
-33.0_-20.0,-34.0_-20.0,110.00,Directed
-33.0_-20.0,-32.0_-21.0,155.56,Directed
24.0_-80.0,23.0_-81.0,155.56,Directed
24.0_-80.0,24.0_-81.0,110.00,Directed
24.0_-80.0,25.0_-81.0,155.56,Directed
24.0_-80.0,25.0_-80.0,110.00,Directed
24.0_-80.0,25.0_-79.0,155.56,Directed
4.0_-122.0,3.0_-121.0,155.56,Directed
4.0_-122.0,4.0_-123.0,110.00,Directed
4.0_-122.0,4.0_-121.0,110.00,Directed
4.0_-122.0,5.0_-123.0,155.56,Directed
4.0_-122.0,5.0_-122.0,110.00,Directed
4.0_-122.0,5.0_-121.0,155.56,Directed
15.0_-76.0,14.0_-76.0,110.00,Directed
15.0_-76.0,15.0_-77.0,110.00,Directed
15.0_-76.0,15.0_-75.0,110.00,Directed
15.0_-76.0,16.0_-77.0,155.56,Directed
15.0_-76.0,16.0_-76.0,110.00,Directed
15.0_-76.0,16.0_-75.0,155.56,Directed
41.0_16.0,40.0_17.0,155.56,Directed
41.0_16.0,41.0_17.0,110.00,Directed
41.0_16.0,42.0_15.0,155.56,Directed
41.0_16.0,42.0_16.0,110.00,Directed
18.0_-158.0,17.0_-159.0,155.56,Directed
18.0_-158.0,17.0_-158.0,110.00,Directed
18.0_-158.0,17.0_-157.0,155.56,Directed
18.0_-158.0,18.0_-159.0,110.00,Directed
18.0_-158.0,18.0_-157.0,110.00,Directed
18.0_-158.0,19.0_-159.0,155.56,Directed
18.0_-158.0,19.0_-158.0,110.00,Directed
18.0_-158.0,19.0_-157.0,155.56,Directed
57.0_-2.0,56.0_-3.0,155.56,Directed
57.0_-2.0,56.0_-2.0,110.00,Directed
57.0_-2.0,57.0_-3.0,110.00,Directed
57.0_-2.0,58.0_-3.0,155.56,Directed
6.0_-163.0,5.0_-163.0,110.00,Directed
6.0_-163.0,5.0_-162.0,155.56,Directed
6.0_-163.0,6.0_-162.0,110.00,Directed
6.0_-163.0,7.0_-164.0,155.56,Directed
6.0_-163.0,7.0_-163.0,110.00,Directed
6.0_-163.0,7.0_-162.0,155.56,Directed
-31.0_-103.0,-30.0_-102.0,155.56,Directed
37.0_141.0,36.0_140.0,155.56,Directed
37.0_141.0,36.0_141.0,110.00,Directed
37.0_141.0,36.0_142.0,155.56,Directed
37.0_141.0,37.0_142.0,110.00,Directed
37.0_141.0,38.0_141.0,110.00,Directed
37.0_141.0,38.0_142.0,155.56,Directed
39.0_-134.0,38.0_-135.0,155.56,Directed
39.0_-134.0,38.0_-134.0,110.00,Directed
39.0_-134.0,38.0_-133.0,155.56,Directed
39.0_-134.0,39.0_-135.0,110.00,Directed
39.0_-134.0,39.0_-133.0,110.00,Directed
39.0_-134.0,40.0_-135.0,155.56,Directed
39.0_-134.0,40.0_-134.0,110.00,Directed
39.0_-134.0,40.0_-133.0,155.56,Directed
-27.0_-119.0,-27.0_-120.0,110.00,Directed
-27.0_-119.0,-27.0_-118.0,110.00,Directed
30.0_133.0,29.0_133.0,110.00,Directed
30.0_133.0,29.0_134.0,155.56,Directed
30.0_133.0,31.0_132.0,155.56,Directed
30.0_133.0,31.0_133.0,110.00,Directed
30.0_133.0,31.0_134.0,155.56,Directed
-5.0_-136.0,-6.0_-136.0,110.00,Directed
-5.0_-136.0,-6.0_-135.0,155.56,Directed
-5.0_-136.0,-5.0_-135.0,110.00,Directed
-5.0_-136.0,-4.0_-135.0,155.56,Directed
-2.0_-127.0,-3.0_-128.0,155.56,Directed
-2.0_-127.0,-1.0_-127.0,110.00,Directed
1.0_-91.0,0.0_-90.0,155.56,Directed
1.0_-91.0,1.0_-90.0,110.00,Directed
36.0_-125.0,35.0_-125.0,110.00,Directed
36.0_-125.0,35.0_-124.0,155.56,Directed
36.0_-125.0,36.0_-126.0,110.00,Directed
36.0_-125.0,36.0_-124.0,110.00,Directed
36.0_-125.0,37.0_-124.0,155.56,Directed
30.0_-144.0,29.0_-144.0,110.00,Directed
30.0_-144.0,30.0_-145.0,110.00,Directed
30.0_-144.0,30.0_-143.0,110.00,Directed
30.0_-144.0,31.0_-144.0,110.00,Directed
29.0_148.0,28.0_149.0,155.56,Directed
44.0_-126.0,43.0_-126.0,110.00,Directed
10.0_-66.0,10.0_-67.0,110.00,Directed
10.0_-66.0,10.0_-65.0,110.00,Directed
10.0_-66.0,11.0_-67.0,155.56,Directed
10.0_-66.0,11.0_-66.0,110.00,Directed
10.0_-66.0,11.0_-65.0,155.56,Directed
12.0_-144.0,11.0_-143.0,155.56,Directed
12.0_-144.0,12.0_-145.0,110.00,Directed
1.0_-143.0,0.0_-144.0,155.56,Directed
1.0_-143.0,0.0_-143.0,110.00,Directed
1.0_-143.0,0.0_-142.0,155.56,Directed
1.0_-143.0,1.0_-144.0,110.00,Directed
1.0_-143.0,2.0_-144.0,155.56,Directed
1.0_-143.0,2.0_-143.0,110.00,Directed
1.0_-143.0,2.0_-142.0,155.56,Directed
17.0_-151.0,16.0_-152.0,155.56,Directed
17.0_-151.0,16.0_-151.0,110.00,Directed
17.0_-151.0,17.0_-152.0,110.00,Directed
17.0_-151.0,17.0_-150.0,110.00,Directed
17.0_-151.0,18.0_-152.0,155.56,Directed
42.0_-61.0,41.0_-62.0,155.56,Directed
42.0_-61.0,41.0_-60.0,155.56,Directed
42.0_-61.0,42.0_-62.0,110.00,Directed
42.0_-61.0,43.0_-62.0,155.56,Directed
42.0_-61.0,43.0_-61.0,110.00,Directed
42.0_-61.0,43.0_-60.0,155.56,Directed
51.0_-12.0,50.0_-13.0,155.56,Directed
51.0_-12.0,50.0_-12.0,110.00,Directed
51.0_-12.0,50.0_-11.0,155.56,Directed
51.0_-12.0,51.0_-13.0,110.00,Directed
51.0_-12.0,51.0_-11.0,110.00,Directed
51.0_-12.0,52.0_-13.0,155.56,Directed
51.0_-12.0,52.0_-12.0,110.00,Directed
51.0_-12.0,52.0_-11.0,155.56,Directed
17.0_157.0,16.0_158.0,155.56,Directed
29.0_-71.0,28.0_-72.0,155.56,Directed
29.0_-71.0,28.0_-71.0,110.00,Directed
29.0_-71.0,28.0_-70.0,155.56,Directed
29.0_-71.0,29.0_-72.0,110.00,Directed
29.0_-71.0,29.0_-70.0,110.00,Directed
29.0_-71.0,30.0_-72.0,155.56,Directed
29.0_-71.0,30.0_-71.0,110.00,Directed
29.0_-71.0,30.0_-70.0,155.56,Directed
28.0_137.0,27.0_136.0,155.56,Directed
28.0_137.0,28.0_136.0,110.00,Directed
28.0_137.0,28.0_138.0,110.00,Directed
50.0_-13.0,49.0_-14.0,155.56,Directed
50.0_-13.0,49.0_-13.0,110.00,Directed
50.0_-13.0,49.0_-12.0,155.56,Directed
50.0_-13.0,50.0_-12.0,110.00,Directed
50.0_-13.0,51.0_-14.0,155.56,Directed
50.0_-13.0,51.0_-13.0,110.00,Directed
50.0_-13.0,51.0_-12.0,155.56,Directed
32.0_-58.0,31.0_-58.0,110.00,Directed
32.0_-58.0,31.0_-57.0,155.56,Directed
32.0_-58.0,32.0_-59.0,110.00,Directed
32.0_-58.0,33.0_-59.0,155.56,Directed
32.0_-58.0,33.0_-58.0,110.00,Directed
41.0_-62.0,40.0_-63.0,155.56,Directed
41.0_-62.0,40.0_-61.0,155.56,Directed
41.0_-62.0,41.0_-63.0,110.00,Directed
41.0_-62.0,42.0_-63.0,155.56,Directed
41.0_-62.0,42.0_-62.0,110.00,Directed
41.0_-62.0,42.0_-61.0,155.56,Directed
33.0_-135.0,32.0_-136.0,155.56,Directed
33.0_-135.0,32.0_-135.0,110.00,Directed
33.0_-135.0,32.0_-134.0,155.56,Directed
33.0_-135.0,33.0_-136.0,110.00,Directed
33.0_-135.0,33.0_-134.0,110.00,Directed
17.0_-61.0,16.0_-62.0,155.56,Directed
17.0_-61.0,16.0_-61.0,110.00,Directed
17.0_-61.0,16.0_-60.0,155.56,Directed
17.0_-61.0,17.0_-62.0,110.00,Directed
17.0_-61.0,17.0_-60.0,110.00,Directed
17.0_-61.0,18.0_-62.0,155.56,Directed
17.0_-61.0,18.0_-61.0,110.00,Directed
17.0_-61.0,18.0_-60.0,155.56,Directed
58.0_-5.0,57.0_-6.0,155.56,Directed
58.0_-5.0,57.0_-4.0,155.56,Directed
58.0_-5.0,58.0_-6.0,110.00,Directed
58.0_-5.0,58.0_-4.0,110.00,Directed
58.0_-5.0,59.0_-6.0,155.56,Directed
58.0_-5.0,59.0_-5.0,110.00,Directed
58.0_-5.0,59.0_-4.0,155.56,Directed
14.0_-160.0,13.0_-161.0,155.56,Directed
14.0_-160.0,13.0_-160.0,110.00,Directed
14.0_-160.0,13.0_-159.0,155.56,Directed
14.0_-160.0,14.0_-161.0,110.00,Directed
14.0_-160.0,14.0_-159.0,110.00,Directed
14.0_-160.0,15.0_-161.0,155.56,Directed
14.0_-160.0,15.0_-160.0,110.00,Directed
14.0_-160.0,15.0_-159.0,155.56,Directed
29.0_135.0,28.0_135.0,110.00,Directed
29.0_135.0,28.0_136.0,155.56,Directed
29.0_135.0,29.0_134.0,110.00,Directed
29.0_135.0,30.0_135.0,110.00,Directed
29.0_135.0,30.0_136.0,155.56,Directed
-11.0_88.0,-12.0_87.0,155.56,Directed
-11.0_88.0,-11.0_87.0,110.00,Directed
-11.0_88.0,-10.0_87.0,155.56,Directed
-11.0_88.0,-10.0_88.0,110.00,Directed
26.0_-159.0,25.0_-160.0,155.56,Directed
26.0_-159.0,25.0_-159.0,110.00,Directed
26.0_-159.0,25.0_-158.0,155.56,Directed
26.0_-159.0,26.0_-160.0,110.00,Directed
26.0_-159.0,26.0_-158.0,110.00,Directed
26.0_-159.0,27.0_-160.0,155.56,Directed
26.0_-159.0,27.0_-159.0,110.00,Directed
26.0_-159.0,27.0_-158.0,155.56,Directed
-12.0_-142.0,-13.0_-143.0,155.56,Directed
-12.0_-142.0,-12.0_-143.0,110.00,Directed
-12.0_-142.0,-11.0_-143.0,155.56,Directed
-12.0_-142.0,-11.0_-142.0,110.00,Directed
-12.0_-142.0,-11.0_-141.0,155.56,Directed
-29.0_-103.0,-30.0_-102.0,155.56,Directed
-29.0_-103.0,-29.0_-104.0,110.00,Directed
-29.0_-103.0,-28.0_-104.0,155.56,Directed
33.0_-122.0,32.0_-123.0,155.56,Directed
33.0_-122.0,32.0_-122.0,110.00,Directed
33.0_-122.0,32.0_-121.0,155.56,Directed
33.0_-122.0,33.0_-123.0,110.00,Directed
33.0_-122.0,33.0_-121.0,110.00,Directed
33.0_-122.0,34.0_-123.0,155.56,Directed
33.0_-122.0,34.0_-122.0,110.00,Directed
33.0_-122.0,34.0_-121.0,155.56,Directed
25.0_131.0,25.0_130.0,110.00,Directed
25.0_131.0,25.0_132.0,110.00,Directed
-26.0_-124.0,-26.0_-123.0,110.00,Directed
-26.0_-124.0,-25.0_-125.0,155.56,Directed
-26.0_-124.0,-25.0_-124.0,110.00,Directed
26.0_-69.0,25.0_-70.0,155.56,Directed
26.0_-69.0,25.0_-69.0,110.00,Directed
26.0_-69.0,26.0_-70.0,110.00,Directed
26.0_-69.0,26.0_-68.0,110.00,Directed
26.0_-69.0,27.0_-70.0,155.56,Directed
26.0_-69.0,27.0_-69.0,110.00,Directed
26.0_-69.0,27.0_-68.0,155.56,Directed
40.0_-155.0,39.0_-154.0,155.56,Directed
40.0_-155.0,41.0_-156.0,155.56,Directed
40.0_-155.0,41.0_-155.0,110.00,Directed
-10.0_-5.0,-11.0_-4.0,155.56,Directed
22.0_-130.0,21.0_-130.0,110.00,Directed
22.0_-130.0,22.0_-129.0,110.00,Directed
22.0_-130.0,23.0_-131.0,155.56,Directed
22.0_-130.0,23.0_-130.0,110.00,Directed
22.0_-130.0,23.0_-129.0,155.56,Directed
49.0_-14.0,48.0_-13.0,155.56,Directed
49.0_-14.0,49.0_-15.0,110.00,Directed
49.0_-14.0,49.0_-13.0,110.00,Directed
49.0_-14.0,50.0_-15.0,155.56,Directed
49.0_-14.0,50.0_-13.0,155.56,Directed
34.0_139.0,33.0_138.0,155.56,Directed
34.0_139.0,33.0_139.0,110.00,Directed
34.0_139.0,33.0_140.0,155.56,Directed
34.0_139.0,34.0_138.0,110.00,Directed
34.0_139.0,34.0_140.0,110.00,Directed
34.0_139.0,35.0_138.0,155.56,Directed
34.0_139.0,35.0_139.0,110.00,Directed
34.0_139.0,35.0_140.0,155.56,Directed
-14.0_93.0,-14.0_92.0,110.00,Directed
-14.0_93.0,-13.0_92.0,155.56,Directed
43.0_-8.0,43.0_-9.0,110.00,Directed
43.0_-8.0,43.0_-7.0,110.00,Directed
43.0_-8.0,44.0_-8.0,110.00,Directed
-13.0_-148.0,-14.0_-149.0,155.56,Directed
-13.0_-148.0,-14.0_-147.0,155.56,Directed
-13.0_-148.0,-13.0_-147.0,110.00,Directed
-13.0_-148.0,-12.0_-149.0,155.56,Directed
-13.0_-148.0,-12.0_-148.0,110.00,Directed
-13.0_-148.0,-12.0_-147.0,155.56,Directed
25.0_-165.0,24.0_-166.0,155.56,Directed
25.0_-165.0,26.0_-166.0,155.56,Directed
46.0_-53.0,45.0_-52.0,155.56,Directed
16.0_-75.0,15.0_-76.0,155.56,Directed
16.0_-75.0,15.0_-75.0,110.00,Directed
16.0_-75.0,15.0_-74.0,155.56,Directed
16.0_-75.0,16.0_-76.0,110.00,Directed
16.0_-75.0,16.0_-74.0,110.00,Directed
16.0_-75.0,17.0_-76.0,155.56,Directed
16.0_-75.0,17.0_-75.0,110.00,Directed
16.0_-75.0,17.0_-74.0,155.56,Directed
48.0_-7.0,47.0_-8.0,155.56,Directed
48.0_-7.0,47.0_-7.0,110.00,Directed
48.0_-7.0,47.0_-6.0,155.56,Directed
48.0_-7.0,48.0_-8.0,110.00,Directed
48.0_-7.0,48.0_-6.0,110.00,Directed
48.0_-7.0,49.0_-8.0,155.56,Directed
48.0_-7.0,49.0_-7.0,110.00,Directed
48.0_-7.0,49.0_-6.0,155.56,Directed
47.0_-4.0,46.0_-5.0,155.56,Directed
47.0_-4.0,46.0_-4.0,110.00,Directed
47.0_-4.0,46.0_-3.0,155.56,Directed
47.0_-4.0,47.0_-5.0,110.00,Directed
47.0_-4.0,47.0_-3.0,110.00,Directed
47.0_-4.0,48.0_-5.0,155.56,Directed
47.0_-4.0,48.0_-3.0,155.56,Directed
2.0_142.0,2.0_141.0,110.00,Directed
2.0_142.0,3.0_142.0,110.00,Directed
22.0_-107.0,21.0_-108.0,155.56,Directed
22.0_-107.0,21.0_-107.0,110.00,Directed
22.0_-107.0,21.0_-106.0,155.56,Directed
22.0_-107.0,22.0_-108.0,110.00,Directed
22.0_-107.0,23.0_-108.0,155.56,Directed
31.0_-80.0,30.0_-81.0,155.56,Directed
31.0_-80.0,30.0_-80.0,110.00,Directed
31.0_-80.0,30.0_-79.0,155.56,Directed
31.0_-80.0,31.0_-79.0,110.00,Directed
31.0_-80.0,32.0_-79.0,155.56,Directed
-27.0_-13.0,-28.0_-14.0,155.56,Directed
-27.0_-13.0,-27.0_-12.0,110.00,Directed
1.0_-157.0,0.0_-158.0,155.56,Directed
1.0_-157.0,0.0_-157.0,110.00,Directed
1.0_-157.0,1.0_-158.0,110.00,Directed
1.0_-157.0,2.0_-158.0,155.56,Directed
1.0_-157.0,2.0_-157.0,110.00,Directed
1.0_-157.0,2.0_-156.0,155.56,Directed
18.0_-86.0,17.0_-87.0,155.56,Directed
18.0_-86.0,17.0_-86.0,110.00,Directed
18.0_-86.0,17.0_-85.0,155.56,Directed
18.0_-86.0,18.0_-85.0,110.00,Directed
18.0_-86.0,19.0_-85.0,155.56,Directed
-35.0_5.0,-35.0_4.0,110.00,Directed
-35.0_5.0,-35.0_6.0,110.00,Directed
42.0_-129.0,42.0_-130.0,110.00,Directed
42.0_-129.0,42.0_-128.0,110.00,Directed
42.0_-129.0,43.0_-130.0,155.56,Directed
15.0_-62.0,14.0_-63.0,155.56,Directed
15.0_-62.0,14.0_-62.0,110.00,Directed
15.0_-62.0,14.0_-61.0,155.56,Directed
15.0_-62.0,15.0_-63.0,110.00,Directed
15.0_-62.0,15.0_-61.0,110.00,Directed
15.0_-62.0,16.0_-63.0,155.56,Directed
15.0_-62.0,16.0_-62.0,110.00,Directed
15.0_-62.0,16.0_-61.0,155.56,Directed
30.0_-161.0,29.0_-161.0,110.00,Directed
30.0_-161.0,29.0_-160.0,155.56,Directed
30.0_-161.0,30.0_-162.0,110.00,Directed
30.0_-161.0,31.0_-162.0,155.56,Directed
30.0_-161.0,31.0_-161.0,110.00,Directed
30.0_-161.0,31.0_-160.0,155.56,Directed
-6.0_-134.0,-7.0_-135.0,155.56,Directed
-6.0_-134.0,-6.0_-135.0,110.00,Directed
-6.0_-134.0,-5.0_-135.0,155.56,Directed
-6.0_-134.0,-5.0_-134.0,110.00,Directed
-6.0_-134.0,-5.0_-133.0,155.56,Directed
29.0_122.0,30.0_122.0,110.00,Directed
29.0_122.0,30.0_123.0,155.56,Directed
34.0_130.0,33.0_129.0,155.56,Directed
34.0_130.0,33.0_130.0,110.00,Directed
34.0_130.0,33.0_131.0,155.56,Directed
34.0_130.0,34.0_129.0,110.00,Directed
34.0_130.0,34.0_131.0,110.00,Directed
34.0_130.0,35.0_130.0,110.00,Directed
34.0_130.0,35.0_131.0,155.56,Directed
41.0_-148.0,40.0_-149.0,155.56,Directed
41.0_-148.0,40.0_-147.0,155.56,Directed
41.0_-148.0,41.0_-149.0,110.00,Directed
41.0_-148.0,41.0_-147.0,110.00,Directed
26.0_-60.0,25.0_-61.0,155.56,Directed
26.0_-60.0,25.0_-60.0,110.00,Directed
26.0_-60.0,25.0_-59.0,155.56,Directed
26.0_-60.0,26.0_-61.0,110.00,Directed
26.0_-60.0,26.0_-59.0,110.00,Directed
26.0_-60.0,27.0_-61.0,155.56,Directed
26.0_-60.0,27.0_-60.0,110.00,Directed
26.0_-60.0,27.0_-59.0,155.56,Directed
38.0_-149.0,37.0_-150.0,155.56,Directed
38.0_-149.0,37.0_-149.0,110.00,Directed
38.0_-149.0,38.0_-150.0,110.00,Directed
38.0_-149.0,38.0_-148.0,110.00,Directed
38.0_-149.0,39.0_-150.0,155.56,Directed
38.0_-149.0,39.0_-148.0,155.56,Directed
-12.0_-155.0,-13.0_-155.0,110.00,Directed
-12.0_-155.0,-13.0_-154.0,155.56,Directed
-12.0_-155.0,-11.0_-156.0,155.56,Directed
41.0_144.0,40.0_143.0,155.56,Directed
41.0_144.0,40.0_144.0,110.00,Directed
41.0_144.0,40.0_145.0,155.56,Directed
41.0_144.0,41.0_143.0,110.00,Directed
41.0_144.0,42.0_143.0,155.56,Directed
41.0_144.0,42.0_144.0,110.00,Directed
41.0_144.0,42.0_145.0,155.56,Directed
59.0_-9.0,58.0_-10.0,155.56,Directed
59.0_-9.0,58.0_-9.0,110.00,Directed
59.0_-9.0,58.0_-8.0,155.56,Directed
59.0_-9.0,59.0_-10.0,110.00,Directed
59.0_-9.0,59.0_-8.0,110.00,Directed
7.0_-139.0,6.0_-138.0,155.56,Directed
7.0_-139.0,8.0_-139.0,110.00,Directed
6.0_-145.0,5.0_-145.0,110.00,Directed
6.0_-145.0,6.0_-146.0,110.00,Directed
6.0_-145.0,6.0_-144.0,110.00,Directed
6.0_-145.0,7.0_-146.0,155.56,Directed
6.0_-145.0,7.0_-145.0,110.00,Directed
35.0_-68.0,34.0_-68.0,110.00,Directed
35.0_-68.0,34.0_-67.0,155.56,Directed
35.0_-68.0,35.0_-69.0,110.00,Directed
35.0_-68.0,35.0_-67.0,110.00,Directed
35.0_-68.0,36.0_-69.0,155.56,Directed
35.0_-68.0,36.0_-68.0,110.00,Directed
35.0_-68.0,36.0_-67.0,155.56,Directed
20.0_-159.0,19.0_-160.0,155.56,Directed
20.0_-159.0,19.0_-159.0,110.00,Directed
20.0_-159.0,19.0_-158.0,155.56,Directed
20.0_-159.0,20.0_-158.0,110.00,Directed
20.0_-159.0,21.0_-159.0,110.00,Directed
20.0_-159.0,21.0_-158.0,155.56,Directed
26.0_-115.0,25.0_-115.0,110.00,Directed
26.0_-115.0,25.0_-114.0,155.56,Directed
26.0_-115.0,26.0_-116.0,110.00,Directed
26.0_-115.0,27.0_-116.0,155.56,Directed
26.0_-115.0,27.0_-115.0,110.00,Directed
24.0_-166.0,23.0_-166.0,110.00,Directed
24.0_-166.0,23.0_-165.0,155.56,Directed
24.0_-166.0,25.0_-165.0,155.56,Directed
12.0_-145.0,12.0_-144.0,110.00,Directed
12.0_-145.0,13.0_-146.0,155.56,Directed
1.0_-144.0,0.0_-144.0,110.00,Directed
1.0_-144.0,0.0_-143.0,155.56,Directed
1.0_-144.0,1.0_-145.0,110.00,Directed
1.0_-144.0,1.0_-143.0,110.00,Directed
1.0_-144.0,2.0_-144.0,110.00,Directed
1.0_-144.0,2.0_-143.0,155.56,Directed
-34.0_-14.0,-35.0_-15.0,155.56,Directed
-34.0_-14.0,-34.0_-13.0,110.00,Directed
22.0_-63.0,21.0_-64.0,155.56,Directed
22.0_-63.0,21.0_-62.0,155.56,Directed
22.0_-63.0,22.0_-64.0,110.00,Directed
22.0_-63.0,22.0_-62.0,110.00,Directed
22.0_-63.0,23.0_-62.0,155.56,Directed
41.0_5.0,40.0_5.0,110.00,Directed
41.0_5.0,42.0_4.0,155.56,Directed
41.0_5.0,42.0_5.0,110.00,Directed
41.0_5.0,42.0_6.0,155.56,Directed
42.0_19.0,41.0_18.0,155.56,Directed
42.0_19.0,41.0_19.0,110.00,Directed
42.0_19.0,42.0_18.0,110.00,Directed
32.0_-123.0,31.0_-124.0,155.56,Directed
32.0_-123.0,31.0_-123.0,110.00,Directed
32.0_-123.0,31.0_-122.0,155.56,Directed
32.0_-123.0,32.0_-124.0,110.00,Directed
32.0_-123.0,32.0_-122.0,110.00,Directed
32.0_-123.0,33.0_-124.0,155.56,Directed
32.0_-123.0,33.0_-123.0,110.00,Directed
32.0_-123.0,33.0_-122.0,155.56,Directed
29.0_-154.0,28.0_-154.0,110.00,Directed
29.0_-154.0,30.0_-155.0,155.56,Directed
29.0_-154.0,30.0_-154.0,110.00,Directed
29.0_-154.0,30.0_-153.0,155.56,Directed
-1.0_-133.0,-2.0_-133.0,110.00,Directed
-1.0_-133.0,-2.0_-132.0,155.56,Directed
-1.0_-133.0,0.0_-132.0,155.56,Directed
13.0_-59.0,12.0_-60.0,155.56,Directed
13.0_-59.0,12.0_-58.0,155.56,Directed
13.0_-59.0,13.0_-60.0,110.00,Directed
13.0_-59.0,14.0_-60.0,155.56,Directed
13.0_-59.0,14.0_-59.0,110.00,Directed
39.0_-64.0,38.0_-65.0,155.56,Directed
39.0_-64.0,38.0_-64.0,110.00,Directed
39.0_-64.0,38.0_-63.0,155.56,Directed
39.0_-64.0,39.0_-65.0,110.00,Directed
39.0_-64.0,39.0_-63.0,110.00,Directed
39.0_-64.0,40.0_-65.0,155.56,Directed
39.0_-64.0,40.0_-64.0,110.00,Directed
39.0_-64.0,40.0_-63.0,155.56,Directed
50.0_-12.0,49.0_-13.0,155.56,Directed
50.0_-12.0,49.0_-12.0,110.00,Directed
50.0_-12.0,49.0_-11.0,155.56,Directed
50.0_-12.0,50.0_-13.0,110.00,Directed
50.0_-12.0,50.0_-11.0,110.00,Directed
50.0_-12.0,51.0_-13.0,155.56,Directed
50.0_-12.0,51.0_-12.0,110.00,Directed
50.0_-12.0,51.0_-11.0,155.56,Directed
11.0_-120.0,10.0_-119.0,155.56,Directed
11.0_-120.0,11.0_-121.0,110.00,Directed
11.0_-120.0,11.0_-119.0,110.00,Directed
11.0_-120.0,12.0_-121.0,155.56,Directed
11.0_-120.0,12.0_-119.0,155.56,Directed
42.0_130.0,42.0_131.0,110.00,Directed
42.0_130.0,43.0_131.0,155.56,Directed
25.0_-56.0,24.0_-57.0,155.56,Directed
25.0_-56.0,25.0_-57.0,110.00,Directed
25.0_-56.0,26.0_-57.0,155.56,Directed
25.0_-56.0,26.0_-56.0,110.00,Directed
53.0_-10.0,52.0_-11.0,155.56,Directed
53.0_-10.0,52.0_-10.0,110.00,Directed
53.0_-10.0,53.0_-11.0,110.00,Directed
53.0_-10.0,54.0_-11.0,155.56,Directed
53.0_-10.0,54.0_-10.0,110.00,Directed
53.0_-10.0,54.0_-9.0,155.56,Directed
30.0_-64.0,29.0_-65.0,155.56,Directed
30.0_-64.0,29.0_-64.0,110.00,Directed
30.0_-64.0,29.0_-63.0,155.56,Directed
30.0_-64.0,30.0_-65.0,110.00,Directed
30.0_-64.0,30.0_-63.0,110.00,Directed
30.0_-64.0,31.0_-65.0,155.56,Directed
30.0_-64.0,31.0_-64.0,110.00,Directed
30.0_-64.0,31.0_-63.0,155.56,Directed
29.0_-123.0,28.0_-124.0,155.56,Directed
29.0_-123.0,28.0_-123.0,110.00,Directed
29.0_-123.0,29.0_-124.0,110.00,Directed
29.0_-123.0,29.0_-122.0,110.00,Directed
29.0_-123.0,30.0_-124.0,155.56,Directed
29.0_-123.0,30.0_-123.0,110.00,Directed
29.0_-123.0,30.0_-122.0,155.56,Directed
29.0_-40.0,28.0_-39.0,155.56,Directed
29.0_-40.0,30.0_-40.0,110.00,Directed
-35.0_33.0,-35.0_32.0,110.00,Directed
34.0_-60.0,33.0_-61.0,155.56,Directed
34.0_-60.0,33.0_-60.0,110.00,Directed
34.0_-60.0,33.0_-59.0,155.56,Directed
34.0_-60.0,34.0_-61.0,110.00,Directed
34.0_-60.0,34.0_-59.0,110.00,Directed
34.0_-60.0,35.0_-61.0,155.56,Directed
34.0_-60.0,35.0_-60.0,110.00,Directed
34.0_-60.0,35.0_-59.0,155.56,Directed
23.0_-154.0,22.0_-155.0,155.56,Directed
23.0_-154.0,23.0_-153.0,110.00,Directed
23.0_-154.0,24.0_-155.0,155.56,Directed
38.0_-123.0,37.0_-124.0,155.56,Directed
38.0_-123.0,37.0_-123.0,110.00,Directed
38.0_-123.0,38.0_-124.0,110.00,Directed
37.0_23.0,36.0_22.0,155.56,Directed
37.0_23.0,36.0_23.0,110.00,Directed
37.0_23.0,37.0_24.0,110.00,Directed
37.0_23.0,38.0_23.0,110.00,Directed
36.0_20.0,36.0_21.0,110.00,Directed
38.0_6.0,38.0_5.0,110.00,Directed
38.0_6.0,38.0_7.0,110.00,Directed
38.0_6.0,39.0_5.0,155.56,Directed
38.0_6.0,39.0_6.0,110.00,Directed
38.0_6.0,39.0_7.0,155.56,Directed
19.0_155.0,19.0_156.0,110.00,Directed
19.0_155.0,20.0_155.0,110.00,Directed
-1.0_-146.0,-2.0_-145.0,155.56,Directed
43.0_-68.0,42.0_-69.0,155.56,Directed
43.0_-68.0,42.0_-68.0,110.00,Directed
43.0_-68.0,42.0_-67.0,155.56,Directed
43.0_-68.0,43.0_-69.0,110.00,Directed
43.0_-68.0,43.0_-67.0,110.00,Directed
43.0_-68.0,44.0_-69.0,155.56,Directed
43.0_-68.0,44.0_-68.0,110.00,Directed
43.0_-68.0,44.0_-67.0,155.56,Directed
14.0_-76.0,13.0_-76.0,110.00,Directed
14.0_-76.0,15.0_-77.0,155.56,Directed
14.0_-76.0,15.0_-76.0,110.00,Directed
14.0_-76.0,15.0_-75.0,155.56,Directed
50.0_-7.0,49.0_-8.0,155.56,Directed
50.0_-7.0,49.0_-7.0,110.00,Directed
50.0_-7.0,49.0_-6.0,155.56,Directed
50.0_-7.0,50.0_-8.0,110.00,Directed
50.0_-7.0,51.0_-8.0,155.56,Directed
50.0_-7.0,51.0_-7.0,110.00,Directed
73.0_73.0,73.0_72.0,110.00,Directed
-2.0_-157.0,-3.0_-158.0,155.56,Directed
-2.0_-157.0,-3.0_-156.0,155.56,Directed
-2.0_-157.0,-2.0_-158.0,110.00,Directed
-2.0_-157.0,-1.0_-158.0,155.56,Directed
-2.0_-157.0,-1.0_-157.0,110.00,Directed
39.0_147.0,38.0_146.0,155.56,Directed
39.0_147.0,39.0_146.0,110.00,Directed
39.0_147.0,40.0_146.0,155.56,Directed
39.0_147.0,40.0_148.0,155.56,Directed
37.0_-124.0,36.0_-125.0,155.56,Directed
37.0_-124.0,36.0_-124.0,110.00,Directed
37.0_-124.0,36.0_-123.0,155.56,Directed
37.0_-124.0,37.0_-123.0,110.00,Directed
37.0_-124.0,38.0_-125.0,155.56,Directed
37.0_-124.0,38.0_-124.0,110.00,Directed
37.0_-124.0,38.0_-123.0,155.56,Directed
15.0_-75.0,14.0_-76.0,155.56,Directed
15.0_-75.0,14.0_-74.0,155.56,Directed
15.0_-75.0,15.0_-76.0,110.00,Directed
15.0_-75.0,15.0_-74.0,110.00,Directed
15.0_-75.0,16.0_-76.0,155.56,Directed
15.0_-75.0,16.0_-75.0,110.00,Directed
15.0_-75.0,16.0_-74.0,155.56,Directed
38.0_13.0,37.0_12.0,155.56,Directed
38.0_13.0,37.0_13.0,110.00,Directed
38.0_13.0,38.0_12.0,110.00,Directed
38.0_13.0,38.0_14.0,110.00,Directed
38.0_13.0,39.0_12.0,155.56,Directed
19.0_-108.0,18.0_-109.0,155.56,Directed
19.0_-108.0,18.0_-108.0,110.00,Directed
19.0_-108.0,19.0_-109.0,110.00,Directed
19.0_-108.0,19.0_-107.0,110.00,Directed
19.0_-108.0,20.0_-109.0,155.56,Directed
19.0_-108.0,20.0_-108.0,110.00,Directed
19.0_-108.0,20.0_-107.0,155.56,Directed
-1.0_-159.0,-2.0_-159.0,110.00,Directed
-1.0_-159.0,-2.0_-158.0,155.56,Directed
-1.0_-159.0,-1.0_-160.0,110.00,Directed
-1.0_-159.0,-1.0_-158.0,110.00,Directed
-1.0_-159.0,0.0_-160.0,155.56,Directed
-1.0_-159.0,0.0_-159.0,110.00,Directed
-1.0_-159.0,0.0_-158.0,155.56,Directed
12.0_-158.0,11.0_-159.0,155.56,Directed
12.0_-158.0,11.0_-158.0,110.00,Directed
12.0_-158.0,12.0_-159.0,110.00,Directed
12.0_-158.0,12.0_-157.0,110.00,Directed
12.0_-158.0,13.0_-159.0,155.56,Directed
12.0_-158.0,13.0_-158.0,110.00,Directed
12.0_-158.0,13.0_-157.0,155.56,Directed
74.0_76.0,73.0_77.0,155.56,Directed
8.0_-93.0,8.0_-94.0,110.00,Directed
8.0_-93.0,9.0_-93.0,110.00,Directed
-35.0_-44.0,-35.0_-43.0,110.00,Directed
28.0_-67.0,27.0_-68.0,155.56,Directed
28.0_-67.0,27.0_-67.0,110.00,Directed
28.0_-67.0,27.0_-66.0,155.56,Directed
28.0_-67.0,28.0_-68.0,110.00,Directed
28.0_-67.0,28.0_-66.0,110.00,Directed
28.0_-67.0,29.0_-68.0,155.56,Directed
28.0_-67.0,29.0_-67.0,110.00,Directed
28.0_-67.0,29.0_-66.0,155.56,Directed
75.0_127.0,75.0_126.0,110.00,Directed
75.0_127.0,76.0_126.0,155.56,Directed
75.0_127.0,76.0_127.0,110.00,Directed
36.0_137.0,35.0_138.0,155.56,Directed
36.0_137.0,36.0_136.0,110.00,Directed
36.0_137.0,37.0_136.0,155.56,Directed
36.0_137.0,37.0_137.0,110.00,Directed
36.0_137.0,37.0_138.0,155.56,Directed
-33.0_-4.0,-34.0_-3.0,155.56,Directed
-33.0_-4.0,-33.0_-5.0,110.00,Directed
11.0_-66.0,10.0_-67.0,155.56,Directed
11.0_-66.0,10.0_-66.0,110.00,Directed
11.0_-66.0,10.0_-65.0,155.56,Directed
11.0_-66.0,11.0_-67.0,110.00,Directed
11.0_-66.0,11.0_-65.0,110.00,Directed
11.0_-66.0,12.0_-67.0,155.56,Directed
11.0_-66.0,12.0_-66.0,110.00,Directed
11.0_-66.0,12.0_-65.0,155.56,Directed
-2.0_-144.0,-3.0_-144.0,110.00,Directed
-2.0_-144.0,-3.0_-143.0,155.56,Directed
-2.0_-144.0,-2.0_-145.0,110.00,Directed
-2.0_-144.0,-2.0_-143.0,110.00,Directed
-2.0_-144.0,-1.0_-144.0,110.00,Directed
-2.0_-144.0,-1.0_-143.0,155.56,Directed
22.0_-160.0,21.0_-161.0,155.56,Directed
22.0_-160.0,21.0_-159.0,155.56,Directed
22.0_-160.0,22.0_-161.0,110.00,Directed
22.0_-160.0,22.0_-159.0,110.00,Directed
22.0_-160.0,23.0_-161.0,155.56,Directed
22.0_-160.0,23.0_-159.0,155.56,Directed
20.0_-70.0,19.0_-71.0,155.56,Directed
20.0_-70.0,19.0_-70.0,110.00,Directed
20.0_-70.0,19.0_-69.0,155.56,Directed
20.0_-70.0,20.0_-71.0,110.00,Directed
20.0_-70.0,20.0_-69.0,110.00,Directed
20.0_-70.0,21.0_-71.0,155.56,Directed
20.0_-70.0,21.0_-70.0,110.00,Directed
20.0_-70.0,21.0_-69.0,155.56,Directed
32.0_-167.0,31.0_-168.0,155.56,Directed
32.0_-167.0,32.0_-168.0,110.00,Directed
32.0_-167.0,32.0_-166.0,110.00,Directed
32.0_-167.0,33.0_-168.0,155.56,Directed
31.0_-58.0,30.0_-59.0,155.56,Directed
31.0_-58.0,30.0_-58.0,110.00,Directed
31.0_-58.0,30.0_-57.0,155.56,Directed
31.0_-58.0,31.0_-57.0,110.00,Directed
31.0_-58.0,32.0_-59.0,155.56,Directed
31.0_-58.0,32.0_-58.0,110.00,Directed
10.0_-117.0,9.0_-117.0,110.00,Directed
10.0_-117.0,9.0_-116.0,155.56,Directed
10.0_-117.0,10.0_-116.0,110.00,Directed
10.0_-117.0,11.0_-118.0,155.56,Directed
19.0_-161.0,18.0_-160.0,155.56,Directed
19.0_-161.0,19.0_-162.0,110.00,Directed
19.0_-161.0,19.0_-160.0,110.00,Directed
34.0_18.0,35.0_18.0,110.00,Directed
21.0_-157.0,20.0_-158.0,155.56,Directed
21.0_-157.0,20.0_-157.0,110.00,Directed
21.0_-157.0,20.0_-156.0,155.56,Directed
21.0_-157.0,21.0_-158.0,110.00,Directed
21.0_-157.0,21.0_-156.0,110.00,Directed
21.0_-157.0,22.0_-158.0,155.56,Directed
21.0_-157.0,22.0_-156.0,155.56,Directed
56.0_-8.0,55.0_-9.0,155.56,Directed
56.0_-8.0,55.0_-8.0,110.00,Directed
56.0_-8.0,55.0_-7.0,155.56,Directed
56.0_-8.0,56.0_-9.0,110.00,Directed
56.0_-8.0,56.0_-7.0,110.00,Directed
56.0_-8.0,57.0_-9.0,155.56,Directed
56.0_-8.0,57.0_-8.0,110.00,Directed
56.0_-8.0,57.0_-7.0,155.56,Directed
19.0_-85.0,18.0_-86.0,155.56,Directed
19.0_-85.0,18.0_-85.0,110.00,Directed
19.0_-85.0,18.0_-84.0,155.56,Directed
19.0_-85.0,20.0_-86.0,155.56,Directed
19.0_-85.0,20.0_-84.0,155.56,Directed
48.0_-129.0,48.0_-130.0,110.00,Directed
48.0_-129.0,49.0_-129.0,110.00,Directed
48.0_-129.0,49.0_-128.0,155.56,Directed
40.0_9.0,39.0_8.0,155.56,Directed
40.0_9.0,39.0_9.0,110.00,Directed
40.0_9.0,40.0_8.0,110.00,Directed
40.0_9.0,41.0_8.0,155.56,Directed
40.0_9.0,41.0_9.0,110.00,Directed
31.0_-168.0,31.0_-169.0,110.00,Directed
31.0_-168.0,32.0_-168.0,110.00,Directed
31.0_-168.0,32.0_-167.0,155.56,Directed
43.0_5.0,42.0_4.0,155.56,Directed
43.0_5.0,42.0_5.0,110.00,Directed
43.0_5.0,42.0_6.0,155.56,Directed
43.0_5.0,43.0_4.0,110.00,Directed
43.0_5.0,43.0_6.0,110.00,Directed
14.0_-63.0,13.0_-64.0,155.56,Directed
14.0_-63.0,13.0_-63.0,110.00,Directed
14.0_-63.0,13.0_-62.0,155.56,Directed
14.0_-63.0,14.0_-64.0,110.00,Directed
14.0_-63.0,14.0_-62.0,110.00,Directed
14.0_-63.0,15.0_-64.0,155.56,Directed
14.0_-63.0,15.0_-63.0,110.00,Directed
14.0_-63.0,15.0_-62.0,155.56,Directed
35.0_-180.0,34.0_-180.0,110.00,Directed
35.0_-180.0,36.0_-180.0,110.00,Directed
51.0_-129.0,50.0_-129.0,110.00,Directed
51.0_-129.0,51.0_-130.0,110.00,Directed
1.0_-126.0,0.0_-126.0,110.00,Directed
1.0_-126.0,1.0_-127.0,110.00,Directed
1.0_-126.0,1.0_-125.0,110.00,Directed
1.0_-126.0,2.0_-127.0,155.56,Directed
1.0_-126.0,2.0_-126.0,110.00,Directed
25.0_-61.0,24.0_-61.0,110.00,Directed
25.0_-61.0,24.0_-60.0,155.56,Directed
25.0_-61.0,25.0_-60.0,110.00,Directed
25.0_-61.0,26.0_-62.0,155.56,Directed
25.0_-61.0,26.0_-61.0,110.00,Directed
25.0_-61.0,26.0_-60.0,155.56,Directed
30.0_-77.0,29.0_-78.0,155.56,Directed
30.0_-77.0,29.0_-77.0,110.00,Directed
30.0_-77.0,29.0_-76.0,155.56,Directed
30.0_-77.0,30.0_-78.0,110.00,Directed
30.0_-77.0,30.0_-76.0,110.00,Directed
30.0_-77.0,31.0_-78.0,155.56,Directed
30.0_-77.0,31.0_-76.0,155.56,Directed
2.0_-160.0,1.0_-161.0,155.56,Directed
2.0_-160.0,1.0_-160.0,110.00,Directed
2.0_-160.0,1.0_-159.0,155.56,Directed
2.0_-160.0,2.0_-161.0,110.00,Directed
2.0_-160.0,2.0_-159.0,110.00,Directed
2.0_-160.0,3.0_-161.0,155.56,Directed
2.0_-160.0,3.0_-160.0,110.00,Directed
40.0_-137.0,39.0_-138.0,155.56,Directed
40.0_-137.0,39.0_-137.0,110.00,Directed
40.0_-137.0,39.0_-136.0,155.56,Directed
40.0_-137.0,40.0_-136.0,110.00,Directed
40.0_-137.0,41.0_-138.0,155.56,Directed
20.0_-128.0,19.0_-128.0,110.00,Directed
-25.0_-126.0,-25.0_-127.0,110.00,Directed
-25.0_-126.0,-25.0_-125.0,110.00,Directed
40.0_145.0,39.0_146.0,155.56,Directed
40.0_145.0,40.0_144.0,110.00,Directed
40.0_145.0,40.0_146.0,110.00,Directed
40.0_145.0,41.0_144.0,155.56,Directed
49.0_-1.0,49.0_-2.0,110.00,Directed
49.0_-1.0,49.0_0.0,110.00,Directed
49.0_-1.0,50.0_-2.0,155.56,Directed
49.0_-1.0,50.0_-1.0,110.00,Directed
49.0_-1.0,50.0_0.0,155.56,Directed
33.0_131.0,32.0_130.0,155.56,Directed
33.0_131.0,32.0_132.0,155.56,Directed
33.0_131.0,33.0_130.0,110.00,Directed
33.0_131.0,33.0_132.0,110.00,Directed
33.0_131.0,34.0_130.0,155.56,Directed
33.0_131.0,34.0_131.0,110.00,Directed
33.0_131.0,34.0_132.0,155.56,Directed
32.0_-75.0,31.0_-76.0,155.56,Directed
32.0_-75.0,31.0_-75.0,110.00,Directed
32.0_-75.0,31.0_-74.0,155.56,Directed
32.0_-75.0,32.0_-76.0,110.00,Directed
32.0_-75.0,32.0_-74.0,110.00,Directed
25.0_-129.0,24.0_-130.0,155.56,Directed
25.0_-129.0,24.0_-129.0,110.00,Directed
25.0_-129.0,24.0_-128.0,155.56,Directed
25.0_-129.0,25.0_-130.0,110.00,Directed
25.0_-129.0,25.0_-128.0,110.00,Directed
25.0_-129.0,26.0_-130.0,155.56,Directed
35.0_142.0,35.0_141.0,110.00,Directed
35.0_142.0,36.0_141.0,155.56,Directed
35.0_142.0,36.0_142.0,110.00,Directed
35.0_142.0,36.0_143.0,155.56,Directed
-14.0_-147.0,-15.0_-148.0,155.56,Directed
-14.0_-147.0,-15.0_-147.0,110.00,Directed
-14.0_-147.0,-15.0_-146.0,155.56,Directed
-14.0_-147.0,-14.0_-146.0,110.00,Directed
-14.0_-147.0,-13.0_-148.0,155.56,Directed
-14.0_-147.0,-13.0_-147.0,110.00,Directed
-14.0_-147.0,-13.0_-146.0,155.56,Directed
18.0_-68.0,17.0_-69.0,155.56,Directed
18.0_-68.0,17.0_-68.0,110.00,Directed
18.0_-68.0,17.0_-67.0,155.56,Directed
18.0_-68.0,18.0_-69.0,110.00,Directed
18.0_-68.0,19.0_-69.0,155.56,Directed
18.0_-68.0,19.0_-67.0,155.56,Directed
12.0_-114.0,11.0_-115.0,155.56,Directed
12.0_-114.0,12.0_-115.0,110.00,Directed
12.0_-114.0,12.0_-113.0,110.00,Directed
12.0_-114.0,13.0_-114.0,110.00,Directed
12.0_-114.0,13.0_-113.0,155.56,Directed
-27.0_-39.0,-27.0_-40.0,110.00,Directed
-27.0_-39.0,-27.0_-38.0,110.00,Directed
25.0_-74.0,24.0_-75.0,155.56,Directed
25.0_-74.0,24.0_-74.0,110.00,Directed
25.0_-74.0,24.0_-73.0,155.56,Directed
25.0_-74.0,25.0_-75.0,110.00,Directed
25.0_-74.0,25.0_-73.0,110.00,Directed
25.0_-74.0,26.0_-75.0,155.56,Directed
25.0_-74.0,26.0_-74.0,110.00,Directed
25.0_-74.0,26.0_-73.0,155.56,Directed
55.0_-5.0,54.0_-6.0,155.56,Directed
55.0_-5.0,54.0_-5.0,110.00,Directed
55.0_-5.0,54.0_-4.0,155.56,Directed
55.0_-5.0,55.0_-6.0,110.00,Directed
55.0_-5.0,56.0_-6.0,155.56,Directed
55.0_-5.0,56.0_-5.0,110.00,Directed
55.0_-5.0,56.0_-4.0,155.56,Directed
45.0_-84.0,44.0_-83.0,155.56,Directed
45.0_-84.0,45.0_-85.0,110.00,Directed
45.0_-84.0,46.0_-85.0,155.56,Directed
-11.0_-143.0,-12.0_-144.0,155.56,Directed
-11.0_-143.0,-12.0_-143.0,110.00,Directed
-11.0_-143.0,-12.0_-142.0,155.56,Directed
-11.0_-143.0,-11.0_-144.0,110.00,Directed
-11.0_-143.0,-11.0_-142.0,110.00,Directed
-11.0_-143.0,-10.0_-143.0,110.00,Directed
-11.0_-143.0,-10.0_-142.0,155.56,Directed
44.0_-41.0,44.0_-42.0,110.00,Directed
27.0_-72.0,26.0_-73.0,155.56,Directed
27.0_-72.0,26.0_-72.0,110.00,Directed
27.0_-72.0,26.0_-71.0,155.56,Directed
27.0_-72.0,27.0_-73.0,110.00,Directed
27.0_-72.0,27.0_-71.0,110.00,Directed
27.0_-72.0,28.0_-73.0,155.56,Directed
27.0_-72.0,28.0_-72.0,110.00,Directed
27.0_-72.0,28.0_-71.0,155.56,Directed
11.0_-159.0,10.0_-160.0,155.56,Directed
11.0_-159.0,10.0_-159.0,110.00,Directed
11.0_-159.0,10.0_-158.0,155.56,Directed
11.0_-159.0,11.0_-160.0,110.00,Directed
11.0_-159.0,11.0_-158.0,110.00,Directed
11.0_-159.0,12.0_-160.0,155.56,Directed
11.0_-159.0,12.0_-159.0,110.00,Directed
11.0_-159.0,12.0_-158.0,155.56,Directed
38.0_-70.0,37.0_-70.0,110.00,Directed
38.0_-70.0,37.0_-69.0,155.56,Directed
38.0_-70.0,38.0_-71.0,110.00,Directed
38.0_-70.0,38.0_-69.0,110.00,Directed
38.0_-70.0,39.0_-71.0,155.56,Directed
38.0_-70.0,39.0_-70.0,110.00,Directed
38.0_-70.0,39.0_-69.0,155.56,Directed
18.0_-109.0,17.0_-110.0,155.56,Directed
18.0_-109.0,17.0_-109.0,110.00,Directed
18.0_-109.0,18.0_-110.0,110.00,Directed
18.0_-109.0,18.0_-108.0,110.00,Directed
18.0_-109.0,19.0_-110.0,155.56,Directed
18.0_-109.0,19.0_-109.0,110.00,Directed
18.0_-109.0,19.0_-108.0,155.56,Directed
29.0_-66.0,28.0_-67.0,155.56,Directed
29.0_-66.0,28.0_-66.0,110.00,Directed
29.0_-66.0,28.0_-65.0,155.56,Directed
29.0_-66.0,29.0_-67.0,110.00,Directed
29.0_-66.0,29.0_-65.0,110.00,Directed
29.0_-66.0,30.0_-67.0,155.56,Directed
29.0_-66.0,30.0_-66.0,110.00,Directed
29.0_-66.0,30.0_-65.0,155.56,Directed
37.0_136.0,36.0_135.0,155.56,Directed
37.0_136.0,36.0_136.0,110.00,Directed
37.0_136.0,36.0_137.0,155.56,Directed
37.0_136.0,37.0_135.0,110.00,Directed
37.0_136.0,37.0_137.0,110.00,Directed
37.0_136.0,38.0_135.0,155.56,Directed
37.0_136.0,38.0_136.0,110.00,Directed
37.0_136.0,38.0_137.0,155.56,Directed
29.0_140.0,28.0_140.0,110.00,Directed
29.0_140.0,30.0_140.0,110.00,Directed
30.0_129.0,29.0_128.0,155.56,Directed
30.0_129.0,29.0_129.0,110.00,Directed
30.0_129.0,30.0_128.0,110.00,Directed
30.0_129.0,30.0_130.0,110.00,Directed
30.0_129.0,31.0_128.0,155.56,Directed
30.0_129.0,31.0_129.0,110.00,Directed
30.0_129.0,31.0_130.0,155.56,Directed
-9.0_-138.0,-10.0_-139.0,155.56,Directed
-9.0_-138.0,-10.0_-138.0,110.00,Directed
-9.0_-138.0,-10.0_-137.0,155.56,Directed
-9.0_-138.0,-9.0_-139.0,110.00,Directed
-9.0_-138.0,-8.0_-138.0,110.00,Directed
-9.0_-138.0,-8.0_-137.0,155.56,Directed
22.0_133.0,21.0_133.0,110.00,Directed
22.0_133.0,22.0_134.0,110.00,Directed
22.0_133.0,23.0_134.0,155.56,Directed
13.0_-161.0,12.0_-162.0,155.56,Directed
13.0_-161.0,12.0_-160.0,155.56,Directed
13.0_-161.0,13.0_-160.0,110.00,Directed
13.0_-161.0,14.0_-162.0,155.56,Directed
13.0_-161.0,14.0_-161.0,110.00,Directed
13.0_-161.0,14.0_-160.0,155.56,Directed
12.0_-65.0,11.0_-66.0,155.56,Directed
12.0_-65.0,11.0_-65.0,110.00,Directed
12.0_-65.0,11.0_-64.0,155.56,Directed
12.0_-65.0,12.0_-66.0,110.00,Directed
12.0_-65.0,12.0_-64.0,110.00,Directed
12.0_-65.0,13.0_-66.0,155.56,Directed
12.0_-65.0,13.0_-65.0,110.00,Directed
12.0_-65.0,13.0_-64.0,155.56,Directed
-34.0_1.0,-35.0_0.0,155.56,Directed
-34.0_1.0,-34.0_0.0,110.00,Directed
-34.0_1.0,-34.0_2.0,110.00,Directed
-39.0_154.0,-40.0_153.0,155.56,Directed
-39.0_154.0,-38.0_153.0,155.56,Directed
-39.0_154.0,-38.0_154.0,110.00,Directed
28.0_-160.0,27.0_-160.0,110.00,Directed
28.0_-160.0,27.0_-159.0,155.56,Directed
28.0_-160.0,28.0_-161.0,110.00,Directed
28.0_-160.0,29.0_-161.0,155.56,Directed
28.0_-160.0,29.0_-160.0,110.00,Directed
28.0_-160.0,29.0_-159.0,155.56,Directed
7.0_-161.0,6.0_-162.0,155.56,Directed
7.0_-161.0,6.0_-161.0,110.00,Directed
7.0_-161.0,7.0_-162.0,110.00,Directed
7.0_-161.0,8.0_-162.0,155.56,Directed
7.0_-161.0,8.0_-161.0,110.00,Directed
0.0_-158.0,-1.0_-159.0,155.56,Directed
0.0_-158.0,-1.0_-158.0,110.00,Directed
0.0_-158.0,-1.0_-157.0,155.56,Directed
0.0_-158.0,0.0_-159.0,110.00,Directed
0.0_-158.0,0.0_-157.0,110.00,Directed
0.0_-158.0,1.0_-159.0,155.56,Directed
0.0_-158.0,1.0_-158.0,110.00,Directed
0.0_-158.0,1.0_-157.0,155.56,Directed
9.0_-123.0,8.0_-124.0,155.56,Directed
9.0_-123.0,8.0_-122.0,155.56,Directed
9.0_-123.0,9.0_-122.0,110.00,Directed
9.0_-123.0,10.0_-122.0,155.56,Directed
17.0_-102.0,17.0_-103.0,110.00,Directed
-14.0_89.0,-15.0_89.0,110.00,Directed
-14.0_89.0,-13.0_88.0,155.56,Directed
16.0_-152.0,15.0_-153.0,155.56,Directed
16.0_-152.0,15.0_-152.0,110.00,Directed
16.0_-152.0,15.0_-151.0,155.56,Directed
16.0_-152.0,16.0_-151.0,110.00,Directed
16.0_-152.0,17.0_-153.0,155.56,Directed
16.0_-152.0,17.0_-152.0,110.00,Directed
16.0_-152.0,17.0_-151.0,155.56,Directed
31.0_128.0,30.0_127.0,155.56,Directed
31.0_128.0,30.0_128.0,110.00,Directed
31.0_128.0,30.0_129.0,155.56,Directed
31.0_128.0,31.0_127.0,110.00,Directed
31.0_128.0,31.0_129.0,110.00,Directed
31.0_128.0,32.0_127.0,155.56,Directed
31.0_128.0,32.0_128.0,110.00,Directed
31.0_128.0,32.0_129.0,155.56,Directed
24.0_-57.0,23.0_-58.0,155.56,Directed
24.0_-57.0,23.0_-57.0,110.00,Directed
24.0_-57.0,24.0_-58.0,110.00,Directed
24.0_-57.0,25.0_-58.0,155.56,Directed
24.0_-57.0,25.0_-57.0,110.00,Directed
24.0_-57.0,25.0_-56.0,155.56,Directed
33.0_-61.0,32.0_-62.0,155.56,Directed
33.0_-61.0,32.0_-61.0,110.00,Directed
33.0_-61.0,33.0_-62.0,110.00,Directed
33.0_-61.0,33.0_-60.0,110.00,Directed
33.0_-61.0,34.0_-62.0,155.56,Directed
33.0_-61.0,34.0_-61.0,110.00,Directed
33.0_-61.0,34.0_-60.0,155.56,Directed
32.0_127.0,31.0_126.0,155.56,Directed
32.0_127.0,31.0_127.0,110.00,Directed
32.0_127.0,31.0_128.0,155.56,Directed
32.0_127.0,32.0_128.0,110.00,Directed
32.0_127.0,33.0_128.0,155.56,Directed
23.0_-58.0,22.0_-59.0,155.56,Directed
23.0_-58.0,22.0_-58.0,110.00,Directed
23.0_-58.0,22.0_-57.0,155.56,Directed
23.0_-58.0,23.0_-59.0,110.00,Directed
23.0_-58.0,23.0_-57.0,110.00,Directed
23.0_-58.0,24.0_-59.0,155.56,Directed
23.0_-58.0,24.0_-58.0,110.00,Directed
23.0_-58.0,24.0_-57.0,155.56,Directed
32.0_-62.0,31.0_-63.0,155.56,Directed
32.0_-62.0,31.0_-62.0,110.00,Directed
32.0_-62.0,31.0_-61.0,155.56,Directed
32.0_-62.0,32.0_-63.0,110.00,Directed
32.0_-62.0,32.0_-61.0,110.00,Directed
32.0_-62.0,33.0_-63.0,155.56,Directed
32.0_-62.0,33.0_-62.0,110.00,Directed
32.0_-62.0,33.0_-61.0,155.56,Directed
11.0_-133.0,10.0_-134.0,155.56,Directed
11.0_-133.0,10.0_-133.0,110.00,Directed
11.0_-133.0,10.0_-132.0,155.56,Directed
11.0_-133.0,11.0_-134.0,110.00,Directed
11.0_-133.0,12.0_-134.0,155.56,Directed
11.0_-133.0,12.0_-133.0,110.00,Directed
-3.0_-156.0,-4.0_-157.0,155.56,Directed
-3.0_-156.0,-4.0_-156.0,110.00,Directed
-3.0_-156.0,-2.0_-157.0,155.56,Directed
34.0_-133.0,33.0_-134.0,155.56,Directed
34.0_-133.0,33.0_-133.0,110.00,Directed
34.0_-133.0,33.0_-132.0,155.56,Directed
34.0_-133.0,35.0_-133.0,110.00,Directed
21.0_-82.0,20.0_-82.0,110.00,Directed
21.0_-82.0,20.0_-81.0,155.56,Directed
21.0_-82.0,21.0_-83.0,110.00,Directed
42.0_-69.0,41.0_-70.0,155.56,Directed
42.0_-69.0,41.0_-69.0,110.00,Directed
42.0_-69.0,41.0_-68.0,155.56,Directed
42.0_-69.0,42.0_-70.0,110.00,Directed
42.0_-69.0,42.0_-68.0,110.00,Directed
42.0_-69.0,43.0_-70.0,155.56,Directed
42.0_-69.0,43.0_-69.0,110.00,Directed
42.0_-69.0,43.0_-68.0,155.56,Directed
31.0_-155.0,30.0_-156.0,155.56,Directed
31.0_-155.0,30.0_-155.0,110.00,Directed
31.0_-155.0,30.0_-154.0,155.56,Directed
31.0_-155.0,31.0_-156.0,110.00,Directed
31.0_-155.0,32.0_-156.0,155.56,Directed
31.0_-155.0,32.0_-155.0,110.00,Directed
42.0_-134.0,42.0_-135.0,110.00,Directed
42.0_-134.0,43.0_-135.0,155.56,Directed
42.0_9.0,41.0_8.0,155.56,Directed
42.0_9.0,41.0_9.0,110.00,Directed
42.0_9.0,42.0_8.0,110.00,Directed
42.0_9.0,42.0_10.0,110.00,Directed
42.0_9.0,43.0_8.0,155.56,Directed
42.0_9.0,43.0_9.0,110.00,Directed
0.0_-132.0,-1.0_-133.0,155.56,Directed
0.0_-132.0,-1.0_-131.0,155.56,Directed
0.0_-132.0,0.0_-131.0,110.00,Directed
29.0_-79.0,28.0_-80.0,155.56,Directed
29.0_-79.0,28.0_-79.0,110.00,Directed
29.0_-79.0,28.0_-78.0,155.56,Directed
29.0_-79.0,29.0_-80.0,110.00,Directed
29.0_-79.0,29.0_-78.0,110.00,Directed
29.0_-79.0,30.0_-80.0,155.56,Directed
29.0_-79.0,30.0_-79.0,110.00,Directed
29.0_-79.0,30.0_-78.0,155.56,Directed
16.0_131.0,15.0_131.0,110.00,Directed
16.0_131.0,16.0_132.0,110.00,Directed
16.0_131.0,17.0_131.0,110.00,Directed
16.0_131.0,17.0_132.0,155.56,Directed
58.0_-14.0,57.0_-15.0,155.56,Directed
58.0_-14.0,58.0_-15.0,110.00,Directed
15.0_-118.0,14.0_-119.0,155.56,Directed
15.0_-118.0,14.0_-118.0,110.00,Directed
15.0_-118.0,15.0_-117.0,110.00,Directed
15.0_-118.0,16.0_-117.0,155.56,Directed
17.0_-69.0,16.0_-70.0,155.56,Directed
17.0_-69.0,16.0_-69.0,110.00,Directed
17.0_-69.0,16.0_-68.0,155.56,Directed
17.0_-69.0,17.0_-70.0,110.00,Directed
17.0_-69.0,17.0_-68.0,110.00,Directed
17.0_-69.0,18.0_-69.0,110.00,Directed
17.0_-69.0,18.0_-68.0,155.56,Directed
-18.0_97.0,-19.0_96.0,155.56,Directed
-18.0_97.0,-18.0_98.0,110.00,Directed
-28.0_-104.0,-29.0_-105.0,155.56,Directed
-28.0_-104.0,-29.0_-104.0,110.00,Directed
-28.0_-104.0,-29.0_-103.0,155.56,Directed
26.0_-73.0,25.0_-74.0,155.56,Directed
26.0_-73.0,25.0_-73.0,110.00,Directed
26.0_-73.0,25.0_-72.0,155.56,Directed
26.0_-73.0,26.0_-74.0,110.00,Directed
26.0_-73.0,26.0_-72.0,110.00,Directed
26.0_-73.0,27.0_-74.0,155.56,Directed
26.0_-73.0,27.0_-73.0,110.00,Directed
26.0_-73.0,27.0_-72.0,155.56,Directed
19.0_-130.0,18.0_-131.0,155.56,Directed
19.0_-130.0,18.0_-130.0,110.00,Directed
19.0_-130.0,19.0_-131.0,110.00,Directed
19.0_-130.0,20.0_-130.0,110.00,Directed
-13.0_86.0,-14.0_87.0,155.56,Directed
-13.0_86.0,-13.0_85.0,110.00,Directed
-13.0_86.0,-13.0_87.0,110.00,Directed
-13.0_86.0,-12.0_85.0,155.56,Directed
-13.0_86.0,-12.0_86.0,110.00,Directed
-13.0_86.0,-12.0_87.0,155.56,Directed
17.0_-159.0,16.0_-160.0,155.56,Directed
17.0_-159.0,16.0_-159.0,110.00,Directed
17.0_-159.0,16.0_-158.0,155.56,Directed
17.0_-159.0,17.0_-160.0,110.00,Directed
17.0_-159.0,17.0_-158.0,110.00,Directed
17.0_-159.0,18.0_-160.0,155.56,Directed
17.0_-159.0,18.0_-159.0,110.00,Directed
17.0_-159.0,18.0_-158.0,155.56,Directed
32.0_-136.0,32.0_-137.0,110.00,Directed
32.0_-136.0,32.0_-135.0,110.00,Directed
32.0_-136.0,33.0_-137.0,155.56,Directed
32.0_-136.0,33.0_-136.0,110.00,Directed
32.0_-136.0,33.0_-135.0,155.56,Directed
38.0_135.0,37.0_134.0,155.56,Directed
38.0_135.0,37.0_135.0,110.00,Directed
38.0_135.0,37.0_136.0,155.56,Directed
38.0_135.0,38.0_136.0,110.00,Directed
38.0_135.0,39.0_135.0,110.00,Directed
73.0_129.0,73.0_130.0,110.00,Directed
73.0_129.0,74.0_129.0,110.00,Directed
36.0_-161.0,37.0_-160.0,155.56,Directed
44.0_9.0,43.0_8.0,155.56,Directed
44.0_9.0,43.0_9.0,110.00,Directed
44.0_9.0,44.0_8.0,110.00,Directed
-11.0_-156.0,-12.0_-155.0,155.56,Directed
-11.0_-156.0,-10.0_-156.0,110.00,Directed
-11.0_-156.0,-10.0_-155.0,155.56,Directed
-9.0_87.0,-10.0_86.0,155.56,Directed
-9.0_87.0,-10.0_87.0,110.00,Directed
-9.0_87.0,-10.0_88.0,155.56,Directed
36.0_-67.0,35.0_-68.0,155.56,Directed
36.0_-67.0,35.0_-67.0,110.00,Directed
36.0_-67.0,35.0_-66.0,155.56,Directed
36.0_-67.0,36.0_-68.0,110.00,Directed
36.0_-67.0,36.0_-66.0,110.00,Directed
36.0_-67.0,37.0_-68.0,155.56,Directed
36.0_-67.0,37.0_-67.0,110.00,Directed
36.0_-67.0,37.0_-66.0,155.56,Directed
-34.0_-80.0,-35.0_-80.0,110.00,Directed
-34.0_-80.0,-35.0_-79.0,155.56,Directed
-34.0_-80.0,-33.0_-80.0,110.00,Directed
-34.0_-80.0,-33.0_-79.0,155.56,Directed
6.0_-158.0,5.0_-159.0,155.56,Directed
6.0_-158.0,5.0_-158.0,110.00,Directed
6.0_-158.0,5.0_-157.0,155.56,Directed
6.0_-158.0,6.0_-159.0,110.00,Directed
6.0_-158.0,6.0_-157.0,110.00,Directed
6.0_-158.0,7.0_-159.0,155.56,Directed
6.0_-158.0,7.0_-158.0,110.00,Directed
6.0_-158.0,7.0_-157.0,155.56,Directed
-13.0_-140.0,-12.0_-139.0,155.56,Directed
27.0_-157.0,26.0_-158.0,155.56,Directed
27.0_-157.0,26.0_-157.0,110.00,Directed
27.0_-157.0,27.0_-158.0,110.00,Directed
27.0_-157.0,28.0_-158.0,155.56,Directed
27.0_-157.0,28.0_-157.0,110.00,Directed
39.0_121.0,39.0_120.0,110.00,Directed
39.0_121.0,40.0_120.0,155.56,Directed
39.0_121.0,40.0_121.0,110.00,Directed
44.0_-3.0,43.0_-4.0,155.56,Directed
44.0_-3.0,43.0_-3.0,110.00,Directed
44.0_-3.0,43.0_-2.0,155.56,Directed
44.0_-3.0,44.0_-2.0,110.00,Directed
44.0_-3.0,45.0_-4.0,155.56,Directed
44.0_-3.0,45.0_-3.0,110.00,Directed
44.0_-3.0,45.0_-2.0,155.56,Directed
24.0_-74.0,23.0_-75.0,155.56,Directed
24.0_-74.0,23.0_-74.0,110.00,Directed
24.0_-74.0,23.0_-73.0,155.56,Directed
24.0_-74.0,24.0_-75.0,110.00,Directed
24.0_-74.0,24.0_-73.0,110.00,Directed
24.0_-74.0,25.0_-75.0,155.56,Directed
24.0_-74.0,25.0_-74.0,110.00,Directed
24.0_-74.0,25.0_-73.0,155.56,Directed
49.0_-5.0,48.0_-6.0,155.56,Directed
49.0_-5.0,48.0_-5.0,110.00,Directed
49.0_-5.0,49.0_-6.0,110.00,Directed
49.0_-5.0,50.0_-5.0,110.00,Directed
32.0_-118.0,31.0_-119.0,155.56,Directed
32.0_-118.0,31.0_-118.0,110.00,Directed
32.0_-118.0,32.0_-119.0,110.00,Directed
32.0_-118.0,33.0_-119.0,155.56,Directed
32.0_-118.0,33.0_-118.0,110.00,Directed
43.0_131.0,42.0_130.0,155.56,Directed
43.0_131.0,42.0_131.0,110.00,Directed
43.0_131.0,42.0_132.0,155.56,Directed
43.0_131.0,43.0_132.0,110.00,Directed
22.0_141.0,21.0_141.0,110.00,Directed
22.0_141.0,23.0_141.0,110.00,Directed
17.0_-161.0,16.0_-161.0,110.00,Directed
17.0_-161.0,16.0_-160.0,155.56,Directed
17.0_-161.0,17.0_-160.0,110.00,Directed
17.0_-161.0,18.0_-160.0,155.56,Directed
-18.0_-151.0,-18.0_-152.0,110.00,Directed
-18.0_-151.0,-18.0_-150.0,110.00,Directed
-18.0_-151.0,-17.0_-152.0,155.56,Directed
-18.0_-151.0,-17.0_-151.0,110.00,Directed
-18.0_-151.0,-17.0_-150.0,155.56,Directed
30.0_-47.0,29.0_-47.0,110.00,Directed
30.0_-47.0,29.0_-46.0,155.56,Directed
30.0_-47.0,31.0_-48.0,155.56,Directed
-29.0_-104.0,-29.0_-105.0,110.00,Directed
-29.0_-104.0,-29.0_-103.0,110.00,Directed
-29.0_-104.0,-28.0_-104.0,110.00,Directed
-8.0_-155.0,-9.0_-156.0,155.56,Directed
-8.0_-155.0,-8.0_-154.0,110.00,Directed
-8.0_-155.0,-7.0_-156.0,155.56,Directed
-8.0_-155.0,-7.0_-155.0,110.00,Directed
-8.0_-155.0,-7.0_-154.0,155.56,Directed
7.0_96.0,6.0_95.0,155.56,Directed
54.0_-15.0,53.0_-16.0,155.56,Directed
54.0_-15.0,53.0_-15.0,110.00,Directed
54.0_-15.0,53.0_-14.0,155.56,Directed
54.0_-15.0,54.0_-16.0,110.00,Directed
54.0_-15.0,54.0_-14.0,110.00,Directed
-33.0_-12.0,-34.0_-13.0,155.56,Directed
-33.0_-12.0,-33.0_-11.0,110.00,Directed
38.0_41.0,39.0_41.0,110.00,Directed
32.0_-171.0,31.0_-170.0,155.56,Directed
32.0_-171.0,32.0_-170.0,110.00,Directed
35.0_133.0,34.0_132.0,155.56,Directed
35.0_133.0,34.0_133.0,110.00,Directed
35.0_133.0,34.0_134.0,155.56,Directed
35.0_133.0,35.0_132.0,110.00,Directed
35.0_133.0,35.0_134.0,110.00,Directed
35.0_133.0,36.0_132.0,155.56,Directed
35.0_133.0,36.0_133.0,110.00,Directed
35.0_133.0,36.0_134.0,155.56,Directed
-12.0_90.0,-13.0_91.0,155.56,Directed
25.0_-80.0,24.0_-81.0,155.56,Directed
25.0_-80.0,24.0_-80.0,110.00,Directed
25.0_-80.0,25.0_-81.0,110.00,Directed
25.0_-80.0,25.0_-79.0,110.00,Directed
25.0_-80.0,26.0_-81.0,155.56,Directed
25.0_-80.0,26.0_-80.0,110.00,Directed
25.0_-80.0,26.0_-79.0,155.56,Directed
16.0_-76.0,15.0_-77.0,155.56,Directed
16.0_-76.0,15.0_-76.0,110.00,Directed
16.0_-76.0,15.0_-75.0,155.56,Directed
16.0_-76.0,16.0_-77.0,110.00,Directed
16.0_-76.0,16.0_-75.0,110.00,Directed
16.0_-76.0,17.0_-77.0,155.56,Directed
16.0_-76.0,17.0_-76.0,110.00,Directed
16.0_-76.0,17.0_-75.0,155.56,Directed
-40.0_153.0,-41.0_153.0,110.00,Directed
-40.0_153.0,-39.0_154.0,155.56,Directed
34.0_-142.0,33.0_-142.0,110.00,Directed
34.0_-142.0,33.0_-141.0,155.56,Directed
34.0_-142.0,34.0_-143.0,110.00,Directed
34.0_-142.0,34.0_-141.0,110.00,Directed
34.0_-142.0,35.0_-142.0,110.00,Directed
34.0_-142.0,35.0_-141.0,155.56,Directed
-10.0_88.0,-11.0_87.0,155.56,Directed
-10.0_88.0,-11.0_88.0,110.00,Directed
-10.0_88.0,-10.0_87.0,110.00,Directed
-10.0_88.0,-9.0_87.0,155.56,Directed
-10.0_88.0,-9.0_89.0,155.56,Directed
18.0_-131.0,17.0_-132.0,155.56,Directed
18.0_-131.0,17.0_-131.0,110.00,Directed
18.0_-131.0,17.0_-130.0,155.56,Directed
18.0_-131.0,18.0_-130.0,110.00,Directed
18.0_-131.0,19.0_-131.0,110.00,Directed
18.0_-131.0,19.0_-130.0,155.56,Directed
17.0_-82.0,16.0_-83.0,155.56,Directed
17.0_-82.0,16.0_-82.0,110.00,Directed
17.0_-82.0,16.0_-81.0,155.56,Directed
17.0_-82.0,17.0_-83.0,110.00,Directed
17.0_-82.0,17.0_-81.0,110.00,Directed
17.0_-82.0,18.0_-83.0,155.56,Directed
17.0_-82.0,18.0_-82.0,110.00,Directed
17.0_-82.0,18.0_-81.0,155.56,Directed
28.0_-127.0,27.0_-127.0,110.00,Directed
28.0_-127.0,28.0_-128.0,110.00,Directed
28.0_-127.0,28.0_-126.0,110.00,Directed
28.0_-127.0,29.0_-126.0,155.56,Directed
14.0_-60.0,13.0_-61.0,155.56,Directed
14.0_-60.0,13.0_-60.0,110.00,Directed
14.0_-60.0,13.0_-59.0,155.56,Directed
14.0_-60.0,14.0_-61.0,110.00,Directed
14.0_-60.0,14.0_-59.0,110.00,Directed
14.0_-60.0,15.0_-61.0,155.56,Directed
14.0_-60.0,15.0_-60.0,110.00,Directed
14.0_-60.0,15.0_-59.0,155.56,Directed
39.0_7.0,38.0_6.0,155.56,Directed
39.0_7.0,38.0_7.0,110.00,Directed
39.0_7.0,38.0_8.0,155.56,Directed
39.0_7.0,39.0_6.0,110.00,Directed
39.0_7.0,39.0_8.0,110.00,Directed
39.0_7.0,40.0_7.0,110.00,Directed
39.0_7.0,40.0_8.0,155.56,Directed
58.0_-12.0,57.0_-12.0,110.00,Directed
58.0_-12.0,57.0_-11.0,155.56,Directed
58.0_-12.0,58.0_-11.0,110.00,Directed
58.0_-12.0,59.0_-12.0,110.00,Directed
58.0_-12.0,59.0_-11.0,155.56,Directed
13.0_-153.0,13.0_-152.0,110.00,Directed
13.0_-153.0,14.0_-153.0,110.00,Directed
39.0_-133.0,38.0_-134.0,155.56,Directed
39.0_-133.0,38.0_-133.0,110.00,Directed
39.0_-133.0,39.0_-134.0,110.00,Directed
39.0_-133.0,39.0_-132.0,110.00,Directed
39.0_-133.0,40.0_-134.0,155.56,Directed
39.0_-133.0,40.0_-133.0,110.00,Directed
36.0_-126.0,35.0_-125.0,155.56,Directed
36.0_-126.0,36.0_-127.0,110.00,Directed
36.0_-126.0,36.0_-125.0,110.00,Directed
10.0_-146.0,9.0_-147.0,155.56,Directed
10.0_-146.0,9.0_-146.0,110.00,Directed
10.0_-146.0,10.0_-147.0,110.00,Directed
24.0_-61.0,23.0_-62.0,155.56,Directed
24.0_-61.0,23.0_-61.0,110.00,Directed
24.0_-61.0,23.0_-60.0,155.56,Directed
24.0_-61.0,24.0_-60.0,110.00,Directed
24.0_-61.0,25.0_-61.0,110.00,Directed
24.0_-61.0,25.0_-60.0,155.56,Directed
21.0_-165.0,20.0_-164.0,155.56,Directed
21.0_-165.0,21.0_-166.0,110.00,Directed
47.0_-145.0,48.0_-144.0,155.56,Directed
26.0_-130.0,25.0_-130.0,110.00,Directed
26.0_-130.0,25.0_-129.0,155.56,Directed
26.0_-130.0,27.0_-130.0,110.00,Directed
26.0_-130.0,27.0_-129.0,155.56,Directed
37.0_-66.0,36.0_-67.0,155.56,Directed
37.0_-66.0,36.0_-66.0,110.00,Directed
37.0_-66.0,36.0_-65.0,155.56,Directed
37.0_-66.0,37.0_-67.0,110.00,Directed
37.0_-66.0,37.0_-65.0,110.00,Directed
37.0_-66.0,38.0_-67.0,155.56,Directed
37.0_-66.0,38.0_-66.0,110.00,Directed
37.0_-66.0,38.0_-65.0,155.56,Directed
8.0_-155.0,7.0_-156.0,155.56,Directed
8.0_-155.0,7.0_-155.0,110.00,Directed
8.0_-155.0,8.0_-156.0,110.00,Directed
8.0_-155.0,8.0_-154.0,110.00,Directed
8.0_-155.0,9.0_-156.0,155.56,Directed
6.0_-118.0,5.0_-119.0,155.56,Directed
6.0_-118.0,5.0_-118.0,110.00,Directed
6.0_-118.0,6.0_-117.0,110.00,Directed
6.0_-118.0,7.0_-119.0,155.56,Directed
6.0_-118.0,7.0_-117.0,155.56,Directed
49.0_-129.0,48.0_-130.0,155.56,Directed
49.0_-129.0,48.0_-129.0,110.00,Directed
49.0_-129.0,49.0_-128.0,110.00,Directed
49.0_-129.0,50.0_-129.0,110.00,Directed
-4.0_-134.0,-5.0_-135.0,155.56,Directed
-4.0_-134.0,-5.0_-134.0,110.00,Directed
-4.0_-134.0,-5.0_-133.0,155.56,Directed
-4.0_-134.0,-4.0_-135.0,110.00,Directed
-4.0_-134.0,-4.0_-133.0,110.00,Directed
-4.0_-134.0,-3.0_-133.0,155.56,Directed
-27.0_-120.0,-27.0_-119.0,110.00,Directed
-27.0_-120.0,-26.0_-121.0,155.56,Directed
32.0_-72.0,31.0_-73.0,155.56,Directed
32.0_-72.0,31.0_-72.0,110.00,Directed
32.0_-72.0,31.0_-71.0,155.56,Directed
32.0_-72.0,32.0_-73.0,110.00,Directed
15.0_-111.0,14.0_-112.0,155.56,Directed
15.0_-111.0,15.0_-112.0,110.00,Directed
15.0_-111.0,16.0_-112.0,155.56,Directed
15.0_-111.0,16.0_-111.0,110.00,Directed
15.0_-111.0,16.0_-110.0,155.56,Directed
23.0_-68.0,22.0_-69.0,155.56,Directed
23.0_-68.0,22.0_-68.0,110.00,Directed
23.0_-68.0,24.0_-69.0,155.56,Directed
56.0_-2.0,55.0_-3.0,155.56,Directed
56.0_-2.0,56.0_-3.0,110.00,Directed
56.0_-2.0,57.0_-3.0,155.56,Directed
56.0_-2.0,57.0_-2.0,110.00,Directed
42.0_138.0,41.0_137.0,155.56,Directed
42.0_138.0,41.0_138.0,110.00,Directed
42.0_138.0,41.0_139.0,155.56,Directed
42.0_138.0,43.0_139.0,155.56,Directed
14.0_130.0,14.0_131.0,110.00,Directed
14.0_130.0,15.0_131.0,155.56,Directed
35.0_-156.0,34.0_-157.0,155.56,Directed
35.0_-156.0,34.0_-156.0,110.00,Directed
35.0_-156.0,35.0_-157.0,110.00,Directed
35.0_-156.0,36.0_-155.0,155.56,Directed
8.0_-124.0,7.0_-124.0,110.00,Directed
8.0_-124.0,7.0_-123.0,155.56,Directed
8.0_-124.0,9.0_-123.0,155.56,Directed
19.0_-158.0,18.0_-159.0,155.56,Directed
19.0_-158.0,18.0_-158.0,110.00,Directed
19.0_-158.0,18.0_-157.0,155.56,Directed
19.0_-158.0,19.0_-159.0,110.00,Directed
19.0_-158.0,19.0_-157.0,110.00,Directed
19.0_-158.0,20.0_-159.0,155.56,Directed
19.0_-158.0,20.0_-158.0,110.00,Directed
19.0_-158.0,20.0_-157.0,155.56,Directed
-8.0_98.0,-9.0_97.0,155.56,Directed
-8.0_98.0,-8.0_99.0,110.00,Directed
-8.0_98.0,-7.0_98.0,110.00,Directed
-8.0_98.0,-7.0_99.0,155.56,Directed
28.0_-158.0,27.0_-159.0,155.56,Directed
28.0_-158.0,27.0_-158.0,110.00,Directed
28.0_-158.0,27.0_-157.0,155.56,Directed
28.0_-158.0,28.0_-157.0,110.00,Directed
28.0_-158.0,29.0_-159.0,155.56,Directed
28.0_-158.0,29.0_-158.0,110.00,Directed
28.0_-158.0,29.0_-157.0,155.56,Directed
-9.0_-156.0,-10.0_-156.0,110.00,Directed
-9.0_-156.0,-10.0_-155.0,155.56,Directed
-9.0_-156.0,-9.0_-157.0,110.00,Directed
-9.0_-156.0,-8.0_-157.0,155.56,Directed
-9.0_-156.0,-8.0_-155.0,155.56,Directed
10.0_-133.0,10.0_-134.0,110.00,Directed
10.0_-133.0,10.0_-132.0,110.00,Directed
10.0_-133.0,11.0_-134.0,155.56,Directed
10.0_-133.0,11.0_-133.0,110.00,Directed
52.0_-7.0,51.0_-8.0,155.56,Directed
52.0_-7.0,51.0_-7.0,110.00,Directed
52.0_-7.0,52.0_-8.0,110.00,Directed
25.0_-160.0,24.0_-159.0,155.56,Directed
25.0_-160.0,25.0_-161.0,110.00,Directed
25.0_-160.0,25.0_-159.0,110.00,Directed
25.0_-160.0,26.0_-161.0,155.56,Directed
25.0_-160.0,26.0_-160.0,110.00,Directed
25.0_-160.0,26.0_-159.0,155.56,Directed
38.0_-150.0,37.0_-150.0,110.00,Directed
38.0_-150.0,37.0_-149.0,155.56,Directed
38.0_-150.0,38.0_-151.0,110.00,Directed
38.0_-150.0,38.0_-149.0,110.00,Directed
38.0_-150.0,39.0_-150.0,110.00,Directed
20.0_-164.0,20.0_-163.0,110.00,Directed
20.0_-164.0,21.0_-165.0,155.56,Directed
-22.0_-36.0,-23.0_-37.0,155.56,Directed
21.0_-152.0,20.0_-153.0,155.56,Directed
21.0_-152.0,21.0_-153.0,110.00,Directed
21.0_-152.0,21.0_-151.0,110.00,Directed
21.0_-152.0,22.0_-152.0,110.00,Directed
21.0_-152.0,22.0_-151.0,155.56,Directed
19.0_-67.0,18.0_-68.0,155.56,Directed
19.0_-67.0,19.0_-66.0,110.00,Directed
19.0_-67.0,20.0_-68.0,155.56,Directed
19.0_-67.0,20.0_-66.0,155.56,Directed
20.0_129.0,19.0_128.0,155.56,Directed
20.0_129.0,19.0_130.0,155.56,Directed
20.0_129.0,21.0_130.0,155.56,Directed
26.0_-77.0,25.0_-78.0,155.56,Directed
26.0_-77.0,25.0_-77.0,110.00,Directed
26.0_-77.0,25.0_-76.0,155.56,Directed
26.0_-77.0,26.0_-78.0,110.00,Directed
26.0_-77.0,26.0_-76.0,110.00,Directed
26.0_-77.0,27.0_-78.0,155.56,Directed
26.0_-77.0,27.0_-77.0,110.00,Directed
26.0_-77.0,27.0_-76.0,155.56,Directed
52.0_-12.0,51.0_-13.0,155.56,Directed
52.0_-12.0,51.0_-12.0,110.00,Directed
52.0_-12.0,51.0_-11.0,155.56,Directed
52.0_-12.0,52.0_-13.0,110.00,Directed
52.0_-12.0,52.0_-11.0,110.00,Directed
52.0_-12.0,53.0_-13.0,155.56,Directed
52.0_-12.0,53.0_-12.0,110.00,Directed
52.0_-12.0,53.0_-11.0,155.56,Directed
-7.0_-141.0,-8.0_-142.0,155.56,Directed
-7.0_-141.0,-8.0_-141.0,110.00,Directed
-7.0_-141.0,-8.0_-140.0,155.56,Directed
-7.0_-141.0,-7.0_-142.0,110.00,Directed
-7.0_-141.0,-7.0_-140.0,110.00,Directed
-7.0_-141.0,-6.0_-142.0,155.56,Directed
-7.0_-141.0,-6.0_-141.0,110.00,Directed
-7.0_-141.0,-6.0_-140.0,155.56,Directed
-35.0_0.0,-34.0_0.0,110.00,Directed
-35.0_0.0,-34.0_1.0,155.56,Directed
0.0_-126.0,-1.0_-127.0,155.56,Directed
0.0_-126.0,1.0_-127.0,155.56,Directed
0.0_-126.0,1.0_-126.0,110.00,Directed
0.0_-126.0,1.0_-125.0,155.56,Directed
33.0_-141.0,32.0_-141.0,110.00,Directed
33.0_-141.0,32.0_-140.0,155.56,Directed
33.0_-141.0,33.0_-142.0,110.00,Directed
33.0_-141.0,33.0_-140.0,110.00,Directed
33.0_-141.0,34.0_-142.0,155.56,Directed
33.0_-141.0,34.0_-141.0,110.00,Directed
33.0_-141.0,34.0_-140.0,155.56,Directed
-31.0_-97.0,-31.0_-98.0,110.00,Directed
-31.0_-97.0,-31.0_-96.0,110.00,Directed
-31.0_-97.0,-30.0_-98.0,155.56,Directed
41.0_-10.0,42.0_-10.0,110.00,Directed
41.0_-67.0,40.0_-68.0,155.56,Directed
41.0_-67.0,40.0_-67.0,110.00,Directed
41.0_-67.0,40.0_-66.0,155.56,Directed
41.0_-67.0,41.0_-68.0,110.00,Directed
41.0_-67.0,41.0_-66.0,110.00,Directed
41.0_-67.0,42.0_-68.0,155.56,Directed
41.0_-67.0,42.0_-67.0,110.00,Directed
41.0_-67.0,42.0_-66.0,155.56,Directed
4.0_-147.0,3.0_-146.0,155.56,Directed
-33.0_12.0,-34.0_11.0,155.56,Directed
-33.0_12.0,-32.0_13.0,155.56,Directed
13.0_-72.0,12.0_-71.0,155.56,Directed
13.0_-72.0,13.0_-73.0,110.00,Directed
13.0_-72.0,13.0_-71.0,110.00,Directed
13.0_-72.0,14.0_-72.0,110.00,Directed
13.0_-72.0,14.0_-71.0,155.56,Directed
36.0_-139.0,35.0_-140.0,155.56,Directed
36.0_-139.0,35.0_-139.0,110.00,Directed
36.0_-139.0,37.0_-140.0,155.56,Directed
36.0_-139.0,37.0_-139.0,110.00,Directed
43.0_-61.0,42.0_-62.0,155.56,Directed
43.0_-61.0,42.0_-61.0,110.00,Directed
43.0_-61.0,43.0_-62.0,110.00,Directed
43.0_-61.0,43.0_-60.0,110.00,Directed
43.0_-61.0,44.0_-62.0,155.56,Directed
43.0_-61.0,44.0_-61.0,110.00,Directed
43.0_-61.0,44.0_-60.0,155.56,Directed
28.0_-71.0,27.0_-72.0,155.56,Directed
28.0_-71.0,27.0_-71.0,110.00,Directed
28.0_-71.0,27.0_-70.0,155.56,Directed
28.0_-71.0,28.0_-72.0,110.00,Directed
28.0_-71.0,28.0_-70.0,110.00,Directed
28.0_-71.0,29.0_-72.0,155.56,Directed
28.0_-71.0,29.0_-71.0,110.00,Directed
28.0_-71.0,29.0_-70.0,155.56,Directed
31.0_136.0,30.0_135.0,155.56,Directed
31.0_136.0,30.0_136.0,110.00,Directed
31.0_136.0,30.0_137.0,155.56,Directed
31.0_136.0,31.0_135.0,110.00,Directed
31.0_136.0,31.0_137.0,110.00,Directed
31.0_136.0,32.0_135.0,155.56,Directed
31.0_136.0,32.0_136.0,110.00,Directed
31.0_136.0,32.0_137.0,155.56,Directed
16.0_-160.0,15.0_-161.0,155.56,Directed
16.0_-160.0,15.0_-160.0,110.00,Directed
16.0_-160.0,15.0_-159.0,155.56,Directed
16.0_-160.0,16.0_-161.0,110.00,Directed
16.0_-160.0,16.0_-159.0,110.00,Directed
16.0_-160.0,17.0_-161.0,155.56,Directed
16.0_-160.0,17.0_-160.0,110.00,Directed
16.0_-160.0,17.0_-159.0,155.56,Directed
33.0_130.0,32.0_129.0,155.56,Directed
33.0_130.0,32.0_130.0,110.00,Directed
33.0_130.0,33.0_129.0,110.00,Directed
33.0_130.0,33.0_131.0,110.00,Directed
33.0_130.0,34.0_129.0,155.56,Directed
33.0_130.0,34.0_130.0,110.00,Directed
33.0_130.0,34.0_131.0,155.56,Directed
45.0_-2.0,44.0_-3.0,155.56,Directed
45.0_-2.0,44.0_-2.0,110.00,Directed
45.0_-2.0,45.0_-3.0,110.00,Directed
45.0_-2.0,46.0_-3.0,155.56,Directed
45.0_-2.0,46.0_-2.0,110.00,Directed
-9.0_-143.0,-10.0_-143.0,110.00,Directed
-9.0_-143.0,-10.0_-142.0,155.56,Directed
-9.0_-143.0,-9.0_-142.0,110.00,Directed
-9.0_-143.0,-8.0_-143.0,110.00,Directed
-9.0_-143.0,-8.0_-142.0,155.56,Directed
0.0_-161.0,-1.0_-161.0,110.00,Directed
0.0_-161.0,-1.0_-160.0,155.56,Directed
0.0_-161.0,0.0_-162.0,110.00,Directed
0.0_-161.0,0.0_-160.0,110.00,Directed
0.0_-161.0,1.0_-161.0,110.00,Directed
0.0_-161.0,1.0_-160.0,155.56,Directed
58.0_-8.0,57.0_-9.0,155.56,Directed
58.0_-8.0,57.0_-8.0,110.00,Directed
58.0_-8.0,57.0_-7.0,155.56,Directed
58.0_-8.0,58.0_-9.0,110.00,Directed
58.0_-8.0,58.0_-7.0,110.00,Directed
58.0_-8.0,59.0_-9.0,155.56,Directed
58.0_-8.0,59.0_-8.0,110.00,Directed
58.0_-8.0,59.0_-7.0,155.56,Directed
17.0_-64.0,16.0_-65.0,155.56,Directed
17.0_-64.0,16.0_-64.0,110.00,Directed
17.0_-64.0,16.0_-63.0,155.56,Directed
17.0_-64.0,17.0_-65.0,110.00,Directed
17.0_-64.0,17.0_-63.0,110.00,Directed
17.0_-64.0,18.0_-65.0,155.56,Directed
17.0_-64.0,18.0_-64.0,110.00,Directed
38.0_10.0,37.0_11.0,155.56,Directed
38.0_10.0,38.0_9.0,110.00,Directed
38.0_10.0,38.0_11.0,110.00,Directed
38.0_10.0,39.0_9.0,155.56,Directed
38.0_10.0,39.0_11.0,155.56,Directed
-11.0_87.0,-12.0_86.0,155.56,Directed
-11.0_87.0,-12.0_87.0,110.00,Directed
-11.0_87.0,-11.0_86.0,110.00,Directed
-11.0_87.0,-11.0_88.0,110.00,Directed
-11.0_87.0,-10.0_86.0,155.56,Directed
-11.0_87.0,-10.0_87.0,110.00,Directed
-11.0_87.0,-10.0_88.0,155.56,Directed
60.0_1.0,60.0_0.0,110.00,Directed
60.0_1.0,61.0_1.0,110.00,Directed
25.0_-58.0,24.0_-59.0,155.56,Directed
25.0_-58.0,24.0_-58.0,110.00,Directed
25.0_-58.0,24.0_-57.0,155.56,Directed
25.0_-58.0,25.0_-59.0,110.00,Directed
25.0_-58.0,25.0_-57.0,110.00,Directed
25.0_-58.0,26.0_-59.0,155.56,Directed
25.0_-58.0,26.0_-58.0,110.00,Directed
25.0_-58.0,26.0_-57.0,155.56,Directed
45.0_-130.0,44.0_-130.0,110.00,Directed
-35.0_9.0,-35.0_8.0,110.00,Directed
-35.0_9.0,-35.0_10.0,110.00,Directed
26.0_-112.0,25.0_-113.0,155.56,Directed
26.0_-112.0,25.0_-111.0,155.56,Directed
26.0_-112.0,26.0_-111.0,110.00,Directed
16.0_-112.0,15.0_-113.0,155.56,Directed
16.0_-112.0,15.0_-112.0,110.00,Directed
16.0_-112.0,15.0_-111.0,155.56,Directed
16.0_-112.0,16.0_-111.0,110.00,Directed
16.0_-112.0,17.0_-113.0,155.56,Directed
16.0_-112.0,17.0_-112.0,110.00,Directed
16.0_-112.0,17.0_-111.0,155.56,Directed
23.0_-110.0,22.0_-111.0,155.56,Directed
23.0_-110.0,22.0_-110.0,110.00,Directed
23.0_-110.0,22.0_-109.0,155.56,Directed
23.0_-110.0,23.0_-111.0,110.00,Directed
23.0_-110.0,23.0_-109.0,110.00,Directed
23.0_-110.0,24.0_-111.0,155.56,Directed
23.0_-110.0,24.0_-110.0,110.00,Directed
23.0_-110.0,24.0_-109.0,155.56,Directed
34.0_-62.0,33.0_-63.0,155.56,Directed
34.0_-62.0,33.0_-62.0,110.00,Directed
34.0_-62.0,33.0_-61.0,155.56,Directed
34.0_-62.0,34.0_-63.0,110.00,Directed
34.0_-62.0,34.0_-61.0,110.00,Directed
34.0_-62.0,35.0_-63.0,155.56,Directed
34.0_-62.0,35.0_-62.0,110.00,Directed
34.0_-62.0,35.0_-61.0,155.56,Directed
19.0_-114.0,18.0_-115.0,155.56,Directed
41.0_137.0,40.0_136.0,155.56,Directed
41.0_137.0,40.0_137.0,110.00,Directed
41.0_137.0,40.0_138.0,155.56,Directed
41.0_137.0,41.0_138.0,110.00,Directed
41.0_137.0,42.0_138.0,155.56,Directed
34.0_-173.0,34.0_-172.0,110.00,Directed
34.0_-173.0,35.0_-172.0,155.56,Directed
42.0_143.0,41.0_142.0,155.56,Directed
42.0_143.0,41.0_143.0,110.00,Directed
42.0_143.0,41.0_144.0,155.56,Directed
42.0_143.0,42.0_142.0,110.00,Directed
42.0_143.0,42.0_144.0,110.00,Directed
40.0_-152.0,39.0_-153.0,155.56,Directed
40.0_-152.0,40.0_-153.0,110.00,Directed
40.0_-152.0,40.0_-151.0,110.00,Directed
40.0_-152.0,41.0_-151.0,155.56,Directed
25.0_-155.0,24.0_-156.0,155.56,Directed
25.0_-155.0,24.0_-155.0,110.00,Directed
25.0_-155.0,26.0_-155.0,110.00,Directed
41.0_2.0,40.0_3.0,155.56,Directed
41.0_2.0,41.0_3.0,110.00,Directed
41.0_2.0,42.0_3.0,155.56,Directed
17.0_-130.0,16.0_-130.0,110.00,Directed
17.0_-130.0,16.0_-129.0,155.56,Directed
17.0_-130.0,17.0_-131.0,110.00,Directed
17.0_-130.0,17.0_-129.0,110.00,Directed
17.0_-130.0,18.0_-131.0,155.56,Directed
17.0_-130.0,18.0_-130.0,110.00,Directed
35.0_-76.0,36.0_-76.0,110.00,Directed
35.0_-130.0,34.0_-131.0,155.56,Directed
35.0_-130.0,35.0_-129.0,110.00,Directed
21.0_-65.0,20.0_-66.0,155.56,Directed
21.0_-65.0,20.0_-65.0,110.00,Directed
21.0_-65.0,20.0_-64.0,155.56,Directed
21.0_-65.0,21.0_-66.0,110.00,Directed
21.0_-65.0,21.0_-64.0,110.00,Directed
21.0_-65.0,22.0_-66.0,155.56,Directed
21.0_-65.0,22.0_-65.0,110.00,Directed
21.0_-65.0,22.0_-64.0,155.56,Directed
39.0_-69.0,38.0_-70.0,155.56,Directed
39.0_-69.0,38.0_-69.0,110.00,Directed
39.0_-69.0,38.0_-68.0,155.56,Directed
39.0_-69.0,39.0_-70.0,110.00,Directed
39.0_-69.0,39.0_-68.0,110.00,Directed
39.0_-69.0,40.0_-70.0,155.56,Directed
39.0_-69.0,40.0_-69.0,110.00,Directed
39.0_-69.0,40.0_-68.0,155.56,Directed
33.0_139.0,32.0_138.0,155.56,Directed
33.0_139.0,32.0_139.0,110.00,Directed
33.0_139.0,32.0_140.0,155.56,Directed
33.0_139.0,33.0_138.0,110.00,Directed
33.0_139.0,33.0_140.0,110.00,Directed
33.0_139.0,34.0_138.0,155.56,Directed
33.0_139.0,34.0_139.0,110.00,Directed
33.0_139.0,34.0_140.0,155.56,Directed
32.0_-37.0,31.0_-37.0,110.00,Directed
32.0_-37.0,33.0_-36.0,155.56,Directed
38.0_142.0,37.0_141.0,155.56,Directed
38.0_142.0,37.0_142.0,110.00,Directed
38.0_142.0,37.0_143.0,155.56,Directed
38.0_142.0,38.0_141.0,110.00,Directed
38.0_142.0,38.0_143.0,110.00,Directed
38.0_142.0,39.0_141.0,155.56,Directed
38.0_142.0,39.0_142.0,110.00,Directed
38.0_142.0,39.0_143.0,155.56,Directed
48.0_-6.0,47.0_-7.0,155.56,Directed
48.0_-6.0,47.0_-6.0,110.00,Directed
48.0_-6.0,47.0_-5.0,155.56,Directed
48.0_-6.0,48.0_-7.0,110.00,Directed
48.0_-6.0,48.0_-5.0,110.00,Directed
48.0_-6.0,49.0_-7.0,155.56,Directed
48.0_-6.0,49.0_-6.0,110.00,Directed
48.0_-6.0,49.0_-5.0,155.56,Directed
4.0_-121.0,3.0_-121.0,110.00,Directed
4.0_-121.0,4.0_-122.0,110.00,Directed
4.0_-121.0,4.0_-120.0,110.00,Directed
4.0_-121.0,5.0_-122.0,155.56,Directed
4.0_-121.0,5.0_-121.0,110.00,Directed
18.0_-157.0,17.0_-158.0,155.56,Directed
18.0_-157.0,17.0_-157.0,110.00,Directed
18.0_-157.0,17.0_-156.0,155.56,Directed
18.0_-157.0,18.0_-158.0,110.00,Directed
18.0_-157.0,18.0_-156.0,110.00,Directed
18.0_-157.0,19.0_-158.0,155.56,Directed
18.0_-157.0,19.0_-157.0,110.00,Directed
18.0_-157.0,19.0_-156.0,155.56,Directed
9.0_-160.0,8.0_-161.0,155.56,Directed
9.0_-160.0,8.0_-159.0,155.56,Directed
9.0_-160.0,9.0_-161.0,110.00,Directed
9.0_-160.0,9.0_-159.0,110.00,Directed
9.0_-160.0,10.0_-161.0,155.56,Directed
9.0_-160.0,10.0_-160.0,110.00,Directed
9.0_-160.0,10.0_-159.0,155.56,Directed
57.0_-11.0,56.0_-12.0,155.56,Directed
57.0_-11.0,56.0_-11.0,110.00,Directed
57.0_-11.0,56.0_-10.0,155.56,Directed
57.0_-11.0,57.0_-12.0,110.00,Directed
57.0_-11.0,57.0_-10.0,110.00,Directed
57.0_-11.0,58.0_-12.0,155.56,Directed
57.0_-11.0,58.0_-11.0,110.00,Directed
57.0_-11.0,58.0_-10.0,155.56,Directed
28.0_136.0,27.0_136.0,110.00,Directed
28.0_136.0,28.0_135.0,110.00,Directed
28.0_136.0,28.0_137.0,110.00,Directed
28.0_136.0,29.0_135.0,155.56,Directed
18.0_-83.0,17.0_-84.0,155.56,Directed
18.0_-83.0,17.0_-83.0,110.00,Directed
18.0_-83.0,17.0_-82.0,155.56,Directed
18.0_-83.0,18.0_-84.0,110.00,Directed
18.0_-83.0,18.0_-82.0,110.00,Directed
18.0_-83.0,19.0_-82.0,155.56,Directed
-6.0_-140.0,-7.0_-141.0,155.56,Directed
-6.0_-140.0,-7.0_-140.0,110.00,Directed
-6.0_-140.0,-6.0_-141.0,110.00,Directed
-6.0_-140.0,-5.0_-141.0,155.56,Directed
-5.0_-135.0,-6.0_-136.0,155.56,Directed
-5.0_-135.0,-6.0_-135.0,110.00,Directed
-5.0_-135.0,-6.0_-134.0,155.56,Directed
-5.0_-135.0,-5.0_-136.0,110.00,Directed
-5.0_-135.0,-5.0_-134.0,110.00,Directed
-5.0_-135.0,-4.0_-135.0,110.00,Directed
-5.0_-135.0,-4.0_-134.0,155.56,Directed
29.0_-159.0,28.0_-160.0,155.56,Directed
29.0_-159.0,28.0_-158.0,155.56,Directed
29.0_-159.0,29.0_-160.0,110.00,Directed
29.0_-159.0,29.0_-158.0,110.00,Directed
29.0_-159.0,30.0_-159.0,110.00,Directed
29.0_-159.0,30.0_-158.0,155.56,Directed
-8.0_-137.0,-9.0_-138.0,155.56,Directed
-8.0_-137.0,-9.0_-136.0,155.56,Directed
-8.0_-137.0,-8.0_-138.0,110.00,Directed
-8.0_-137.0,-8.0_-136.0,110.00,Directed
-8.0_-137.0,-7.0_-137.0,110.00,Directed
-8.0_-137.0,-7.0_-136.0,155.56,Directed
24.0_-39.0,25.0_-38.0,155.56,Directed
31.0_-170.0,30.0_-171.0,155.56,Directed
31.0_-170.0,31.0_-169.0,110.00,Directed
31.0_-170.0,32.0_-171.0,155.56,Directed
31.0_-170.0,32.0_-170.0,110.00,Directed
42.0_-141.0,42.0_-140.0,110.00,Directed
31.0_123.0,30.0_122.0,155.56,Directed
31.0_123.0,30.0_123.0,110.00,Directed
31.0_123.0,31.0_122.0,110.00,Directed
31.0_123.0,32.0_122.0,155.56,Directed
37.0_-35.0,36.0_-34.0,155.56,Directed
7.0_-123.0,6.0_-123.0,110.00,Directed
7.0_-123.0,6.0_-122.0,155.56,Directed
7.0_-123.0,7.0_-124.0,110.00,Directed
7.0_-123.0,7.0_-122.0,110.00,Directed
7.0_-123.0,8.0_-124.0,155.56,Directed
7.0_-123.0,8.0_-122.0,155.56,Directed
31.0_-71.0,30.0_-72.0,155.56,Directed
31.0_-71.0,30.0_-71.0,110.00,Directed
31.0_-71.0,30.0_-70.0,155.56,Directed
31.0_-71.0,31.0_-72.0,110.00,Directed
31.0_-71.0,31.0_-70.0,110.00,Directed
31.0_-71.0,32.0_-72.0,155.56,Directed
31.0_-71.0,32.0_-70.0,155.56,Directed
38.0_23.0,37.0_23.0,110.00,Directed
38.0_23.0,37.0_24.0,155.56,Directed
38.0_23.0,39.0_23.0,110.00,Directed
38.0_23.0,39.0_24.0,155.56,Directed
11.0_-64.0,10.0_-65.0,155.56,Directed
11.0_-64.0,10.0_-64.0,110.00,Directed
11.0_-64.0,11.0_-65.0,110.00,Directed
11.0_-64.0,11.0_-63.0,110.00,Directed
11.0_-64.0,12.0_-65.0,155.56,Directed
11.0_-64.0,12.0_-64.0,110.00,Directed
11.0_-64.0,12.0_-63.0,155.56,Directed
38.0_-67.0,37.0_-68.0,155.56,Directed
38.0_-67.0,37.0_-67.0,110.00,Directed
38.0_-67.0,37.0_-66.0,155.56,Directed
38.0_-67.0,38.0_-68.0,110.00,Directed
38.0_-67.0,38.0_-66.0,110.00,Directed
38.0_-67.0,39.0_-68.0,155.56,Directed
38.0_-67.0,39.0_-67.0,110.00,Directed
38.0_-67.0,39.0_-66.0,155.56,Directed
37.0_-180.0,36.0_-180.0,110.00,Directed
-48.0_143.0,-49.0_142.0,155.56,Directed
-48.0_143.0,-48.0_142.0,110.00,Directed
-48.0_143.0,-47.0_143.0,110.00,Directed
28.0_-145.0,27.0_-145.0,110.00,Directed
28.0_-145.0,28.0_-144.0,110.00,Directed
28.0_-145.0,29.0_-146.0,155.56,Directed
28.0_-145.0,29.0_-144.0,155.56,Directed
10.0_-115.0,9.0_-116.0,155.56,Directed
10.0_-115.0,10.0_-116.0,110.00,Directed
10.0_-115.0,11.0_-115.0,110.00,Directed
-7.0_-154.0,-8.0_-155.0,155.56,Directed
-7.0_-154.0,-8.0_-154.0,110.00,Directed
-7.0_-154.0,-7.0_-155.0,110.00,Directed
59.0_-6.0,58.0_-7.0,155.56,Directed
59.0_-6.0,58.0_-6.0,110.00,Directed
59.0_-6.0,58.0_-5.0,155.56,Directed
59.0_-6.0,59.0_-7.0,110.00,Directed
59.0_-6.0,59.0_-5.0,110.00,Directed
59.0_-6.0,60.0_-7.0,155.56,Directed
59.0_-6.0,60.0_-6.0,110.00,Directed
59.0_-6.0,60.0_-5.0,155.56,Directed
26.0_-59.0,25.0_-60.0,155.56,Directed
26.0_-59.0,25.0_-59.0,110.00,Directed
26.0_-59.0,25.0_-58.0,155.56,Directed
26.0_-59.0,26.0_-60.0,110.00,Directed
26.0_-59.0,26.0_-58.0,110.00,Directed
26.0_-59.0,27.0_-60.0,155.56,Directed
26.0_-59.0,27.0_-59.0,110.00,Directed
26.0_-59.0,27.0_-58.0,155.56,Directed
23.0_-73.0,22.0_-74.0,155.56,Directed
23.0_-73.0,22.0_-73.0,110.00,Directed
23.0_-73.0,22.0_-72.0,155.56,Directed
23.0_-73.0,23.0_-74.0,110.00,Directed
23.0_-73.0,23.0_-72.0,110.00,Directed
23.0_-73.0,24.0_-74.0,155.56,Directed
23.0_-73.0,24.0_-73.0,110.00,Directed
23.0_-73.0,24.0_-72.0,155.56,Directed
35.0_-63.0,34.0_-64.0,155.56,Directed
35.0_-63.0,34.0_-63.0,110.00,Directed
35.0_-63.0,34.0_-62.0,155.56,Directed
35.0_-63.0,35.0_-64.0,110.00,Directed
35.0_-63.0,35.0_-62.0,110.00,Directed
35.0_-63.0,36.0_-64.0,155.56,Directed
35.0_-63.0,36.0_-63.0,110.00,Directed
25.0_132.0,24.0_133.0,155.56,Directed
25.0_132.0,25.0_131.0,110.00,Directed
2.0_-158.0,1.0_-159.0,155.56,Directed
2.0_-158.0,1.0_-158.0,110.00,Directed
2.0_-158.0,1.0_-157.0,155.56,Directed
2.0_-158.0,2.0_-159.0,110.00,Directed
2.0_-158.0,2.0_-157.0,110.00,Directed
2.0_-158.0,3.0_-158.0,110.00,Directed
2.0_-158.0,3.0_-157.0,155.56,Directed
30.0_-121.0,29.0_-122.0,155.56,Directed
30.0_-121.0,29.0_-121.0,110.00,Directed
30.0_-121.0,29.0_-120.0,155.56,Directed
30.0_-121.0,30.0_-122.0,110.00,Directed
30.0_-121.0,31.0_-122.0,155.56,Directed
30.0_-121.0,31.0_-121.0,110.00,Directed
30.0_-121.0,31.0_-120.0,155.56,Directed
28.0_149.0,27.0_150.0,155.56,Directed
28.0_149.0,29.0_148.0,155.56,Directed
-63.0_-58.0,-64.0_-57.0,155.56,Directed
-63.0_-58.0,-63.0_-59.0,110.00,Directed
16.0_-63.0,15.0_-64.0,155.56,Directed
16.0_-63.0,15.0_-63.0,110.00,Directed
16.0_-63.0,15.0_-62.0,155.56,Directed
16.0_-63.0,16.0_-64.0,110.00,Directed
16.0_-63.0,16.0_-62.0,110.00,Directed
16.0_-63.0,17.0_-64.0,155.56,Directed
16.0_-63.0,17.0_-63.0,110.00,Directed
16.0_-63.0,17.0_-62.0,155.56,Directed
33.0_-123.0,32.0_-124.0,155.56,Directed
33.0_-123.0,32.0_-123.0,110.00,Directed
33.0_-123.0,32.0_-122.0,155.56,Directed
33.0_-123.0,33.0_-124.0,110.00,Directed
33.0_-123.0,33.0_-122.0,110.00,Directed
33.0_-123.0,34.0_-123.0,110.00,Directed
33.0_-123.0,34.0_-122.0,155.56,Directed
14.0_-69.0,13.0_-70.0,155.56,Directed
14.0_-69.0,13.0_-69.0,110.00,Directed
14.0_-69.0,13.0_-68.0,155.56,Directed
14.0_-69.0,14.0_-70.0,110.00,Directed
14.0_-69.0,15.0_-70.0,155.56,Directed
14.0_-69.0,15.0_-69.0,110.00,Directed
14.0_-69.0,15.0_-68.0,155.56,Directed
36.0_134.0,35.0_133.0,155.56,Directed
36.0_134.0,35.0_134.0,110.00,Directed
36.0_134.0,35.0_135.0,155.56,Directed
36.0_134.0,36.0_133.0,110.00,Directed
36.0_134.0,36.0_135.0,110.00,Directed
36.0_134.0,37.0_133.0,155.56,Directed
36.0_134.0,37.0_134.0,110.00,Directed
36.0_134.0,37.0_135.0,155.56,Directed
12.0_-121.0,11.0_-121.0,110.00,Directed
12.0_-121.0,11.0_-120.0,155.56,Directed
12.0_-121.0,13.0_-120.0,155.56,Directed
27.0_-65.0,26.0_-66.0,155.56,Directed
27.0_-65.0,26.0_-65.0,110.00,Directed
27.0_-65.0,27.0_-66.0,110.00,Directed
27.0_-65.0,27.0_-64.0,110.00,Directed
27.0_-65.0,28.0_-66.0,155.56,Directed
27.0_-65.0,28.0_-65.0,110.00,Directed
27.0_-65.0,28.0_-64.0,155.56,Directed
39.0_-146.0,38.0_-147.0,155.56,Directed
39.0_-146.0,38.0_-146.0,110.00,Directed
39.0_-146.0,38.0_-145.0,155.56,Directed
39.0_-146.0,40.0_-147.0,155.56,Directed
39.0_-146.0,40.0_-146.0,110.00,Directed
39.0_-146.0,40.0_-145.0,155.56,Directed
-15.0_-144.0,-15.0_-145.0,110.00,Directed
-15.0_-144.0,-14.0_-145.0,155.56,Directed
-15.0_-144.0,-14.0_-144.0,110.00,Directed
51.0_1.0,50.0_0.0,155.56,Directed
51.0_1.0,50.0_1.0,110.00,Directed
49.0_-13.0,48.0_-13.0,110.00,Directed
49.0_-13.0,48.0_-12.0,155.56,Directed
49.0_-13.0,49.0_-14.0,110.00,Directed
49.0_-13.0,49.0_-12.0,110.00,Directed
49.0_-13.0,50.0_-13.0,110.00,Directed
49.0_-13.0,50.0_-12.0,155.56,Directed
2.0_141.0,2.0_140.0,110.00,Directed
2.0_141.0,2.0_142.0,110.00,Directed
2.0_141.0,3.0_140.0,155.56,Directed
2.0_141.0,3.0_142.0,155.56,Directed
27.0_-78.0,26.0_-79.0,155.56,Directed
27.0_-78.0,26.0_-78.0,110.00,Directed
27.0_-78.0,26.0_-77.0,155.56,Directed
27.0_-78.0,27.0_-79.0,110.00,Directed
27.0_-78.0,27.0_-77.0,110.00,Directed
27.0_-78.0,28.0_-79.0,155.56,Directed
27.0_-78.0,28.0_-78.0,110.00,Directed
27.0_-78.0,28.0_-77.0,155.56,Directed
19.0_141.0,18.0_141.0,110.00,Directed
-34.0_11.0,-35.0_10.0,155.56,Directed
-34.0_11.0,-33.0_12.0,155.56,Directed
12.0_-70.0,11.0_-69.0,155.56,Directed
12.0_-70.0,12.0_-71.0,110.00,Directed
12.0_-70.0,12.0_-69.0,110.00,Directed
12.0_-70.0,13.0_-71.0,155.56,Directed
12.0_-70.0,13.0_-70.0,110.00,Directed
12.0_-70.0,13.0_-69.0,155.56,Directed
14.0_-119.0,13.0_-120.0,155.56,Directed
14.0_-119.0,13.0_-118.0,155.56,Directed
14.0_-119.0,14.0_-118.0,110.00,Directed
14.0_-119.0,15.0_-118.0,155.56,Directed
41.0_-149.0,40.0_-150.0,155.56,Directed
41.0_-149.0,40.0_-149.0,110.00,Directed
41.0_-149.0,41.0_-150.0,110.00,Directed
41.0_-149.0,41.0_-148.0,110.00,Directed
20.0_-59.0,19.0_-60.0,155.56,Directed
20.0_-59.0,19.0_-59.0,110.00,Directed
20.0_-59.0,19.0_-58.0,155.56,Directed
20.0_-59.0,20.0_-60.0,110.00,Directed
20.0_-59.0,20.0_-58.0,110.00,Directed
20.0_-59.0,21.0_-60.0,155.56,Directed
20.0_-59.0,21.0_-59.0,110.00,Directed
20.0_-59.0,21.0_-58.0,155.56,Directed
32.0_-140.0,31.0_-141.0,155.56,Directed
32.0_-140.0,31.0_-140.0,110.00,Directed
32.0_-140.0,32.0_-141.0,110.00,Directed
32.0_-140.0,32.0_-139.0,110.00,Directed
32.0_-140.0,33.0_-141.0,155.56,Directed
32.0_-140.0,33.0_-140.0,110.00,Directed
32.0_-140.0,33.0_-139.0,155.56,Directed
29.0_-72.0,28.0_-73.0,155.56,Directed
29.0_-72.0,28.0_-72.0,110.00,Directed
29.0_-72.0,28.0_-71.0,155.56,Directed
29.0_-72.0,29.0_-73.0,110.00,Directed
29.0_-72.0,29.0_-71.0,110.00,Directed
29.0_-72.0,30.0_-73.0,155.56,Directed
29.0_-72.0,30.0_-72.0,110.00,Directed
29.0_-72.0,30.0_-71.0,155.56,Directed
39.0_-159.0,38.0_-160.0,155.56,Directed
39.0_-159.0,40.0_-158.0,155.56,Directed
51.0_-11.0,50.0_-12.0,155.56,Directed
51.0_-11.0,50.0_-11.0,110.00,Directed
51.0_-11.0,50.0_-10.0,155.56,Directed
51.0_-11.0,51.0_-12.0,110.00,Directed
51.0_-11.0,51.0_-10.0,110.00,Directed
51.0_-11.0,52.0_-12.0,155.56,Directed
51.0_-11.0,52.0_-11.0,110.00,Directed
51.0_-11.0,52.0_-10.0,155.56,Directed
-37.0_154.0,-38.0_153.0,155.56,Directed
-37.0_154.0,-38.0_154.0,110.00,Directed
-37.0_154.0,-36.0_155.0,155.56,Directed
-1.0_-131.0,-2.0_-132.0,155.56,Directed
-1.0_-131.0,-2.0_-130.0,155.56,Directed
-1.0_-131.0,-1.0_-130.0,110.00,Directed
-1.0_-131.0,0.0_-132.0,155.56,Directed
-1.0_-131.0,0.0_-131.0,110.00,Directed
-1.0_-131.0,0.0_-130.0,155.56,Directed
-17.0_-150.0,-18.0_-151.0,155.56,Directed
-17.0_-150.0,-18.0_-150.0,110.00,Directed
-17.0_-150.0,-17.0_-151.0,110.00,Directed
-17.0_-150.0,-17.0_-149.0,110.00,Directed
-17.0_-150.0,-16.0_-150.0,110.00,Directed
-17.0_-150.0,-16.0_-149.0,155.56,Directed
10.0_-159.0,9.0_-160.0,155.56,Directed
10.0_-159.0,9.0_-159.0,110.00,Directed
10.0_-159.0,9.0_-158.0,155.56,Directed
10.0_-159.0,10.0_-160.0,110.00,Directed
10.0_-159.0,10.0_-158.0,110.00,Directed
10.0_-159.0,11.0_-160.0,155.56,Directed
10.0_-159.0,11.0_-159.0,110.00,Directed
10.0_-159.0,11.0_-158.0,155.56,Directed
40.0_-66.0,39.0_-67.0,155.56,Directed
40.0_-66.0,39.0_-66.0,110.00,Directed
40.0_-66.0,39.0_-65.0,155.56,Directed
40.0_-66.0,40.0_-67.0,110.00,Directed
40.0_-66.0,40.0_-65.0,110.00,Directed
40.0_-66.0,41.0_-67.0,155.56,Directed
40.0_-66.0,41.0_-66.0,110.00,Directed
40.0_-66.0,41.0_-65.0,155.56,Directed
16.0_-80.0,15.0_-79.0,155.56,Directed
16.0_-80.0,16.0_-81.0,110.00,Directed
16.0_-80.0,16.0_-79.0,110.00,Directed
16.0_-80.0,17.0_-81.0,155.56,Directed
16.0_-80.0,17.0_-80.0,110.00,Directed
16.0_-80.0,17.0_-79.0,155.56,Directed
37.0_-70.0,36.0_-70.0,110.00,Directed
37.0_-70.0,36.0_-69.0,155.56,Directed
37.0_-70.0,37.0_-69.0,110.00,Directed
37.0_-70.0,38.0_-71.0,155.56,Directed
37.0_-70.0,38.0_-70.0,110.00,Directed
37.0_-70.0,38.0_-69.0,155.56,Directed
11.0_-78.0,12.0_-79.0,155.56,Directed
-11.0_-140.0,-12.0_-139.0,155.56,Directed
-11.0_-140.0,-11.0_-141.0,110.00,Directed
-11.0_-140.0,-10.0_-141.0,155.56,Directed
-11.0_-140.0,-10.0_-140.0,110.00,Directed
-11.0_-140.0,-10.0_-139.0,155.56,Directed
30.0_135.0,29.0_134.0,155.56,Directed
30.0_135.0,29.0_135.0,110.00,Directed
30.0_135.0,30.0_136.0,110.00,Directed
30.0_135.0,31.0_134.0,155.56,Directed
30.0_135.0,31.0_135.0,110.00,Directed
30.0_135.0,31.0_136.0,155.56,Directed
43.0_139.0,42.0_138.0,155.56,Directed
43.0_139.0,42.0_140.0,155.56,Directed
43.0_139.0,43.0_140.0,110.00,Directed
43.0_139.0,44.0_140.0,155.56,Directed
23.0_155.0,22.0_155.0,110.00,Directed
23.0_155.0,24.0_155.0,110.00,Directed
20.0_-82.0,19.0_-82.0,110.00,Directed
20.0_-82.0,19.0_-81.0,155.56,Directed
20.0_-82.0,20.0_-81.0,110.00,Directed
20.0_-82.0,21.0_-83.0,155.56,Directed
20.0_-82.0,21.0_-82.0,110.00,Directed
28.0_-66.0,27.0_-67.0,155.56,Directed
28.0_-66.0,27.0_-66.0,110.00,Directed
28.0_-66.0,27.0_-65.0,155.56,Directed
28.0_-66.0,28.0_-67.0,110.00,Directed
28.0_-66.0,28.0_-65.0,110.00,Directed
28.0_-66.0,29.0_-67.0,155.56,Directed
28.0_-66.0,29.0_-66.0,110.00,Directed
28.0_-66.0,29.0_-65.0,155.56,Directed
29.0_169.0,30.0_168.0,155.56,Directed
14.0_-118.0,13.0_-118.0,110.00,Directed
14.0_-118.0,13.0_-117.0,155.56,Directed
14.0_-118.0,14.0_-119.0,110.00,Directed
14.0_-118.0,15.0_-118.0,110.00,Directed
14.0_-118.0,15.0_-117.0,155.56,Directed
7.0_-149.0,7.0_-148.0,110.00,Directed
7.0_-149.0,8.0_-149.0,110.00,Directed
7.0_-149.0,8.0_-148.0,155.56,Directed
1.0_-145.0,0.0_-144.0,155.56,Directed
1.0_-145.0,1.0_-144.0,110.00,Directed
1.0_-145.0,2.0_-146.0,155.56,Directed
1.0_-145.0,2.0_-144.0,155.56,Directed
13.0_141.0,14.0_140.0,155.56,Directed
13.0_141.0,14.0_141.0,110.00,Directed
-17.0_0.0,-18.0_1.0,155.56,Directed
43.0_-5.0,43.0_-6.0,110.00,Directed
43.0_-5.0,43.0_-4.0,110.00,Directed
36.0_-64.0,35.0_-65.0,155.56,Directed
36.0_-64.0,35.0_-64.0,110.00,Directed
36.0_-64.0,35.0_-63.0,155.56,Directed
36.0_-64.0,36.0_-65.0,110.00,Directed
36.0_-64.0,36.0_-63.0,110.00,Directed
36.0_-64.0,37.0_-65.0,155.56,Directed
36.0_-64.0,37.0_-64.0,110.00,Directed
36.0_-64.0,37.0_-63.0,155.56,Directed
32.0_-122.0,31.0_-123.0,155.56,Directed
32.0_-122.0,31.0_-122.0,110.00,Directed
32.0_-122.0,31.0_-121.0,155.56,Directed
32.0_-122.0,32.0_-123.0,110.00,Directed
32.0_-122.0,32.0_-121.0,110.00,Directed
32.0_-122.0,33.0_-123.0,155.56,Directed
32.0_-122.0,33.0_-122.0,110.00,Directed
32.0_-122.0,33.0_-121.0,155.56,Directed
54.0_-5.0,54.0_-6.0,110.00,Directed
54.0_-5.0,54.0_-4.0,110.00,Directed
54.0_-5.0,55.0_-6.0,155.56,Directed
54.0_-5.0,55.0_-5.0,110.00,Directed
5.0_85.0,6.0_86.0,155.56,Directed
40.0_-65.0,39.0_-66.0,155.56,Directed
40.0_-65.0,39.0_-65.0,110.00,Directed
40.0_-65.0,39.0_-64.0,155.56,Directed
40.0_-65.0,40.0_-66.0,110.00,Directed
40.0_-65.0,40.0_-64.0,110.00,Directed
40.0_-65.0,41.0_-66.0,155.56,Directed
40.0_-65.0,41.0_-65.0,110.00,Directed
40.0_-65.0,41.0_-64.0,155.56,Directed
-3.0_-128.0,-3.0_-129.0,110.00,Directed
-3.0_-128.0,-2.0_-127.0,155.56,Directed
36.0_-7.0,35.0_-6.0,155.56,Directed
-7.0_-136.0,-8.0_-137.0,155.56,Directed
-7.0_-136.0,-8.0_-136.0,110.00,Directed
-7.0_-136.0,-7.0_-137.0,110.00,Directed
-7.0_-136.0,-7.0_-135.0,110.00,Directed
-7.0_-136.0,-6.0_-136.0,110.00,Directed
-7.0_-136.0,-6.0_-135.0,155.56,Directed
10.0_-59.0,11.0_-60.0,155.56,Directed
10.0_-59.0,11.0_-58.0,155.56,Directed
23.0_-72.0,22.0_-73.0,155.56,Directed
23.0_-72.0,22.0_-72.0,110.00,Directed
23.0_-72.0,22.0_-71.0,155.56,Directed
23.0_-72.0,23.0_-73.0,110.00,Directed
23.0_-72.0,23.0_-71.0,110.00,Directed
23.0_-72.0,24.0_-73.0,155.56,Directed
23.0_-72.0,24.0_-72.0,110.00,Directed
23.0_-72.0,24.0_-71.0,155.56,Directed
6.0_-122.0,5.0_-123.0,155.56,Directed
6.0_-122.0,5.0_-122.0,110.00,Directed
6.0_-122.0,5.0_-121.0,155.56,Directed
6.0_-122.0,6.0_-123.0,110.00,Directed
6.0_-122.0,6.0_-121.0,110.00,Directed
6.0_-122.0,7.0_-123.0,155.56,Directed
6.0_-122.0,7.0_-122.0,110.00,Directed
6.0_-122.0,7.0_-121.0,155.56,Directed
-7.0_99.0,-8.0_98.0,155.56,Directed
-7.0_99.0,-8.0_99.0,110.00,Directed
-7.0_99.0,-7.0_98.0,110.00,Directed
66.0_40.0,65.0_39.0,155.56,Directed
66.0_40.0,67.0_41.0,155.56,Directed
23.0_-153.0,22.0_-152.0,155.56,Directed
23.0_-153.0,23.0_-154.0,110.00,Directed
23.0_-153.0,24.0_-152.0,155.56,Directed
-12.0_86.0,-13.0_85.0,155.56,Directed
-12.0_86.0,-13.0_86.0,110.00,Directed
-12.0_86.0,-13.0_87.0,155.56,Directed
-12.0_86.0,-12.0_85.0,110.00,Directed
-12.0_86.0,-12.0_87.0,110.00,Directed
-12.0_86.0,-11.0_86.0,110.00,Directed
-12.0_86.0,-11.0_87.0,155.56,Directed
29.0_-120.0,28.0_-119.0,155.56,Directed
29.0_-120.0,29.0_-121.0,110.00,Directed
29.0_-120.0,29.0_-119.0,110.00,Directed
29.0_-120.0,30.0_-121.0,155.56,Directed
15.0_-61.0,14.0_-62.0,155.56,Directed
15.0_-61.0,14.0_-61.0,110.00,Directed
15.0_-61.0,14.0_-60.0,155.56,Directed
15.0_-61.0,15.0_-62.0,110.00,Directed
15.0_-61.0,15.0_-60.0,110.00,Directed
15.0_-61.0,16.0_-62.0,155.56,Directed
15.0_-61.0,16.0_-61.0,110.00,Directed
15.0_-61.0,16.0_-60.0,155.56,Directed
3.0_-128.0,2.0_-129.0,155.56,Directed
3.0_-128.0,2.0_-127.0,155.56,Directed
3.0_-128.0,4.0_-128.0,110.00,Directed
3.0_-128.0,4.0_-127.0,155.56,Directed
39.0_139.0,38.0_138.0,155.56,Directed
39.0_139.0,38.0_139.0,110.00,Directed
39.0_139.0,39.0_138.0,110.00,Directed
39.0_139.0,40.0_138.0,155.56,Directed
39.0_139.0,40.0_139.0,110.00,Directed
17.0_-156.0,16.0_-157.0,155.56,Directed
17.0_-156.0,17.0_-157.0,110.00,Directed
17.0_-156.0,17.0_-155.0,110.00,Directed
17.0_-156.0,18.0_-157.0,155.56,Directed
17.0_-156.0,18.0_-156.0,110.00,Directed
31.0_-152.0,30.0_-153.0,155.56,Directed
31.0_-152.0,30.0_-151.0,155.56,Directed
31.0_-152.0,31.0_-153.0,110.00,Directed
31.0_-152.0,32.0_-152.0,110.00,Directed
40.0_-134.0,39.0_-135.0,155.56,Directed
40.0_-134.0,39.0_-134.0,110.00,Directed
40.0_-134.0,39.0_-133.0,155.56,Directed
40.0_-134.0,40.0_-135.0,110.00,Directed
40.0_-134.0,40.0_-133.0,110.00,Directed
14.0_160.0,15.0_159.0,155.56,Directed
29.0_-177.0,29.0_-176.0,110.00,Directed
29.0_-177.0,30.0_-177.0,110.00,Directed
29.0_-177.0,30.0_-176.0,155.56,Directed
51.0_-9.0,50.0_-10.0,155.56,Directed
51.0_-9.0,50.0_-9.0,110.00,Directed
51.0_-9.0,50.0_-8.0,155.56,Directed
51.0_-9.0,51.0_-10.0,110.00,Directed
51.0_-9.0,51.0_-8.0,110.00,Directed
51.0_-9.0,52.0_-10.0,155.56,Directed
51.0_-9.0,52.0_-8.0,155.56,Directed
-2.0_-158.0,-3.0_-158.0,110.00,Directed
-2.0_-158.0,-2.0_-159.0,110.00,Directed
-2.0_-158.0,-2.0_-157.0,110.00,Directed
-2.0_-158.0,-1.0_-159.0,155.56,Directed
-2.0_-158.0,-1.0_-158.0,110.00,Directed
-2.0_-158.0,-1.0_-157.0,155.56,Directed
24.0_-69.0,23.0_-70.0,155.56,Directed
24.0_-69.0,23.0_-68.0,155.56,Directed
24.0_-69.0,24.0_-70.0,110.00,Directed
24.0_-69.0,25.0_-70.0,155.56,Directed
24.0_-69.0,25.0_-69.0,110.00,Directed
33.0_-136.0,32.0_-137.0,155.56,Directed
33.0_-136.0,32.0_-136.0,110.00,Directed
33.0_-136.0,32.0_-135.0,155.56,Directed
33.0_-136.0,33.0_-137.0,110.00,Directed
33.0_-136.0,33.0_-135.0,110.00,Directed
41.0_-84.0,41.0_-83.0,110.00,Directed
41.0_-84.0,42.0_-84.0,110.00,Directed
41.0_-84.0,42.0_-83.0,155.56,Directed
0.0_-131.0,-1.0_-131.0,110.00,Directed
0.0_-131.0,-1.0_-130.0,155.56,Directed
0.0_-131.0,0.0_-132.0,110.00,Directed
0.0_-131.0,0.0_-130.0,110.00,Directed
0.0_-131.0,1.0_-130.0,155.56,Directed
-27.0_-115.0,-27.0_-116.0,110.00,Directed
-27.0_-115.0,-27.0_-114.0,110.00,Directed
33.0_-42.0,32.0_-42.0,110.00,Directed
33.0_-42.0,32.0_-41.0,155.56,Directed
45.0_177.0,45.0_178.0,110.00,Directed
40.0_-147.0,39.0_-148.0,155.56,Directed
40.0_-147.0,39.0_-146.0,155.56,Directed
40.0_-147.0,40.0_-146.0,110.00,Directed
40.0_-147.0,41.0_-148.0,155.56,Directed
40.0_-147.0,41.0_-147.0,110.00,Directed
40.0_-147.0,41.0_-146.0,155.56,Directed
-1.0_-158.0,-2.0_-159.0,155.56,Directed
-1.0_-158.0,-2.0_-158.0,110.00,Directed
-1.0_-158.0,-2.0_-157.0,155.56,Directed
-1.0_-158.0,-1.0_-159.0,110.00,Directed
-1.0_-158.0,-1.0_-157.0,110.00,Directed
-1.0_-158.0,0.0_-159.0,155.56,Directed
-1.0_-158.0,0.0_-158.0,110.00,Directed
-1.0_-158.0,0.0_-157.0,155.56,Directed
-16.0_-150.0,-17.0_-151.0,155.56,Directed
-16.0_-150.0,-17.0_-150.0,110.00,Directed
-16.0_-150.0,-17.0_-149.0,155.56,Directed
-16.0_-150.0,-16.0_-149.0,110.00,Directed
-16.0_-150.0,-15.0_-151.0,155.56,Directed
-16.0_-150.0,-15.0_-149.0,155.56,Directed
19.0_-109.0,18.0_-110.0,155.56,Directed
19.0_-109.0,18.0_-109.0,110.00,Directed
19.0_-109.0,18.0_-108.0,155.56,Directed
19.0_-109.0,19.0_-110.0,110.00,Directed
19.0_-109.0,19.0_-108.0,110.00,Directed
19.0_-109.0,20.0_-110.0,155.56,Directed
19.0_-109.0,20.0_-109.0,110.00,Directed
19.0_-109.0,20.0_-108.0,155.56,Directed
-35.0_10.0,-35.0_9.0,110.00,Directed
-35.0_10.0,-34.0_11.0,155.56,Directed
-8.0_90.0,-9.0_89.0,155.56,Directed
-8.0_90.0,-9.0_90.0,110.00,Directed
-8.0_90.0,-8.0_89.0,110.00,Directed
29.0_-146.0,28.0_-147.0,155.56,Directed
29.0_-146.0,28.0_-145.0,155.56,Directed
29.0_-146.0,30.0_-146.0,110.00,Directed
29.0_-146.0,30.0_-145.0,155.56,Directed
39.0_-74.0,38.0_-73.0,155.56,Directed
39.0_-74.0,39.0_-73.0,110.00,Directed
39.0_-74.0,40.0_-74.0,110.00,Directed
39.0_-74.0,40.0_-73.0,155.56,Directed
31.0_-48.0,30.0_-47.0,155.56,Directed
31.0_-48.0,32.0_-48.0,110.00,Directed
7.0_-136.0,6.0_-136.0,110.00,Directed
7.0_-136.0,8.0_-136.0,110.00,Directed
7.0_-136.0,8.0_-135.0,155.56,Directed
12.0_-148.0,11.0_-149.0,155.56,Directed
12.0_-148.0,11.0_-148.0,110.00,Directed
12.0_-148.0,12.0_-149.0,110.00,Directed
12.0_-148.0,13.0_-147.0,155.56,Directed
76.0_125.0,75.0_126.0,155.56,Directed
76.0_125.0,76.0_126.0,110.00,Directed
25.0_-111.0,24.0_-111.0,110.00,Directed
25.0_-111.0,24.0_-110.0,155.56,Directed
25.0_-111.0,25.0_-110.0,110.00,Directed
25.0_-111.0,26.0_-112.0,155.56,Directed
25.0_-111.0,26.0_-111.0,110.00,Directed
-34.0_-13.0,-34.0_-14.0,110.00,Directed
-34.0_-13.0,-33.0_-12.0,155.56,Directed
19.0_-71.0,19.0_-70.0,110.00,Directed
19.0_-71.0,20.0_-72.0,155.56,Directed
19.0_-71.0,20.0_-71.0,110.00,Directed
19.0_-71.0,20.0_-70.0,155.56,Directed
11.0_-65.0,10.0_-66.0,155.56,Directed
11.0_-65.0,10.0_-65.0,110.00,Directed
11.0_-65.0,10.0_-64.0,155.56,Directed
11.0_-65.0,11.0_-66.0,110.00,Directed
11.0_-65.0,11.0_-64.0,110.00,Directed
11.0_-65.0,12.0_-66.0,155.56,Directed
11.0_-65.0,12.0_-65.0,110.00,Directed
11.0_-65.0,12.0_-64.0,155.56,Directed
-2.0_-145.0,-3.0_-144.0,155.56,Directed
-2.0_-145.0,-2.0_-144.0,110.00,Directed
-2.0_-145.0,-1.0_-146.0,155.56,Directed
-2.0_-145.0,-1.0_-144.0,155.56,Directed
17.0_-77.0,16.0_-78.0,155.56,Directed
17.0_-77.0,16.0_-77.0,110.00,Directed
17.0_-77.0,16.0_-76.0,155.56,Directed
17.0_-77.0,17.0_-78.0,110.00,Directed
17.0_-77.0,17.0_-76.0,110.00,Directed
17.0_-77.0,18.0_-78.0,155.56,Directed
17.0_-77.0,18.0_-77.0,110.00,Directed
17.0_-77.0,18.0_-76.0,155.56,Directed
-8.0_-119.0,-8.0_-120.0,110.00,Directed
-8.0_-119.0,-8.0_-118.0,110.00,Directed
45.0_-59.0,44.0_-60.0,155.56,Directed
45.0_-59.0,44.0_-59.0,110.00,Directed
45.0_-59.0,45.0_-60.0,110.00,Directed
45.0_-59.0,45.0_-58.0,110.00,Directed
45.0_-59.0,46.0_-59.0,110.00,Directed
45.0_-59.0,46.0_-58.0,155.56,Directed
32.0_-166.0,31.0_-165.0,155.56,Directed
32.0_-166.0,32.0_-167.0,110.00,Directed
32.0_-166.0,32.0_-165.0,110.00,Directed
32.0_-166.0,33.0_-165.0,155.56,Directed
26.0_-81.0,25.0_-81.0,110.00,Directed
26.0_-81.0,25.0_-80.0,155.56,Directed
26.0_-81.0,26.0_-80.0,110.00,Directed
26.0_-81.0,27.0_-81.0,110.00,Directed
26.0_-81.0,27.0_-80.0,155.56,Directed
47.0_-7.0,46.0_-7.0,110.00,Directed
47.0_-7.0,46.0_-6.0,155.56,Directed
47.0_-7.0,47.0_-8.0,110.00,Directed
47.0_-7.0,47.0_-6.0,110.00,Directed
47.0_-7.0,48.0_-8.0,155.56,Directed
47.0_-7.0,48.0_-7.0,110.00,Directed
47.0_-7.0,48.0_-6.0,155.56,Directed
30.0_-151.0,29.0_-151.0,110.00,Directed
30.0_-151.0,30.0_-150.0,110.00,Directed
30.0_-151.0,31.0_-152.0,155.56,Directed
30.0_-151.0,31.0_-150.0,155.56,Directed
19.0_-162.0,19.0_-161.0,110.00,Directed
19.0_-162.0,20.0_-163.0,155.56,Directed
37.0_11.0,36.0_11.0,110.00,Directed
37.0_11.0,36.0_12.0,155.56,Directed
37.0_11.0,37.0_12.0,110.00,Directed
37.0_11.0,38.0_10.0,155.56,Directed
37.0_11.0,38.0_11.0,110.00,Directed
37.0_11.0,38.0_12.0,155.56,Directed
39.0_17.0,38.0_18.0,155.56,Directed
39.0_17.0,39.0_18.0,110.00,Directed
39.0_17.0,40.0_17.0,110.00,Directed
39.0_17.0,40.0_18.0,155.56,Directed
32.0_-67.0,31.0_-68.0,155.56,Directed
32.0_-67.0,31.0_-67.0,110.00,Directed
32.0_-67.0,31.0_-66.0,155.56,Directed
32.0_-67.0,32.0_-68.0,110.00,Directed
32.0_-67.0,32.0_-66.0,110.00,Directed
32.0_-67.0,33.0_-67.0,110.00,Directed
32.0_-67.0,33.0_-66.0,155.56,Directed
25.0_-57.0,24.0_-58.0,155.56,Directed
25.0_-57.0,24.0_-57.0,110.00,Directed
25.0_-57.0,25.0_-58.0,110.00,Directed
25.0_-57.0,25.0_-56.0,110.00,Directed
25.0_-57.0,26.0_-58.0,155.56,Directed
25.0_-57.0,26.0_-57.0,110.00,Directed
25.0_-57.0,26.0_-56.0,155.56,Directed
34.0_-125.0,33.0_-126.0,155.56,Directed
34.0_-125.0,33.0_-125.0,110.00,Directed
34.0_-125.0,33.0_-124.0,155.56,Directed
34.0_-125.0,34.0_-126.0,110.00,Directed
34.0_-125.0,35.0_-125.0,110.00,Directed
34.0_-125.0,35.0_-124.0,155.56,Directed
-24.0_-38.0,-25.0_-37.0,155.56,Directed
-24.0_-38.0,-24.0_-37.0,110.00,Directed
-24.0_-38.0,-23.0_-37.0,155.56,Directed
30.0_-65.0,29.0_-66.0,155.56,Directed
30.0_-65.0,29.0_-65.0,110.00,Directed
30.0_-65.0,29.0_-64.0,155.56,Directed
30.0_-65.0,30.0_-66.0,110.00,Directed
30.0_-65.0,30.0_-64.0,110.00,Directed
30.0_-65.0,31.0_-66.0,155.56,Directed
30.0_-65.0,31.0_-65.0,110.00,Directed
30.0_-65.0,31.0_-64.0,155.56,Directed
22.0_123.0,23.0_124.0,155.56,Directed
1.0_-158.0,0.0_-159.0,155.56,Directed
1.0_-158.0,0.0_-158.0,110.00,Directed
1.0_-158.0,0.0_-157.0,155.56,Directed
1.0_-158.0,1.0_-159.0,110.00,Directed
1.0_-158.0,1.0_-157.0,110.00,Directed
1.0_-158.0,2.0_-159.0,155.56,Directed
1.0_-158.0,2.0_-158.0,110.00,Directed
1.0_-158.0,2.0_-157.0,155.56,Directed
-35.0_8.0,-35.0_7.0,110.00,Directed
-35.0_8.0,-35.0_9.0,110.00,Directed
5.0_-121.0,4.0_-122.0,155.56,Directed
5.0_-121.0,4.0_-121.0,110.00,Directed
5.0_-121.0,4.0_-120.0,155.56,Directed
5.0_-121.0,5.0_-122.0,110.00,Directed
5.0_-121.0,6.0_-122.0,155.56,Directed
5.0_-121.0,6.0_-121.0,110.00,Directed
16.0_-111.0,15.0_-112.0,155.56,Directed
16.0_-111.0,15.0_-111.0,110.00,Directed
16.0_-111.0,16.0_-112.0,110.00,Directed
16.0_-111.0,16.0_-110.0,110.00,Directed
16.0_-111.0,17.0_-112.0,155.56,Directed
16.0_-111.0,17.0_-111.0,110.00,Directed
16.0_-111.0,17.0_-110.0,155.56,Directed
31.0_140.0,30.0_140.0,110.00,Directed
31.0_140.0,32.0_139.0,155.56,Directed
31.0_140.0,32.0_140.0,110.00,Directed
34.0_-61.0,33.0_-62.0,155.56,Directed
34.0_-61.0,33.0_-61.0,110.00,Directed
34.0_-61.0,33.0_-60.0,155.56,Directed
34.0_-61.0,34.0_-62.0,110.00,Directed
34.0_-61.0,34.0_-60.0,110.00,Directed
34.0_-61.0,35.0_-62.0,155.56,Directed
34.0_-61.0,35.0_-61.0,110.00,Directed
34.0_-61.0,35.0_-60.0,155.56,Directed
30.0_-164.0,29.0_-163.0,155.56,Directed
30.0_-164.0,31.0_-165.0,155.56,Directed
30.0_-164.0,31.0_-164.0,110.00,Directed
41.0_-71.0,40.0_-72.0,155.56,Directed
41.0_-71.0,40.0_-71.0,110.00,Directed
41.0_-71.0,40.0_-70.0,155.56,Directed
41.0_-71.0,41.0_-72.0,110.00,Directed
41.0_-71.0,41.0_-70.0,110.00,Directed
41.0_-71.0,42.0_-71.0,110.00,Directed
41.0_-71.0,42.0_-70.0,155.56,Directed
56.0_-162.0,55.0_-163.0,155.56,Directed
-32.0_-9.0,-33.0_-10.0,155.56,Directed
42.0_142.0,41.0_141.0,155.56,Directed
42.0_142.0,41.0_142.0,110.00,Directed
42.0_142.0,41.0_143.0,155.56,Directed
42.0_142.0,42.0_141.0,110.00,Directed
42.0_142.0,42.0_143.0,110.00,Directed
42.0_142.0,43.0_141.0,155.56,Directed
-26.0_-28.0,-27.0_-29.0,155.56,Directed
13.0_-118.0,12.0_-119.0,155.56,Directed
13.0_-118.0,12.0_-118.0,110.00,Directed
13.0_-118.0,12.0_-117.0,155.56,Directed
13.0_-118.0,13.0_-117.0,110.00,Directed
13.0_-118.0,14.0_-119.0,155.56,Directed
13.0_-118.0,14.0_-118.0,110.00,Directed
38.0_-146.0,38.0_-147.0,110.00,Directed
38.0_-146.0,38.0_-145.0,110.00,Directed
38.0_-146.0,39.0_-146.0,110.00,Directed
43.0_-69.0,42.0_-70.0,155.56,Directed
43.0_-69.0,42.0_-69.0,110.00,Directed
43.0_-69.0,42.0_-68.0,155.56,Directed
43.0_-69.0,43.0_-70.0,110.00,Directed
43.0_-69.0,43.0_-68.0,110.00,Directed
43.0_-69.0,44.0_-70.0,155.56,Directed
43.0_-69.0,44.0_-69.0,110.00,Directed
43.0_-69.0,44.0_-68.0,155.56,Directed
33.0_138.0,32.0_137.0,155.56,Directed
33.0_138.0,32.0_138.0,110.00,Directed
33.0_138.0,32.0_139.0,155.56,Directed
33.0_138.0,33.0_137.0,110.00,Directed
33.0_138.0,33.0_139.0,110.00,Directed
33.0_138.0,34.0_137.0,155.56,Directed
33.0_138.0,34.0_138.0,110.00,Directed
33.0_138.0,34.0_139.0,155.56,Directed
23.0_-166.0,23.0_-165.0,110.00,Directed
23.0_-166.0,24.0_-166.0,110.00,Directed
15.0_-74.0,14.0_-74.0,110.00,Directed
15.0_-74.0,15.0_-75.0,110.00,Directed
15.0_-74.0,15.0_-73.0,110.00,Directed
15.0_-74.0,16.0_-75.0,155.56,Directed
15.0_-74.0,16.0_-74.0,110.00,Directed
15.0_-74.0,16.0_-73.0,155.56,Directed
28.0_-79.0,27.0_-80.0,155.56,Directed
28.0_-79.0,27.0_-79.0,110.00,Directed
28.0_-79.0,27.0_-78.0,155.56,Directed
28.0_-79.0,28.0_-80.0,110.00,Directed
28.0_-79.0,28.0_-78.0,110.00,Directed
28.0_-79.0,29.0_-80.0,155.56,Directed
28.0_-79.0,29.0_-79.0,110.00,Directed
28.0_-79.0,29.0_-78.0,155.56,Directed
40.0_148.0,39.0_147.0,155.56,Directed
40.0_148.0,40.0_149.0,110.00,Directed
-31.0_-22.0,-32.0_-22.0,110.00,Directed
-31.0_-22.0,-32.0_-21.0,155.56,Directed
-31.0_-22.0,-31.0_-23.0,110.00,Directed
-31.0_-22.0,-30.0_-21.0,155.56,Directed
27.0_-130.0,26.0_-130.0,110.00,Directed
27.0_-130.0,27.0_-129.0,110.00,Directed
27.0_-130.0,28.0_-129.0,155.56,Directed
32.0_-41.0,31.0_-42.0,155.56,Directed
32.0_-41.0,31.0_-41.0,110.00,Directed
32.0_-41.0,32.0_-42.0,110.00,Directed
32.0_-41.0,33.0_-42.0,155.56,Directed
-2.0_-132.0,-3.0_-133.0,155.56,Directed
-2.0_-132.0,-3.0_-132.0,110.00,Directed
-2.0_-132.0,-2.0_-133.0,110.00,Directed
-2.0_-132.0,-1.0_-133.0,155.56,Directed
-2.0_-132.0,-1.0_-131.0,155.56,Directed
35.0_-139.0,34.0_-140.0,155.56,Directed
35.0_-139.0,35.0_-140.0,110.00,Directed
35.0_-139.0,36.0_-139.0,110.00,Directed
26.0_-76.0,25.0_-77.0,155.56,Directed
26.0_-76.0,25.0_-76.0,110.00,Directed
26.0_-76.0,25.0_-75.0,155.56,Directed
26.0_-76.0,26.0_-77.0,110.00,Directed
26.0_-76.0,26.0_-75.0,110.00,Directed
26.0_-76.0,27.0_-77.0,155.56,Directed
26.0_-76.0,27.0_-76.0,110.00,Directed
26.0_-76.0,27.0_-75.0,155.56,Directed
44.0_-88.0,43.0_-88.0,110.00,Directed
44.0_-88.0,43.0_-87.0,155.56,Directed
44.0_-88.0,44.0_-87.0,110.00,Directed
44.0_-88.0,45.0_-88.0,110.00,Directed
44.0_-88.0,45.0_-87.0,155.56,Directed
10.0_-94.0,9.0_-93.0,155.56,Directed
10.0_-94.0,11.0_-94.0,110.00,Directed
18.0_-108.0,17.0_-109.0,155.56,Directed
18.0_-108.0,18.0_-109.0,110.00,Directed
18.0_-108.0,19.0_-109.0,155.56,Directed
18.0_-108.0,19.0_-108.0,110.00,Directed
18.0_-108.0,19.0_-107.0,155.56,Directed
-10.0_-152.0,-11.0_-152.0,110.00,Directed
-10.0_-152.0,-9.0_-153.0,155.56,Directed
37.0_135.0,36.0_134.0,155.56,Directed
37.0_135.0,36.0_135.0,110.00,Directed
37.0_135.0,36.0_136.0,155.56,Directed
37.0_135.0,37.0_134.0,110.00,Directed
37.0_135.0,37.0_136.0,110.00,Directed
37.0_135.0,38.0_135.0,110.00,Directed
37.0_135.0,38.0_136.0,155.56,Directed
18.0_-78.0,17.0_-79.0,155.56,Directed
18.0_-78.0,17.0_-78.0,110.00,Directed
18.0_-78.0,17.0_-77.0,155.56,Directed
18.0_-78.0,18.0_-79.0,110.00,Directed
18.0_-78.0,18.0_-77.0,110.00,Directed
18.0_-78.0,19.0_-79.0,155.56,Directed
18.0_-78.0,19.0_-78.0,110.00,Directed
18.0_-78.0,19.0_-77.0,155.56,Directed
48.0_-12.0,47.0_-12.0,110.00,Directed
48.0_-12.0,47.0_-11.0,155.56,Directed
48.0_-12.0,48.0_-13.0,110.00,Directed
48.0_-12.0,48.0_-11.0,110.00,Directed
48.0_-12.0,49.0_-13.0,155.56,Directed
48.0_-12.0,49.0_-12.0,110.00,Directed
48.0_-12.0,49.0_-11.0,155.56,Directed
-9.0_-139.0,-10.0_-140.0,155.56,Directed
-9.0_-139.0,-10.0_-139.0,110.00,Directed
-9.0_-139.0,-10.0_-138.0,155.56,Directed
-9.0_-139.0,-9.0_-140.0,110.00,Directed
-9.0_-139.0,-9.0_-138.0,110.00,Directed
-9.0_-139.0,-8.0_-140.0,155.56,Directed
-9.0_-139.0,-8.0_-138.0,155.56,Directed
12.0_-66.0,11.0_-67.0,155.56,Directed
12.0_-66.0,11.0_-66.0,110.00,Directed
12.0_-66.0,11.0_-65.0,155.56,Directed
12.0_-66.0,12.0_-67.0,110.00,Directed
12.0_-66.0,12.0_-65.0,110.00,Directed
12.0_-66.0,13.0_-67.0,155.56,Directed
12.0_-66.0,13.0_-66.0,110.00,Directed
12.0_-66.0,13.0_-65.0,155.56,Directed
-16.0_145.0,-17.0_145.0,110.00,Directed
-16.0_145.0,-15.0_145.0,110.00,Directed
33.0_-118.0,32.0_-119.0,155.56,Directed
33.0_-118.0,32.0_-118.0,110.00,Directed
33.0_-118.0,33.0_-119.0,110.00,Directed
29.0_-151.0,28.0_-152.0,155.56,Directed
29.0_-151.0,30.0_-151.0,110.00,Directed
29.0_-151.0,30.0_-150.0,155.56,Directed
-13.0_-143.0,-14.0_-144.0,155.56,Directed
-13.0_-143.0,-14.0_-142.0,155.56,Directed
-13.0_-143.0,-13.0_-144.0,110.00,Directed
-13.0_-143.0,-12.0_-144.0,155.56,Directed
-13.0_-143.0,-12.0_-143.0,110.00,Directed
-13.0_-143.0,-12.0_-142.0,155.56,Directed
-23.0_-37.0,-24.0_-38.0,155.56,Directed
-23.0_-37.0,-24.0_-37.0,110.00,Directed
-23.0_-37.0,-22.0_-36.0,155.56,Directed
0.0_-157.0,-1.0_-158.0,155.56,Directed
0.0_-157.0,-1.0_-157.0,110.00,Directed
0.0_-157.0,0.0_-158.0,110.00,Directed
0.0_-157.0,1.0_-158.0,155.56,Directed
0.0_-157.0,1.0_-157.0,110.00,Directed
29.0_-54.0,29.0_-55.0,110.00,Directed
14.0_-149.0,13.0_-150.0,155.56,Directed
14.0_-149.0,14.0_-148.0,110.00,Directed
14.0_-149.0,15.0_-150.0,155.56,Directed
31.0_-121.0,30.0_-122.0,155.56,Directed
31.0_-121.0,30.0_-121.0,110.00,Directed
31.0_-121.0,31.0_-122.0,110.00,Directed
31.0_-121.0,31.0_-120.0,110.00,Directed
31.0_-121.0,32.0_-122.0,155.56,Directed
31.0_-121.0,32.0_-121.0,110.00,Directed
31.0_-121.0,32.0_-120.0,155.56,Directed
-3.0_-102.0,-3.0_-101.0,110.00,Directed
21.0_-70.0,20.0_-71.0,155.56,Directed
21.0_-70.0,20.0_-70.0,110.00,Directed
21.0_-70.0,20.0_-69.0,155.56,Directed
21.0_-70.0,21.0_-71.0,110.00,Directed
21.0_-70.0,21.0_-69.0,110.00,Directed
21.0_-70.0,22.0_-71.0,155.56,Directed
21.0_-70.0,22.0_-70.0,110.00,Directed
21.0_-70.0,22.0_-69.0,155.56,Directed
22.0_-71.0,21.0_-72.0,155.56,Directed
22.0_-71.0,21.0_-71.0,110.00,Directed
22.0_-71.0,21.0_-70.0,155.56,Directed
22.0_-71.0,22.0_-72.0,110.00,Directed
22.0_-71.0,22.0_-70.0,110.00,Directed
22.0_-71.0,23.0_-72.0,155.56,Directed
22.0_-71.0,23.0_-71.0,110.00,Directed
22.0_-71.0,23.0_-70.0,155.56,Directed
26.0_-160.0,25.0_-161.0,155.56,Directed
26.0_-160.0,25.0_-160.0,110.00,Directed
26.0_-160.0,25.0_-159.0,155.56,Directed
26.0_-160.0,26.0_-161.0,110.00,Directed
26.0_-160.0,26.0_-159.0,110.00,Directed
26.0_-160.0,27.0_-160.0,110.00,Directed
26.0_-160.0,27.0_-159.0,155.56,Directed
20.0_-64.0,19.0_-65.0,155.56,Directed
20.0_-64.0,19.0_-64.0,110.00,Directed
20.0_-64.0,20.0_-65.0,110.00,Directed
20.0_-64.0,21.0_-65.0,155.56,Directed
20.0_-64.0,21.0_-64.0,110.00,Directed
13.0_-67.0,12.0_-68.0,155.56,Directed
13.0_-67.0,12.0_-67.0,110.00,Directed
13.0_-67.0,12.0_-66.0,155.56,Directed
13.0_-67.0,13.0_-68.0,110.00,Directed
13.0_-67.0,13.0_-66.0,110.00,Directed
13.0_-67.0,14.0_-67.0,110.00,Directed
13.0_-67.0,14.0_-66.0,155.56,Directed
-9.0_97.0,-8.0_98.0,155.56,Directed
38.0_138.0,37.0_137.0,155.56,Directed
38.0_138.0,37.0_138.0,110.00,Directed
38.0_138.0,38.0_137.0,110.00,Directed
38.0_138.0,38.0_139.0,110.00,Directed
38.0_138.0,39.0_137.0,155.56,Directed
38.0_138.0,39.0_138.0,110.00,Directed
38.0_138.0,39.0_139.0,155.56,Directed
37.0_24.0,36.0_23.0,155.56,Directed
37.0_24.0,36.0_25.0,155.56,Directed
37.0_24.0,37.0_23.0,110.00,Directed
37.0_24.0,37.0_25.0,110.00,Directed
37.0_24.0,38.0_23.0,155.56,Directed
17.0_-59.0,16.0_-60.0,155.56,Directed
17.0_-59.0,16.0_-59.0,110.00,Directed
17.0_-59.0,16.0_-58.0,155.56,Directed
17.0_-59.0,17.0_-60.0,110.00,Directed
17.0_-59.0,17.0_-58.0,110.00,Directed
17.0_-59.0,18.0_-60.0,155.56,Directed
17.0_-59.0,18.0_-59.0,110.00,Directed
17.0_-59.0,18.0_-58.0,155.56,Directed
52.0_-8.0,51.0_-9.0,155.56,Directed
52.0_-8.0,51.0_-8.0,110.00,Directed
52.0_-8.0,51.0_-7.0,155.56,Directed
52.0_-8.0,52.0_-7.0,110.00,Directed
50.0_-2.0,49.0_-2.0,110.00,Directed
50.0_-2.0,49.0_-1.0,155.56,Directed
50.0_-2.0,50.0_-3.0,110.00,Directed
50.0_-2.0,50.0_-1.0,110.00,Directed
60.0_-3.0,59.0_-4.0,155.56,Directed
60.0_-3.0,59.0_-3.0,110.00,Directed
60.0_-3.0,60.0_-4.0,110.00,Directed
60.0_-3.0,60.0_-2.0,110.00,Directed
60.0_-3.0,61.0_-4.0,155.56,Directed
16.0_-58.0,15.0_-59.0,155.56,Directed
16.0_-58.0,15.0_-58.0,110.00,Directed
16.0_-58.0,16.0_-59.0,110.00,Directed
16.0_-58.0,17.0_-59.0,155.56,Directed
16.0_-58.0,17.0_-58.0,110.00,Directed
30.0_-78.0,29.0_-79.0,155.56,Directed
30.0_-78.0,29.0_-78.0,110.00,Directed
30.0_-78.0,29.0_-77.0,155.56,Directed
30.0_-78.0,30.0_-79.0,110.00,Directed
30.0_-78.0,30.0_-77.0,110.00,Directed
30.0_-78.0,31.0_-79.0,155.56,Directed
30.0_-78.0,31.0_-78.0,110.00,Directed
15.0_131.0,14.0_130.0,155.56,Directed
15.0_131.0,14.0_131.0,110.00,Directed
15.0_131.0,14.0_132.0,155.56,Directed
15.0_131.0,16.0_131.0,110.00,Directed
15.0_131.0,16.0_132.0,155.56,Directed
16.0_132.0,15.0_131.0,155.56,Directed
16.0_132.0,16.0_131.0,110.00,Directed
16.0_132.0,17.0_131.0,155.56,Directed
16.0_132.0,17.0_132.0,110.00,Directed
-29.0_-25.0,-30.0_-25.0,110.00,Directed
-29.0_-25.0,-30.0_-24.0,155.56,Directed
-29.0_-25.0,-28.0_-26.0,155.56,Directed
31.0_-79.0,30.0_-80.0,155.56,Directed
31.0_-79.0,30.0_-79.0,110.00,Directed
31.0_-79.0,30.0_-78.0,155.56,Directed
31.0_-79.0,31.0_-80.0,110.00,Directed
31.0_-79.0,31.0_-78.0,110.00,Directed
31.0_-79.0,32.0_-79.0,110.00,Directed
31.0_-79.0,32.0_-78.0,155.56,Directed
-30.0_-21.0,-31.0_-22.0,155.56,Directed
-30.0_-21.0,-30.0_-20.0,110.00,Directed
25.0_-75.0,24.0_-76.0,155.56,Directed
25.0_-75.0,24.0_-75.0,110.00,Directed
25.0_-75.0,24.0_-74.0,155.56,Directed
25.0_-75.0,25.0_-76.0,110.00,Directed
25.0_-75.0,25.0_-74.0,110.00,Directed
25.0_-75.0,26.0_-76.0,155.56,Directed
25.0_-75.0,26.0_-75.0,110.00,Directed
25.0_-75.0,26.0_-74.0,155.56,Directed
28.0_-128.0,27.0_-129.0,155.56,Directed
28.0_-128.0,27.0_-127.0,155.56,Directed
28.0_-128.0,28.0_-129.0,110.00,Directed
28.0_-128.0,28.0_-127.0,110.00,Directed
-14.0_-144.0,-15.0_-145.0,155.56,Directed
-14.0_-144.0,-15.0_-144.0,110.00,Directed
-14.0_-144.0,-14.0_-145.0,110.00,Directed
-14.0_-144.0,-13.0_-145.0,155.56,Directed
-14.0_-144.0,-13.0_-144.0,110.00,Directed
-14.0_-144.0,-13.0_-143.0,155.56,Directed
36.0_12.0,36.0_11.0,110.00,Directed
36.0_12.0,37.0_11.0,155.56,Directed
36.0_12.0,37.0_12.0,110.00,Directed
36.0_12.0,37.0_13.0,155.56,Directed
12.0_-79.0,11.0_-78.0,155.56,Directed
12.0_-79.0,12.0_-80.0,110.00,Directed
12.0_-79.0,13.0_-79.0,110.00,Directed
-9.0_-126.0,-9.0_-127.0,110.00,Directed
-9.0_-126.0,-8.0_-125.0,155.56,Directed
12.0_-117.0,11.0_-118.0,155.56,Directed
12.0_-117.0,12.0_-118.0,110.00,Directed
12.0_-117.0,13.0_-118.0,155.56,Directed
12.0_-117.0,13.0_-117.0,110.00,Directed
12.0_-117.0,13.0_-116.0,155.56,Directed
18.0_-65.0,17.0_-66.0,155.56,Directed
18.0_-65.0,17.0_-65.0,110.00,Directed
18.0_-65.0,17.0_-64.0,155.56,Directed
18.0_-65.0,18.0_-64.0,110.00,Directed
18.0_-65.0,19.0_-66.0,155.56,Directed
18.0_-65.0,19.0_-65.0,110.00,Directed
18.0_-65.0,19.0_-64.0,155.56,Directed
-36.0_-46.0,-35.0_-47.0,155.56,Directed
19.0_-131.0,18.0_-131.0,110.00,Directed
19.0_-131.0,18.0_-130.0,155.56,Directed
19.0_-131.0,19.0_-130.0,110.00,Directed
19.0_-131.0,20.0_-130.0,155.56,Directed
32.0_-135.0,32.0_-136.0,110.00,Directed
32.0_-135.0,32.0_-134.0,110.00,Directed
32.0_-135.0,33.0_-136.0,155.56,Directed
32.0_-135.0,33.0_-135.0,110.00,Directed
32.0_-135.0,33.0_-134.0,155.56,Directed
-13.0_85.0,-13.0_86.0,110.00,Directed
-13.0_85.0,-12.0_85.0,110.00,Directed
-13.0_85.0,-12.0_86.0,155.56,Directed
3.0_-146.0,2.0_-146.0,110.00,Directed
3.0_-146.0,3.0_-145.0,110.00,Directed
3.0_-146.0,4.0_-147.0,155.56,Directed
3.0_-146.0,4.0_-145.0,155.56,Directed
38.0_-71.0,37.0_-70.0,155.56,Directed
38.0_-71.0,38.0_-72.0,110.00,Directed
38.0_-71.0,38.0_-70.0,110.00,Directed
38.0_-71.0,39.0_-72.0,155.56,Directed
38.0_-71.0,39.0_-71.0,110.00,Directed
38.0_-71.0,39.0_-70.0,155.56,Directed
-12.0_-149.0,-13.0_-150.0,155.56,Directed
-12.0_-149.0,-13.0_-148.0,155.56,Directed
-12.0_-149.0,-12.0_-148.0,110.00,Directed
-12.0_-149.0,-11.0_-148.0,155.56,Directed
0.0_-144.0,-1.0_-144.0,110.00,Directed
0.0_-144.0,-1.0_-143.0,155.56,Directed
0.0_-144.0,0.0_-143.0,110.00,Directed
0.0_-144.0,1.0_-145.0,155.56,Directed
0.0_-144.0,1.0_-144.0,110.00,Directed
0.0_-144.0,1.0_-143.0,155.56,Directed
29.0_-67.0,28.0_-68.0,155.56,Directed
29.0_-67.0,28.0_-67.0,110.00,Directed
29.0_-67.0,28.0_-66.0,155.56,Directed
29.0_-67.0,29.0_-68.0,110.00,Directed
29.0_-67.0,29.0_-66.0,110.00,Directed
29.0_-67.0,30.0_-68.0,155.56,Directed
29.0_-67.0,30.0_-67.0,110.00,Directed
29.0_-67.0,30.0_-66.0,155.56,Directed
28.0_140.0,27.0_140.0,110.00,Directed
28.0_140.0,27.0_141.0,155.56,Directed
28.0_140.0,29.0_140.0,110.00,Directed
-3.0_-133.0,-4.0_-134.0,155.56,Directed
-3.0_-133.0,-4.0_-133.0,110.00,Directed
-3.0_-133.0,-3.0_-132.0,110.00,Directed
-3.0_-133.0,-2.0_-133.0,110.00,Directed
-3.0_-133.0,-2.0_-132.0,155.56,Directed
34.0_-156.0,33.0_-156.0,110.00,Directed
34.0_-156.0,33.0_-155.0,155.56,Directed
34.0_-156.0,34.0_-157.0,110.00,Directed
34.0_-156.0,35.0_-157.0,155.56,Directed
34.0_-156.0,35.0_-156.0,110.00,Directed
38.0_-128.0,38.0_-129.0,110.00,Directed
38.0_-128.0,38.0_-127.0,110.00,Directed
38.0_-128.0,39.0_-128.0,110.00,Directed
-1.0_-127.0,-2.0_-127.0,110.00,Directed
-1.0_-127.0,0.0_-128.0,155.56,Directed
-1.0_-127.0,0.0_-126.0,155.56,Directed
43.0_-87.0,42.0_-88.0,155.56,Directed
43.0_-87.0,42.0_-87.0,110.00,Directed
43.0_-87.0,43.0_-88.0,110.00,Directed
43.0_-87.0,44.0_-88.0,155.56,Directed
43.0_-87.0,44.0_-87.0,110.00,Directed
43.0_-87.0,44.0_-86.0,155.56,Directed
8.0_-154.0,7.0_-155.0,155.56,Directed
8.0_-154.0,8.0_-155.0,110.00,Directed
-34.0_2.0,-35.0_3.0,155.56,Directed
-34.0_2.0,-34.0_1.0,110.00,Directed
37.0_-65.0,36.0_-66.0,155.56,Directed
37.0_-65.0,36.0_-65.0,110.00,Directed
37.0_-65.0,36.0_-64.0,155.56,Directed
37.0_-65.0,37.0_-66.0,110.00,Directed
37.0_-65.0,37.0_-64.0,110.00,Directed
37.0_-65.0,38.0_-66.0,155.56,Directed
37.0_-65.0,38.0_-65.0,110.00,Directed
37.0_-65.0,38.0_-64.0,155.56,Directed
-8.0_-141.0,-9.0_-142.0,155.56,Directed
-8.0_-141.0,-9.0_-141.0,110.00,Directed
-8.0_-141.0,-9.0_-140.0,155.56,Directed
-8.0_-141.0,-8.0_-142.0,110.00,Directed
-8.0_-141.0,-8.0_-140.0,110.00,Directed
-8.0_-141.0,-7.0_-142.0,155.56,Directed
-8.0_-141.0,-7.0_-141.0,110.00,Directed
-8.0_-141.0,-7.0_-140.0,155.56,Directed
11.0_-121.0,10.0_-122.0,155.56,Directed
11.0_-121.0,11.0_-120.0,110.00,Directed
11.0_-121.0,12.0_-121.0,110.00,Directed
44.0_-130.0,43.0_-130.0,110.00,Directed
44.0_-130.0,45.0_-130.0,110.00,Directed
31.0_-165.0,30.0_-166.0,155.56,Directed
31.0_-165.0,30.0_-164.0,155.56,Directed
31.0_-165.0,31.0_-164.0,110.00,Directed
31.0_-165.0,32.0_-166.0,155.56,Directed
31.0_-165.0,32.0_-165.0,110.00,Directed
31.0_-165.0,32.0_-164.0,155.56,Directed
44.0_-62.0,43.0_-63.0,155.56,Directed
44.0_-62.0,43.0_-62.0,110.00,Directed
44.0_-62.0,43.0_-61.0,155.56,Directed
44.0_-62.0,44.0_-63.0,110.00,Directed
44.0_-62.0,44.0_-61.0,110.00,Directed
44.0_-62.0,45.0_-61.0,155.56,Directed
40.0_-129.0,39.0_-130.0,155.56,Directed
40.0_-129.0,39.0_-128.0,155.56,Directed
43.0_8.0,42.0_7.0,155.56,Directed
43.0_8.0,42.0_8.0,110.00,Directed
43.0_8.0,42.0_9.0,155.56,Directed
43.0_8.0,43.0_7.0,110.00,Directed
43.0_8.0,43.0_9.0,110.00,Directed
43.0_8.0,44.0_8.0,110.00,Directed
43.0_8.0,44.0_9.0,155.56,Directed
40.0_-70.0,39.0_-71.0,155.56,Directed
40.0_-70.0,39.0_-70.0,110.00,Directed
40.0_-70.0,39.0_-69.0,155.56,Directed
40.0_-70.0,40.0_-71.0,110.00,Directed
40.0_-70.0,40.0_-69.0,110.00,Directed
40.0_-70.0,41.0_-71.0,155.56,Directed
40.0_-70.0,41.0_-70.0,110.00,Directed
40.0_-70.0,41.0_-69.0,155.56,Directed
53.0_-13.0,52.0_-14.0,155.56,Directed
53.0_-13.0,52.0_-13.0,110.00,Directed
53.0_-13.0,52.0_-12.0,155.56,Directed
53.0_-13.0,53.0_-14.0,110.00,Directed
53.0_-13.0,53.0_-12.0,110.00,Directed
53.0_-13.0,54.0_-14.0,155.56,Directed
53.0_-13.0,54.0_-13.0,110.00,Directed
53.0_-13.0,54.0_-12.0,155.56,Directed
33.0_-60.0,32.0_-61.0,155.56,Directed
33.0_-60.0,32.0_-59.0,155.56,Directed
33.0_-60.0,33.0_-61.0,110.00,Directed
33.0_-60.0,33.0_-59.0,110.00,Directed
33.0_-60.0,34.0_-61.0,155.56,Directed
33.0_-60.0,34.0_-60.0,110.00,Directed
33.0_-60.0,34.0_-59.0,155.56,Directed
11.0_-134.0,10.0_-135.0,155.56,Directed
11.0_-134.0,10.0_-134.0,110.00,Directed
11.0_-134.0,10.0_-133.0,155.56,Directed
11.0_-134.0,11.0_-135.0,110.00,Directed
11.0_-134.0,11.0_-133.0,110.00,Directed
11.0_-134.0,12.0_-134.0,110.00,Directed
11.0_-134.0,12.0_-133.0,155.56,Directed
-8.0_-154.0,-9.0_-153.0,155.56,Directed
-8.0_-154.0,-8.0_-155.0,110.00,Directed
-8.0_-154.0,-7.0_-155.0,155.56,Directed
-8.0_-154.0,-7.0_-154.0,110.00,Directed
31.0_-66.0,30.0_-67.0,155.56,Directed
31.0_-66.0,30.0_-66.0,110.00,Directed
31.0_-66.0,30.0_-65.0,155.56,Directed
31.0_-66.0,31.0_-67.0,110.00,Directed
31.0_-66.0,31.0_-65.0,110.00,Directed
31.0_-66.0,32.0_-67.0,155.56,Directed
31.0_-66.0,32.0_-66.0,110.00,Directed
31.0_-66.0,32.0_-65.0,155.56,Directed
1.0_-127.0,0.0_-128.0,155.56,Directed
1.0_-127.0,0.0_-126.0,155.56,Directed
1.0_-127.0,1.0_-128.0,110.00,Directed
1.0_-127.0,1.0_-126.0,110.00,Directed
1.0_-127.0,2.0_-127.0,110.00,Directed
1.0_-127.0,2.0_-126.0,155.56,Directed
-27.0_-29.0,-27.0_-30.0,110.00,Directed
-27.0_-29.0,-26.0_-28.0,155.56,Directed
34.0_131.0,33.0_130.0,155.56,Directed
34.0_131.0,33.0_131.0,110.00,Directed
34.0_131.0,33.0_132.0,155.56,Directed
34.0_131.0,34.0_130.0,110.00,Directed
34.0_131.0,34.0_132.0,110.00,Directed
34.0_131.0,35.0_130.0,155.56,Directed
34.0_131.0,35.0_131.0,110.00,Directed
34.0_131.0,35.0_132.0,155.56,Directed
-6.0_-135.0,-7.0_-136.0,155.56,Directed
-6.0_-135.0,-7.0_-135.0,110.00,Directed
-6.0_-135.0,-6.0_-136.0,110.00,Directed
-6.0_-135.0,-6.0_-134.0,110.00,Directed
-6.0_-135.0,-5.0_-136.0,155.56,Directed
-6.0_-135.0,-5.0_-135.0,110.00,Directed
-6.0_-135.0,-5.0_-134.0,155.56,Directed
42.0_-68.0,41.0_-69.0,155.56,Directed
42.0_-68.0,41.0_-68.0,110.00,Directed
42.0_-68.0,41.0_-67.0,155.56,Directed
42.0_-68.0,42.0_-69.0,110.00,Directed
42.0_-68.0,42.0_-67.0,110.00,Directed
42.0_-68.0,43.0_-69.0,155.56,Directed
42.0_-68.0,43.0_-68.0,110.00,Directed
42.0_-68.0,43.0_-67.0,155.56,Directed
17.0_-112.0,16.0_-112.0,110.00,Directed
17.0_-112.0,16.0_-111.0,155.56,Directed
17.0_-112.0,17.0_-113.0,110.00,Directed
17.0_-112.0,17.0_-111.0,110.00,Directed
17.0_-112.0,18.0_-112.0,110.00,Directed
17.0_-112.0,18.0_-111.0,155.56,Directed
38.0_9.0,38.0_8.0,110.00,Directed
38.0_9.0,38.0_10.0,110.00,Directed
38.0_9.0,39.0_8.0,155.56,Directed
38.0_9.0,39.0_9.0,110.00,Directed
21.0_-83.0,20.0_-84.0,155.56,Directed
21.0_-83.0,20.0_-82.0,155.56,Directed
21.0_-83.0,21.0_-84.0,110.00,Directed
21.0_-83.0,21.0_-82.0,110.00,Directed
25.0_127.0,24.0_128.0,155.56,Directed
25.0_127.0,25.0_128.0,110.00,Directed
25.0_127.0,26.0_127.0,110.00,Directed
25.0_127.0,26.0_128.0,155.56,Directed
-25.0_-127.0,-25.0_-126.0,110.00,Directed
32.0_-148.0,31.0_-149.0,155.56,Directed
32.0_-148.0,31.0_-147.0,155.56,Directed
32.0_-148.0,32.0_-147.0,110.00,Directed
32.0_-148.0,33.0_-147.0,155.56,Directed
41.0_141.0,40.0_141.0,110.00,Directed
41.0_141.0,40.0_142.0,155.56,Directed
41.0_141.0,41.0_140.0,110.00,Directed
41.0_141.0,41.0_142.0,110.00,Directed
41.0_141.0,42.0_140.0,155.56,Directed
41.0_141.0,42.0_141.0,110.00,Directed
41.0_141.0,42.0_142.0,155.56,Directed
38.0_18.0,37.0_18.0,110.00,Directed
38.0_18.0,39.0_17.0,155.56,Directed
38.0_18.0,39.0_18.0,110.00,Directed
38.0_18.0,39.0_19.0,155.56,Directed
24.0_-110.0,23.0_-111.0,155.56,Directed
24.0_-110.0,23.0_-110.0,110.00,Directed
24.0_-110.0,23.0_-109.0,155.56,Directed
24.0_-110.0,24.0_-111.0,110.00,Directed
24.0_-110.0,24.0_-109.0,110.00,Directed
24.0_-110.0,25.0_-111.0,155.56,Directed
24.0_-110.0,25.0_-110.0,110.00,Directed
32.0_137.0,31.0_136.0,155.56,Directed
32.0_137.0,31.0_137.0,110.00,Directed
32.0_137.0,31.0_138.0,155.56,Directed
32.0_137.0,32.0_136.0,110.00,Directed
32.0_137.0,32.0_138.0,110.00,Directed
32.0_137.0,33.0_136.0,155.56,Directed
32.0_137.0,33.0_137.0,110.00,Directed
32.0_137.0,33.0_138.0,155.56,Directed
34.0_-143.0,33.0_-144.0,155.56,Directed
34.0_-143.0,33.0_-142.0,155.56,Directed
34.0_-143.0,34.0_-144.0,110.00,Directed
34.0_-143.0,34.0_-142.0,110.00,Directed
34.0_-143.0,35.0_-142.0,155.56,Directed
-10.0_87.0,-11.0_86.0,155.56,Directed
-10.0_87.0,-11.0_87.0,110.00,Directed
-10.0_87.0,-11.0_88.0,155.56,Directed
-10.0_87.0,-10.0_86.0,110.00,Directed
-10.0_87.0,-10.0_88.0,110.00,Directed
-10.0_87.0,-9.0_87.0,110.00,Directed
31.0_-65.0,30.0_-66.0,155.56,Directed
31.0_-65.0,30.0_-65.0,110.00,Directed
31.0_-65.0,30.0_-64.0,155.56,Directed
31.0_-65.0,31.0_-66.0,110.00,Directed
31.0_-65.0,31.0_-64.0,110.00,Directed
31.0_-65.0,32.0_-66.0,155.56,Directed
31.0_-65.0,32.0_-65.0,110.00,Directed
31.0_-65.0,32.0_-64.0,155.56,Directed
28.0_-126.0,27.0_-127.0,155.56,Directed
28.0_-126.0,27.0_-125.0,155.56,Directed
28.0_-126.0,28.0_-127.0,110.00,Directed
28.0_-126.0,28.0_-125.0,110.00,Directed
28.0_-126.0,29.0_-126.0,110.00,Directed
28.0_-126.0,29.0_-125.0,155.56,Directed
19.0_-66.0,18.0_-65.0,155.56,Directed
19.0_-66.0,19.0_-67.0,110.00,Directed
19.0_-66.0,19.0_-65.0,110.00,Directed
19.0_-66.0,20.0_-66.0,110.00,Directed
19.0_-66.0,20.0_-65.0,155.56,Directed
18.0_-130.0,17.0_-131.0,155.56,Directed
18.0_-130.0,17.0_-130.0,110.00,Directed
18.0_-130.0,17.0_-129.0,155.56,Directed
18.0_-130.0,18.0_-131.0,110.00,Directed
18.0_-130.0,19.0_-131.0,155.56,Directed
18.0_-130.0,19.0_-130.0,110.00,Directed
3.0_-121.0,2.0_-122.0,155.56,Directed
3.0_-121.0,4.0_-122.0,155.56,Directed
3.0_-121.0,4.0_-121.0,110.00,Directed
3.0_-121.0,4.0_-120.0,155.56,Directed
57.0_-8.0,56.0_-9.0,155.56,Directed
57.0_-8.0,56.0_-8.0,110.00,Directed
57.0_-8.0,56.0_-7.0,155.56,Directed
57.0_-8.0,57.0_-9.0,110.00,Directed
57.0_-8.0,57.0_-7.0,110.00,Directed
57.0_-8.0,58.0_-9.0,155.56,Directed
57.0_-8.0,58.0_-8.0,110.00,Directed
57.0_-8.0,58.0_-7.0,155.56,Directed
36.0_140.0,35.0_139.0,155.56,Directed
36.0_140.0,35.0_140.0,110.00,Directed
36.0_140.0,35.0_141.0,155.56,Directed
36.0_140.0,36.0_141.0,110.00,Directed
36.0_140.0,37.0_141.0,155.56,Directed
27.0_136.0,28.0_135.0,155.56,Directed
27.0_136.0,28.0_136.0,110.00,Directed
27.0_136.0,28.0_137.0,155.56,Directed
31.0_-149.0,30.0_-150.0,155.56,Directed
31.0_-149.0,30.0_-149.0,110.00,Directed
31.0_-149.0,30.0_-148.0,155.56,Directed
31.0_-149.0,31.0_-150.0,110.00,Directed
31.0_-149.0,32.0_-148.0,155.56,Directed
58.0_-11.0,57.0_-12.0,155.56,Directed
58.0_-11.0,57.0_-11.0,110.00,Directed
58.0_-11.0,57.0_-10.0,155.56,Directed
58.0_-11.0,58.0_-12.0,110.00,Directed
58.0_-11.0,58.0_-10.0,110.00,Directed
58.0_-11.0,59.0_-12.0,155.56,Directed
58.0_-11.0,59.0_-11.0,110.00,Directed
58.0_-11.0,59.0_-10.0,155.56,Directed
39.0_-132.0,38.0_-133.0,155.56,Directed
39.0_-132.0,38.0_-131.0,155.56,Directed
39.0_-132.0,39.0_-133.0,110.00,Directed
39.0_-132.0,39.0_-131.0,110.00,Directed
39.0_-132.0,40.0_-133.0,155.56,Directed
39.0_-132.0,40.0_-131.0,155.56,Directed
-2.0_-151.0,-3.0_-150.0,155.56,Directed
-2.0_-151.0,-2.0_-152.0,110.00,Directed
-2.0_-151.0,-1.0_-152.0,155.56,Directed
36.0_-127.0,36.0_-126.0,110.00,Directed
-7.0_-140.0,-8.0_-141.0,155.56,Directed
-7.0_-140.0,-8.0_-140.0,110.00,Directed
-7.0_-140.0,-7.0_-141.0,110.00,Directed
-7.0_-140.0,-6.0_-141.0,155.56,Directed
-7.0_-140.0,-6.0_-140.0,110.00,Directed
30.0_-146.0,29.0_-146.0,110.00,Directed
30.0_-146.0,30.0_-145.0,110.00,Directed
30.0_-146.0,31.0_-147.0,155.56,Directed
30.0_-146.0,31.0_-146.0,110.00,Directed
38.0_-73.0,37.0_-74.0,155.56,Directed
38.0_-73.0,38.0_-72.0,110.00,Directed
38.0_-73.0,39.0_-74.0,155.56,Directed
38.0_-73.0,39.0_-73.0,110.00,Directed
38.0_-73.0,39.0_-72.0,155.56,Directed
29.0_-69.0,28.0_-70.0,155.56,Directed
29.0_-69.0,28.0_-69.0,110.00,Directed
29.0_-69.0,28.0_-68.0,155.56,Directed
29.0_-69.0,29.0_-70.0,110.00,Directed
29.0_-69.0,29.0_-68.0,110.00,Directed
29.0_-69.0,30.0_-70.0,155.56,Directed
29.0_-69.0,30.0_-69.0,110.00,Directed
29.0_-69.0,30.0_-68.0,155.56,Directed
-31.0_-98.0,-31.0_-97.0,110.00,Directed
-31.0_-98.0,-30.0_-99.0,155.56,Directed
-31.0_-98.0,-30.0_-98.0,110.00,Directed
41.0_-68.0,40.0_-69.0,155.56,Directed
41.0_-68.0,40.0_-68.0,110.00,Directed
41.0_-68.0,40.0_-67.0,155.56,Directed
41.0_-68.0,41.0_-69.0,110.00,Directed
41.0_-68.0,41.0_-67.0,110.00,Directed
41.0_-68.0,42.0_-69.0,155.56,Directed
41.0_-68.0,42.0_-68.0,110.00,Directed
41.0_-68.0,42.0_-67.0,155.56,Directed
9.0_-85.0,8.0_-86.0,155.56,Directed
22.0_-110.0,21.0_-111.0,155.56,Directed
22.0_-110.0,21.0_-110.0,110.00,Directed
22.0_-110.0,21.0_-109.0,155.56,Directed
22.0_-110.0,22.0_-111.0,110.00,Directed
22.0_-110.0,22.0_-109.0,110.00,Directed
22.0_-110.0,23.0_-111.0,155.56,Directed
22.0_-110.0,23.0_-110.0,110.00,Directed
22.0_-110.0,23.0_-109.0,155.56,Directed
21.0_-84.0,20.0_-84.0,110.00,Directed
21.0_-84.0,21.0_-85.0,110.00,Directed
21.0_-84.0,21.0_-83.0,110.00,Directed
21.0_-84.0,22.0_-85.0,155.56,Directed
13.0_-141.0,12.0_-140.0,155.56,Directed
13.0_-141.0,14.0_-142.0,155.56,Directed
28.0_-70.0,27.0_-71.0,155.56,Directed
28.0_-70.0,27.0_-70.0,110.00,Directed
28.0_-70.0,27.0_-69.0,155.56,Directed
28.0_-70.0,28.0_-71.0,110.00,Directed
28.0_-70.0,28.0_-69.0,110.00,Directed
28.0_-70.0,29.0_-71.0,155.56,Directed
28.0_-70.0,29.0_-70.0,110.00,Directed
28.0_-70.0,29.0_-69.0,155.56,Directed
10.0_-158.0,9.0_-159.0,155.56,Directed
10.0_-158.0,9.0_-158.0,110.00,Directed
10.0_-158.0,10.0_-159.0,110.00,Directed
10.0_-158.0,10.0_-157.0,110.00,Directed
10.0_-158.0,11.0_-159.0,155.56,Directed
10.0_-158.0,11.0_-158.0,110.00,Directed
-4.0_-135.0,-5.0_-136.0,155.56,Directed
-4.0_-135.0,-5.0_-135.0,110.00,Directed
-4.0_-135.0,-5.0_-134.0,155.56,Directed
-4.0_-135.0,-4.0_-134.0,110.00,Directed
-8.0_-143.0,-9.0_-143.0,110.00,Directed
-8.0_-143.0,-9.0_-142.0,155.56,Directed
-8.0_-143.0,-8.0_-142.0,110.00,Directed
-8.0_-143.0,-7.0_-144.0,155.56,Directed
-8.0_-143.0,-7.0_-143.0,110.00,Directed
-8.0_-143.0,-7.0_-142.0,155.56,Directed
10.0_-64.0,10.0_-65.0,110.00,Directed
10.0_-64.0,11.0_-65.0,155.56,Directed
10.0_-64.0,11.0_-64.0,110.00,Directed
10.0_-64.0,11.0_-63.0,155.56,Directed
24.0_-73.0,23.0_-74.0,155.56,Directed
24.0_-73.0,23.0_-73.0,110.00,Directed
24.0_-73.0,23.0_-72.0,155.56,Directed
24.0_-73.0,24.0_-74.0,110.00,Directed
24.0_-73.0,24.0_-72.0,110.00,Directed
24.0_-73.0,25.0_-74.0,155.56,Directed
24.0_-73.0,25.0_-73.0,110.00,Directed
24.0_-73.0,25.0_-72.0,155.56,Directed
15.0_-112.0,14.0_-113.0,155.56,Directed
15.0_-112.0,14.0_-112.0,110.00,Directed
15.0_-112.0,15.0_-113.0,110.00,Directed
15.0_-112.0,15.0_-111.0,110.00,Directed
15.0_-112.0,16.0_-112.0,110.00,Directed
15.0_-112.0,16.0_-111.0,155.56,Directed
-29.0_-105.0,-29.0_-106.0,110.00,Directed
-29.0_-105.0,-29.0_-104.0,110.00,Directed
-29.0_-105.0,-28.0_-104.0,155.56,Directed
15.0_-69.0,14.0_-70.0,155.56,Directed
15.0_-69.0,14.0_-69.0,110.00,Directed
15.0_-69.0,15.0_-70.0,110.00,Directed
15.0_-69.0,15.0_-68.0,110.00,Directed
15.0_-69.0,16.0_-70.0,155.56,Directed
15.0_-69.0,16.0_-69.0,110.00,Directed
15.0_-69.0,16.0_-68.0,155.56,Directed
11.0_-94.0,10.0_-94.0,110.00,Directed
54.0_-16.0,53.0_-17.0,155.56,Directed
54.0_-16.0,53.0_-16.0,110.00,Directed
54.0_-16.0,53.0_-15.0,155.56,Directed
54.0_-16.0,54.0_-15.0,110.00,Directed
-20.0_117.0,-21.0_116.0,155.56,Directed
-20.0_117.0,-19.0_118.0,155.56,Directed
21.0_136.0,20.0_136.0,110.00,Directed
-3.0_-132.0,-4.0_-133.0,155.56,Directed
-3.0_-132.0,-4.0_-131.0,155.56,Directed
-3.0_-132.0,-3.0_-133.0,110.00,Directed
-3.0_-132.0,-2.0_-133.0,155.56,Directed
-3.0_-132.0,-2.0_-132.0,110.00,Directed
-26.0_104.0,-26.0_105.0,110.00,Directed
-26.0_104.0,-25.0_104.0,110.00,Directed
-26.0_104.0,-25.0_105.0,155.56,Directed
-9.0_-157.0,-10.0_-156.0,155.56,Directed
-9.0_-157.0,-9.0_-156.0,110.00,Directed
-9.0_-157.0,-8.0_-157.0,110.00,Directed
35.0_-124.0,34.0_-125.0,155.56,Directed
35.0_-124.0,34.0_-123.0,155.56,Directed
35.0_-124.0,35.0_-125.0,110.00,Directed
35.0_-124.0,35.0_-123.0,110.00,Directed
35.0_-124.0,36.0_-125.0,155.56,Directed
35.0_-124.0,36.0_-124.0,110.00,Directed
35.0_-124.0,36.0_-123.0,155.56,Directed
38.0_-151.0,37.0_-152.0,155.56,Directed
38.0_-151.0,37.0_-150.0,155.56,Directed
38.0_-151.0,38.0_-150.0,110.00,Directed
38.0_-151.0,39.0_-150.0,155.56,Directed
30.0_140.0,29.0_140.0,110.00,Directed
30.0_140.0,31.0_140.0,110.00,Directed
13.0_-97.0,14.0_-97.0,110.00,Directed
39.0_-26.0,40.0_-27.0,155.56,Directed
44.0_-57.0,43.0_-58.0,155.56,Directed
44.0_-57.0,45.0_-58.0,155.56,Directed
44.0_-57.0,45.0_-57.0,110.00,Directed
16.0_-77.0,15.0_-77.0,110.00,Directed
16.0_-77.0,15.0_-76.0,155.56,Directed
16.0_-77.0,16.0_-78.0,110.00,Directed
16.0_-77.0,16.0_-76.0,110.00,Directed
16.0_-77.0,17.0_-78.0,155.56,Directed
16.0_-77.0,17.0_-77.0,110.00,Directed
16.0_-77.0,17.0_-76.0,155.56,Directed
25.0_-81.0,24.0_-82.0,155.56,Directed
25.0_-81.0,24.0_-81.0,110.00,Directed
25.0_-81.0,24.0_-80.0,155.56,Directed
25.0_-81.0,25.0_-80.0,110.00,Directed
25.0_-81.0,26.0_-81.0,110.00,Directed
25.0_-81.0,26.0_-80.0,155.56,Directed
40.0_3.0,39.0_2.0,155.56,Directed
40.0_3.0,39.0_3.0,110.00,Directed
40.0_3.0,39.0_4.0,155.56,Directed
40.0_3.0,41.0_2.0,155.56,Directed
40.0_3.0,41.0_3.0,110.00,Directed
21.0_-151.0,21.0_-152.0,110.00,Directed
21.0_-151.0,22.0_-152.0,155.56,Directed
21.0_-151.0,22.0_-151.0,110.00,Directed
17.0_-81.0,16.0_-82.0,155.56,Directed
17.0_-81.0,16.0_-81.0,110.00,Directed
17.0_-81.0,16.0_-80.0,155.56,Directed
17.0_-81.0,17.0_-82.0,110.00,Directed
17.0_-81.0,17.0_-80.0,110.00,Directed
17.0_-81.0,18.0_-82.0,155.56,Directed
17.0_-81.0,18.0_-81.0,110.00,Directed
17.0_-81.0,18.0_-80.0,155.56,Directed
26.0_128.0,25.0_127.0,155.56,Directed
26.0_128.0,25.0_128.0,110.00,Directed
26.0_128.0,26.0_127.0,110.00,Directed
26.0_128.0,27.0_127.0,155.56,Directed
26.0_128.0,27.0_129.0,155.56,Directed
2.0_-131.0,1.0_-130.0,155.56,Directed
2.0_-131.0,3.0_-130.0,155.56,Directed
-15.0_89.0,-14.0_89.0,110.00,Directed
18.0_141.0,17.0_141.0,110.00,Directed
18.0_141.0,19.0_141.0,110.00,Directed
-1.0_-161.0,-1.0_-160.0,110.00,Directed
-1.0_-161.0,0.0_-162.0,155.56,Directed
-1.0_-161.0,0.0_-161.0,110.00,Directed
-1.0_-161.0,0.0_-160.0,155.56,Directed
11.0_133.0,12.0_133.0,110.00,Directed
27.0_-125.0,26.0_-126.0,155.56,Directed
27.0_-125.0,28.0_-126.0,155.56,Directed
27.0_-125.0,28.0_-125.0,110.00,Directed
27.0_-125.0,28.0_-124.0,155.56,Directed
5.0_-88.0,5.0_-87.0,110.00,Directed
5.0_-88.0,6.0_-88.0,110.00,Directed
5.0_-88.0,6.0_-87.0,155.56,Directed
33.0_-142.0,32.0_-141.0,155.56,Directed
33.0_-142.0,33.0_-141.0,110.00,Directed
33.0_-142.0,34.0_-143.0,155.56,Directed
33.0_-142.0,34.0_-142.0,110.00,Directed
33.0_-142.0,34.0_-141.0,155.56,Directed
6.0_90.0,6.0_89.0,110.00,Directed
6.0_90.0,6.0_91.0,110.00,Directed
19.0_-79.0,18.0_-80.0,155.56,Directed
19.0_-79.0,18.0_-79.0,110.00,Directed
19.0_-79.0,18.0_-78.0,155.56,Directed
19.0_-79.0,19.0_-80.0,110.00,Directed
19.0_-79.0,19.0_-78.0,110.00,Directed
19.0_-79.0,20.0_-80.0,155.56,Directed
-35.0_-16.0,-35.0_-15.0,110.00,Directed
27.0_-84.0,26.0_-83.0,155.56,Directed
27.0_-84.0,27.0_-83.0,110.00,Directed
25.0_-119.0,25.0_-120.0,110.00,Directed
25.0_-119.0,25.0_-118.0,110.00,Directed
31.0_135.0,30.0_135.0,110.00,Directed
31.0_135.0,30.0_136.0,155.56,Directed
31.0_135.0,31.0_134.0,110.00,Directed
31.0_135.0,31.0_136.0,110.00,Directed
31.0_135.0,32.0_135.0,110.00,Directed
31.0_135.0,32.0_136.0,155.56,Directed
30.0_-159.0,29.0_-160.0,155.56,Directed
30.0_-159.0,29.0_-159.0,110.00,Directed
30.0_-159.0,29.0_-158.0,155.56,Directed
30.0_-159.0,30.0_-158.0,110.00,Directed
30.0_-159.0,31.0_-160.0,155.56,Directed
30.0_-159.0,31.0_-159.0,110.00,Directed
30.0_-159.0,31.0_-158.0,155.56,Directed
42.0_-153.0,43.0_-152.0,155.56,Directed
6.0_-117.0,5.0_-118.0,155.56,Directed
6.0_-117.0,6.0_-118.0,110.00,Directed
6.0_-117.0,7.0_-117.0,110.00,Directed
12.0_-151.0,11.0_-150.0,155.56,Directed
12.0_-151.0,12.0_-150.0,110.00,Directed
12.0_-151.0,13.0_-152.0,155.56,Directed
12.0_-151.0,13.0_-151.0,110.00,Directed
12.0_-151.0,13.0_-150.0,155.56,Directed
45.0_-3.0,44.0_-3.0,110.00,Directed
45.0_-3.0,44.0_-2.0,155.56,Directed
45.0_-3.0,45.0_-4.0,110.00,Directed
45.0_-3.0,45.0_-2.0,110.00,Directed
45.0_-3.0,46.0_-4.0,155.56,Directed
45.0_-3.0,46.0_-3.0,110.00,Directed
45.0_-3.0,46.0_-2.0,155.56,Directed
11.0_-148.0,10.0_-148.0,110.00,Directed
11.0_-148.0,10.0_-147.0,155.56,Directed
11.0_-148.0,11.0_-149.0,110.00,Directed
11.0_-148.0,12.0_-149.0,155.56,Directed
11.0_-148.0,12.0_-148.0,110.00,Directed
31.0_-123.0,30.0_-124.0,155.56,Directed
31.0_-123.0,30.0_-123.0,110.00,Directed
31.0_-123.0,30.0_-122.0,155.56,Directed
31.0_-123.0,31.0_-124.0,110.00,Directed
31.0_-123.0,31.0_-122.0,110.00,Directed
31.0_-123.0,32.0_-124.0,155.56,Directed
31.0_-123.0,32.0_-123.0,110.00,Directed
31.0_-123.0,32.0_-122.0,155.56,Directed
40.0_-140.0,39.0_-141.0,155.56,Directed
40.0_-140.0,39.0_-140.0,110.00,Directed
40.0_-140.0,39.0_-139.0,155.56,Directed
40.0_-140.0,40.0_-141.0,110.00,Directed
40.0_-140.0,40.0_-139.0,110.00,Directed
14.0_131.0,14.0_130.0,110.00,Directed
14.0_131.0,14.0_132.0,110.00,Directed
14.0_131.0,15.0_131.0,110.00,Directed
-22.0_173.0,-23.0_172.0,155.56,Directed
-22.0_173.0,-21.0_174.0,155.56,Directed
3.0_142.0,2.0_141.0,155.56,Directed
3.0_142.0,2.0_142.0,110.00,Directed
-8.0_99.0,-8.0_98.0,110.00,Directed
-8.0_99.0,-7.0_98.0,155.56,Directed
-8.0_99.0,-7.0_99.0,110.00,Directed
-18.0_-152.0,-18.0_-151.0,110.00,Directed
-18.0_-152.0,-17.0_-153.0,155.56,Directed
-18.0_-152.0,-17.0_-152.0,110.00,Directed
-18.0_-152.0,-17.0_-151.0,155.56,Directed
60.0_0.0,59.0_-1.0,155.56,Directed
60.0_0.0,60.0_-1.0,110.00,Directed
60.0_0.0,60.0_1.0,110.00,Directed
60.0_0.0,61.0_1.0,155.56,Directed
-28.0_-19.0,-29.0_-18.0,155.56,Directed
36.0_-180.0,35.0_-180.0,110.00,Directed
36.0_-180.0,37.0_-180.0,110.00,Directed
24.0_-86.0,23.0_-85.0,155.56,Directed
24.0_-86.0,24.0_-85.0,110.00,Directed
24.0_-86.0,25.0_-85.0,155.56,Directed
35.0_132.0,34.0_131.0,155.56,Directed
35.0_132.0,34.0_132.0,110.00,Directed
35.0_132.0,34.0_133.0,155.56,Directed
35.0_132.0,35.0_131.0,110.00,Directed
35.0_132.0,35.0_133.0,110.00,Directed
35.0_132.0,36.0_131.0,155.56,Directed
35.0_132.0,36.0_132.0,110.00,Directed
35.0_132.0,36.0_133.0,155.56,Directed
14.0_-153.0,13.0_-153.0,110.00,Directed
14.0_-153.0,13.0_-152.0,155.56,Directed
14.0_-153.0,15.0_-153.0,110.00,Directed
14.0_-153.0,15.0_-152.0,155.56,Directed
-4.0_-148.0,-5.0_-147.0,155.56,Directed
-4.0_-148.0,-4.0_-149.0,110.00,Directed
5.0_-118.0,5.0_-119.0,110.00,Directed
5.0_-118.0,6.0_-118.0,110.00,Directed
5.0_-118.0,6.0_-117.0,155.56,Directed
32.0_-170.0,31.0_-170.0,110.00,Directed
32.0_-170.0,31.0_-169.0,155.56,Directed
32.0_-170.0,32.0_-171.0,110.00,Directed
32.0_-170.0,33.0_-169.0,155.56,Directed
2.0_-144.0,1.0_-145.0,155.56,Directed
2.0_-144.0,1.0_-144.0,110.00,Directed
2.0_-144.0,1.0_-143.0,155.56,Directed
2.0_-144.0,2.0_-143.0,110.00,Directed
2.0_-144.0,3.0_-145.0,155.56,Directed
2.0_-144.0,3.0_-144.0,110.00,Directed
45.0_-52.0,46.0_-53.0,155.56,Directed
10.0_-132.0,10.0_-133.0,110.00,Directed
10.0_-132.0,10.0_-131.0,110.00,Directed
10.0_-132.0,11.0_-133.0,155.56,Directed
10.0_-132.0,11.0_-131.0,155.56,Directed
29.0_-38.0,28.0_-39.0,155.56,Directed
29.0_-38.0,28.0_-38.0,110.00,Directed
29.0_-38.0,30.0_-38.0,110.00,Directed
32.0_156.0,31.0_155.0,155.56,Directed
57.0_-12.0,56.0_-12.0,110.00,Directed
57.0_-12.0,56.0_-11.0,155.56,Directed
57.0_-12.0,57.0_-11.0,110.00,Directed
57.0_-12.0,58.0_-12.0,110.00,Directed
57.0_-12.0,58.0_-11.0,155.56,Directed
27.0_-79.0,26.0_-80.0,155.56,Directed
27.0_-79.0,26.0_-79.0,110.00,Directed
27.0_-79.0,26.0_-78.0,155.56,Directed
27.0_-79.0,27.0_-80.0,110.00,Directed
27.0_-79.0,27.0_-78.0,110.00,Directed
27.0_-79.0,28.0_-80.0,155.56,Directed
27.0_-79.0,28.0_-79.0,110.00,Directed
27.0_-79.0,28.0_-78.0,155.56,Directed
28.0_135.0,27.0_136.0,155.56,Directed
28.0_135.0,28.0_136.0,110.00,Directed
28.0_135.0,29.0_134.0,155.56,Directed
28.0_135.0,29.0_135.0,110.00,Directed
8.0_-149.0,7.0_-149.0,110.00,Directed
8.0_-149.0,7.0_-148.0,155.56,Directed
8.0_-149.0,8.0_-148.0,110.00,Directed
8.0_-149.0,9.0_-150.0,155.56,Directed
-5.0_-134.0,-6.0_-135.0,155.56,Directed
-5.0_-134.0,-6.0_-134.0,110.00,Directed
-5.0_-134.0,-5.0_-135.0,110.00,Directed
-5.0_-134.0,-5.0_-133.0,110.00,Directed
-5.0_-134.0,-4.0_-135.0,155.56,Directed
-5.0_-134.0,-4.0_-134.0,110.00,Directed
-5.0_-134.0,-4.0_-133.0,155.56,Directed
-6.0_-141.0,-7.0_-142.0,155.56,Directed
-6.0_-141.0,-7.0_-141.0,110.00,Directed
-6.0_-141.0,-7.0_-140.0,155.56,Directed
-6.0_-141.0,-6.0_-142.0,110.00,Directed
-6.0_-141.0,-6.0_-140.0,110.00,Directed
-6.0_-141.0,-5.0_-142.0,155.56,Directed
-6.0_-141.0,-5.0_-141.0,110.00,Directed
32.0_-152.0,31.0_-153.0,155.56,Directed
32.0_-152.0,31.0_-152.0,110.00,Directed
32.0_-152.0,33.0_-152.0,110.00,Directed
35.0_-142.0,34.0_-143.0,155.56,Directed
35.0_-142.0,34.0_-142.0,110.00,Directed
35.0_-142.0,34.0_-141.0,155.56,Directed
35.0_-142.0,35.0_-141.0,110.00,Directed
35.0_-142.0,36.0_-142.0,110.00,Directed
35.0_-142.0,36.0_-141.0,155.56,Directed
42.0_-140.0,42.0_-141.0,110.00,Directed
31.0_122.0,30.0_122.0,110.00,Directed
31.0_122.0,30.0_123.0,155.56,Directed
31.0_122.0,31.0_123.0,110.00,Directed
31.0_122.0,32.0_122.0,110.00,Directed
-33.0_-31.0,-33.0_-30.0,110.00,Directed
-14.0_-2.0,-15.0_-1.0,155.56,Directed
-3.0_-150.0,-4.0_-149.0,155.56,Directed
-3.0_-150.0,-2.0_-151.0,155.56,Directed
50.0_-9.0,49.0_-10.0,155.56,Directed
50.0_-9.0,49.0_-9.0,110.00,Directed
50.0_-9.0,49.0_-8.0,155.56,Directed
50.0_-9.0,50.0_-10.0,110.00,Directed
50.0_-9.0,50.0_-8.0,110.00,Directed
50.0_-9.0,51.0_-10.0,155.56,Directed
50.0_-9.0,51.0_-9.0,110.00,Directed
50.0_-9.0,51.0_-8.0,155.56,Directed
13.0_-71.0,12.0_-71.0,110.00,Directed
13.0_-71.0,12.0_-70.0,155.56,Directed
13.0_-71.0,13.0_-72.0,110.00,Directed
13.0_-71.0,13.0_-70.0,110.00,Directed
13.0_-71.0,14.0_-72.0,155.56,Directed
13.0_-71.0,14.0_-71.0,110.00,Directed
13.0_-71.0,14.0_-70.0,155.56,Directed
5.0_-136.0,5.0_-137.0,110.00,Directed
5.0_-136.0,6.0_-136.0,110.00,Directed
51.0_-10.0,50.0_-11.0,155.56,Directed
51.0_-10.0,50.0_-10.0,110.00,Directed
51.0_-10.0,50.0_-9.0,155.56,Directed
51.0_-10.0,51.0_-11.0,110.00,Directed
51.0_-10.0,51.0_-9.0,110.00,Directed
51.0_-10.0,52.0_-11.0,155.56,Directed
51.0_-10.0,52.0_-10.0,110.00,Directed
-33.0_-88.0,-33.0_-89.0,110.00,Directed
-33.0_-88.0,-33.0_-87.0,110.00,Directed
11.0_-63.0,10.0_-64.0,155.56,Directed
11.0_-63.0,11.0_-64.0,110.00,Directed
11.0_-63.0,11.0_-62.0,110.00,Directed
11.0_-63.0,12.0_-64.0,155.56,Directed
11.0_-63.0,12.0_-63.0,110.00,Directed
11.0_-63.0,12.0_-62.0,155.56,Directed
38.0_-133.0,37.0_-134.0,155.56,Directed
38.0_-133.0,38.0_-134.0,110.00,Directed
38.0_-133.0,39.0_-134.0,155.56,Directed
38.0_-133.0,39.0_-133.0,110.00,Directed
38.0_-133.0,39.0_-132.0,155.56,Directed
28.0_-144.0,27.0_-145.0,155.56,Directed
28.0_-144.0,28.0_-145.0,110.00,Directed
28.0_-144.0,29.0_-144.0,110.00,Directed
-1.0_-91.0,-2.0_-92.0,155.56,Directed
-1.0_-91.0,-2.0_-91.0,110.00,Directed
-1.0_-91.0,0.0_-90.0,155.56,Directed
56.0_-10.0,55.0_-11.0,155.56,Directed
56.0_-10.0,55.0_-10.0,110.00,Directed
56.0_-10.0,55.0_-9.0,155.56,Directed
56.0_-10.0,56.0_-11.0,110.00,Directed
56.0_-10.0,56.0_-9.0,110.00,Directed
56.0_-10.0,57.0_-11.0,155.56,Directed
56.0_-10.0,57.0_-10.0,110.00,Directed
56.0_-10.0,57.0_-9.0,155.56,Directed
58.0_-7.0,57.0_-8.0,155.56,Directed
58.0_-7.0,57.0_-7.0,110.00,Directed
58.0_-7.0,57.0_-6.0,155.56,Directed
58.0_-7.0,58.0_-8.0,110.00,Directed
58.0_-7.0,58.0_-6.0,110.00,Directed
58.0_-7.0,59.0_-8.0,155.56,Directed
58.0_-7.0,59.0_-7.0,110.00,Directed
58.0_-7.0,59.0_-6.0,155.56,Directed
18.0_-112.0,17.0_-113.0,155.56,Directed
18.0_-112.0,17.0_-112.0,110.00,Directed
18.0_-112.0,17.0_-111.0,155.56,Directed
18.0_-112.0,18.0_-111.0,110.00,Directed
18.0_-112.0,19.0_-111.0,155.56,Directed
17.0_-63.0,16.0_-64.0,155.56,Directed
17.0_-63.0,16.0_-63.0,110.00,Directed
17.0_-63.0,16.0_-62.0,155.56,Directed
17.0_-63.0,17.0_-64.0,110.00,Directed
17.0_-63.0,17.0_-62.0,110.00,Directed
17.0_-63.0,18.0_-64.0,155.56,Directed
17.0_-63.0,18.0_-62.0,155.56,Directed
38.0_11.0,37.0_11.0,110.00,Directed
38.0_11.0,37.0_12.0,155.56,Directed
38.0_11.0,38.0_10.0,110.00,Directed
38.0_11.0,38.0_12.0,110.00,Directed
38.0_11.0,39.0_11.0,110.00,Directed
38.0_11.0,39.0_12.0,155.56,Directed
-11.0_86.0,-12.0_85.0,155.56,Directed
-11.0_86.0,-12.0_86.0,110.00,Directed
-11.0_86.0,-12.0_87.0,155.56,Directed
-11.0_86.0,-11.0_87.0,110.00,Directed
-11.0_86.0,-10.0_86.0,110.00,Directed
-11.0_86.0,-10.0_87.0,155.56,Directed
34.0_-63.0,33.0_-64.0,155.56,Directed
34.0_-63.0,33.0_-63.0,110.00,Directed
34.0_-63.0,33.0_-62.0,155.56,Directed
34.0_-63.0,34.0_-64.0,110.00,Directed
34.0_-63.0,34.0_-62.0,110.00,Directed
34.0_-63.0,35.0_-64.0,155.56,Directed
34.0_-63.0,35.0_-63.0,110.00,Directed
34.0_-63.0,35.0_-62.0,155.56,Directed
25.0_-59.0,24.0_-60.0,155.56,Directed
25.0_-59.0,24.0_-59.0,110.00,Directed
25.0_-59.0,24.0_-58.0,155.56,Directed
25.0_-59.0,25.0_-60.0,110.00,Directed
25.0_-59.0,25.0_-58.0,110.00,Directed
25.0_-59.0,26.0_-60.0,155.56,Directed
25.0_-59.0,26.0_-59.0,110.00,Directed
25.0_-59.0,26.0_-58.0,155.56,Directed
2.0_-157.0,1.0_-158.0,155.56,Directed
2.0_-157.0,1.0_-157.0,110.00,Directed
2.0_-157.0,2.0_-158.0,110.00,Directed
2.0_-157.0,2.0_-156.0,110.00,Directed
2.0_-157.0,3.0_-158.0,155.56,Directed
2.0_-157.0,3.0_-157.0,110.00,Directed
2.0_-157.0,3.0_-156.0,155.56,Directed
26.0_-157.0,25.0_-158.0,155.56,Directed
26.0_-157.0,25.0_-157.0,110.00,Directed
26.0_-157.0,26.0_-158.0,110.00,Directed
26.0_-157.0,27.0_-158.0,155.56,Directed
26.0_-157.0,27.0_-157.0,110.00,Directed
5.0_-123.0,4.0_-124.0,155.56,Directed
5.0_-123.0,4.0_-123.0,110.00,Directed
5.0_-123.0,4.0_-122.0,155.56,Directed
5.0_-123.0,5.0_-122.0,110.00,Directed
5.0_-123.0,6.0_-123.0,110.00,Directed
5.0_-123.0,6.0_-122.0,155.56,Directed
19.0_-159.0,18.0_-160.0,155.56,Directed
19.0_-159.0,18.0_-159.0,110.00,Directed
19.0_-159.0,18.0_-158.0,155.56,Directed
19.0_-159.0,19.0_-160.0,110.00,Directed
19.0_-159.0,19.0_-158.0,110.00,Directed
19.0_-159.0,20.0_-159.0,110.00,Directed
19.0_-159.0,20.0_-158.0,155.56,Directed
36.0_-145.0,35.0_-146.0,155.56,Directed
36.0_-145.0,36.0_-146.0,110.00,Directed
36.0_-145.0,37.0_-144.0,155.56,Directed
28.0_-157.0,27.0_-158.0,155.56,Directed
28.0_-157.0,27.0_-157.0,110.00,Directed
28.0_-157.0,28.0_-158.0,110.00,Directed
28.0_-157.0,29.0_-158.0,155.56,Directed
28.0_-157.0,29.0_-157.0,110.00,Directed
28.0_-157.0,29.0_-156.0,155.56,Directed
37.0_-139.0,36.0_-139.0,110.00,Directed
37.0_-139.0,37.0_-140.0,110.00,Directed
37.0_-139.0,38.0_-140.0,155.56,Directed
37.0_-139.0,38.0_-139.0,110.00,Directed
37.0_-139.0,38.0_-138.0,155.56,Directed
-32.0_-7.0,-33.0_-6.0,155.56,Directed
-33.0_-6.0,-33.0_-5.0,110.00,Directed
-33.0_-6.0,-32.0_-7.0,155.56,Directed
40.0_-153.0,39.0_-154.0,155.56,Directed
40.0_-153.0,39.0_-153.0,110.00,Directed
40.0_-153.0,40.0_-152.0,110.00,Directed
31.0_-118.0,30.0_-118.0,110.00,Directed
31.0_-118.0,31.0_-119.0,110.00,Directed
31.0_-118.0,32.0_-119.0,155.56,Directed
31.0_-118.0,32.0_-118.0,110.00,Directed
30.0_-70.0,29.0_-71.0,155.56,Directed
30.0_-70.0,29.0_-70.0,110.00,Directed
30.0_-70.0,29.0_-69.0,155.56,Directed
30.0_-70.0,30.0_-71.0,110.00,Directed
30.0_-70.0,30.0_-69.0,110.00,Directed
30.0_-70.0,31.0_-71.0,155.56,Directed
30.0_-70.0,31.0_-70.0,110.00,Directed
30.0_-70.0,31.0_-69.0,155.56,Directed
-5.0_-147.0,-6.0_-146.0,155.56,Directed
-5.0_-147.0,-5.0_-146.0,110.00,Directed
-5.0_-147.0,-4.0_-148.0,155.56,Directed
32.0_-165.0,31.0_-165.0,110.00,Directed
32.0_-165.0,31.0_-164.0,155.56,Directed
32.0_-165.0,32.0_-166.0,110.00,Directed
32.0_-165.0,32.0_-164.0,110.00,Directed
32.0_-165.0,33.0_-165.0,110.00,Directed
21.0_-66.0,20.0_-66.0,110.00,Directed
21.0_-66.0,20.0_-65.0,155.56,Directed
21.0_-66.0,21.0_-65.0,110.00,Directed
21.0_-66.0,22.0_-66.0,110.00,Directed
21.0_-66.0,22.0_-65.0,155.56,Directed
8.0_-136.0,7.0_-136.0,110.00,Directed
8.0_-136.0,8.0_-135.0,110.00,Directed
8.0_-136.0,9.0_-135.0,155.56,Directed
-8.0_-125.0,-9.0_-126.0,155.56,Directed
-8.0_-125.0,-9.0_-124.0,155.56,Directed
30.0_-177.0,29.0_-177.0,110.00,Directed
30.0_-177.0,29.0_-176.0,155.56,Directed
30.0_-177.0,30.0_-176.0,110.00,Directed
33.0_-155.0,32.0_-156.0,155.56,Directed
33.0_-155.0,32.0_-155.0,110.00,Directed
33.0_-155.0,33.0_-156.0,110.00,Directed
33.0_-155.0,34.0_-156.0,155.56,Directed
33.0_-155.0,34.0_-154.0,155.56,Directed
38.0_141.0,37.0_141.0,110.00,Directed
38.0_141.0,37.0_142.0,155.56,Directed
38.0_141.0,38.0_142.0,110.00,Directed
38.0_141.0,39.0_141.0,110.00,Directed
38.0_141.0,39.0_142.0,155.56,Directed
48.0_-5.0,47.0_-6.0,155.56,Directed
48.0_-5.0,47.0_-5.0,110.00,Directed
48.0_-5.0,47.0_-4.0,155.56,Directed
48.0_-5.0,48.0_-6.0,110.00,Directed
48.0_-5.0,49.0_-6.0,155.56,Directed
48.0_-5.0,49.0_-5.0,110.00,Directed
-55.0_134.0,-56.0_134.0,110.00,Directed
-55.0_134.0,-55.0_133.0,110.00,Directed
15.0_-130.0,14.0_-131.0,155.56,Directed
15.0_-130.0,14.0_-130.0,110.00,Directed
15.0_-130.0,16.0_-130.0,110.00,Directed
15.0_-130.0,16.0_-129.0,155.56,Directed
9.0_-161.0,8.0_-162.0,155.56,Directed
9.0_-161.0,8.0_-161.0,110.00,Directed
9.0_-161.0,9.0_-162.0,110.00,Directed
9.0_-161.0,9.0_-160.0,110.00,Directed
9.0_-161.0,10.0_-162.0,155.56,Directed
9.0_-161.0,10.0_-161.0,110.00,Directed
9.0_-161.0,10.0_-160.0,155.56,Directed
2.0_140.0,2.0_139.0,110.00,Directed
2.0_140.0,2.0_141.0,110.00,Directed
2.0_140.0,3.0_140.0,110.00,Directed
19.0_-128.0,18.0_-128.0,110.00,Directed
19.0_-128.0,20.0_-128.0,110.00,Directed
-13.0_130.0,-13.0_129.0,110.00,Directed
12.0_-71.0,12.0_-70.0,110.00,Directed
12.0_-71.0,13.0_-72.0,155.56,Directed
12.0_-71.0,13.0_-71.0,110.00,Directed
12.0_-71.0,13.0_-70.0,155.56,Directed
-8.0_-138.0,-9.0_-139.0,155.56,Directed
-8.0_-138.0,-9.0_-138.0,110.00,Directed
-8.0_-138.0,-8.0_-137.0,110.00,Directed
-8.0_-138.0,-7.0_-137.0,155.56,Directed
7.0_-155.0,6.0_-156.0,155.56,Directed
7.0_-155.0,6.0_-155.0,110.00,Directed
7.0_-155.0,7.0_-156.0,110.00,Directed
7.0_-155.0,8.0_-156.0,155.56,Directed
7.0_-155.0,8.0_-155.0,110.00,Directed
7.0_-155.0,8.0_-154.0,155.56,Directed
24.0_-60.0,23.0_-61.0,155.56,Directed
24.0_-60.0,23.0_-60.0,110.00,Directed
24.0_-60.0,23.0_-59.0,155.56,Directed
24.0_-60.0,24.0_-61.0,110.00,Directed
24.0_-60.0,24.0_-59.0,110.00,Directed
24.0_-60.0,25.0_-61.0,155.56,Directed
24.0_-60.0,25.0_-60.0,110.00,Directed
24.0_-60.0,25.0_-59.0,155.56,Directed
21.0_118.0,20.0_119.0,155.56,Directed
21.0_118.0,21.0_119.0,110.00,Directed
39.0_23.0,38.0_23.0,110.00,Directed
39.0_23.0,39.0_24.0,110.00,Directed
23.0_-61.0,22.0_-62.0,155.56,Directed
23.0_-61.0,22.0_-61.0,110.00,Directed
23.0_-61.0,22.0_-60.0,155.56,Directed
23.0_-61.0,23.0_-62.0,110.00,Directed
23.0_-61.0,23.0_-60.0,110.00,Directed
23.0_-61.0,24.0_-61.0,110.00,Directed
23.0_-61.0,24.0_-60.0,155.56,Directed
31.0_-70.0,30.0_-71.0,155.56,Directed
31.0_-70.0,30.0_-70.0,110.00,Directed
31.0_-70.0,30.0_-69.0,155.56,Directed
31.0_-70.0,31.0_-71.0,110.00,Directed
31.0_-70.0,31.0_-69.0,110.00,Directed
31.0_-70.0,32.0_-70.0,110.00,Directed
31.0_-70.0,32.0_-69.0,155.56,Directed
20.0_-58.0,19.0_-59.0,155.56,Directed
20.0_-58.0,19.0_-58.0,110.00,Directed
20.0_-58.0,20.0_-59.0,110.00,Directed
20.0_-58.0,20.0_-57.0,110.00,Directed
20.0_-58.0,21.0_-59.0,155.56,Directed
20.0_-58.0,21.0_-58.0,110.00,Directed
20.0_-58.0,21.0_-57.0,155.56,Directed
30.0_122.0,29.0_122.0,110.00,Directed
30.0_122.0,30.0_123.0,110.00,Directed
30.0_122.0,31.0_122.0,110.00,Directed
30.0_122.0,31.0_123.0,155.56,Directed
26.0_-126.0,25.0_-126.0,110.00,Directed
26.0_-126.0,26.0_-127.0,110.00,Directed
26.0_-126.0,27.0_-127.0,155.56,Directed
26.0_-126.0,27.0_-125.0,155.56,Directed
38.0_-68.0,37.0_-69.0,155.56,Directed
38.0_-68.0,37.0_-68.0,110.00,Directed
38.0_-68.0,37.0_-67.0,155.56,Directed
38.0_-68.0,38.0_-69.0,110.00,Directed
38.0_-68.0,38.0_-67.0,110.00,Directed
38.0_-68.0,39.0_-69.0,155.56,Directed
38.0_-68.0,39.0_-68.0,110.00,Directed
38.0_-68.0,39.0_-67.0,155.56,Directed
22.0_-66.0,21.0_-66.0,110.00,Directed
22.0_-66.0,21.0_-65.0,155.56,Directed
22.0_-66.0,22.0_-65.0,110.00,Directed
22.0_-66.0,23.0_-66.0,110.00,Directed
22.0_-66.0,23.0_-65.0,155.56,Directed
32.0_130.0,31.0_129.0,155.56,Directed
32.0_130.0,31.0_130.0,110.00,Directed
32.0_130.0,31.0_131.0,155.56,Directed
32.0_130.0,32.0_129.0,110.00,Directed
32.0_130.0,33.0_129.0,155.56,Directed
32.0_130.0,33.0_130.0,110.00,Directed
32.0_130.0,33.0_131.0,155.56,Directed
-1.0_-130.0,-2.0_-130.0,110.00,Directed
-1.0_-130.0,-1.0_-131.0,110.00,Directed
-1.0_-130.0,-1.0_-129.0,110.00,Directed
-1.0_-130.0,0.0_-131.0,155.56,Directed
-1.0_-130.0,0.0_-130.0,110.00,Directed
-1.0_-130.0,0.0_-129.0,155.56,Directed
59.0_-7.0,58.0_-8.0,155.56,Directed
59.0_-7.0,58.0_-7.0,110.00,Directed
59.0_-7.0,58.0_-6.0,155.56,Directed
59.0_-7.0,59.0_-8.0,110.00,Directed
59.0_-7.0,59.0_-6.0,110.00,Directed
59.0_-7.0,60.0_-7.0,110.00,Directed
59.0_-7.0,60.0_-6.0,155.56,Directed
26.0_-58.0,25.0_-59.0,155.56,Directed
26.0_-58.0,25.0_-58.0,110.00,Directed
26.0_-58.0,25.0_-57.0,155.56,Directed
26.0_-58.0,26.0_-59.0,110.00,Directed
26.0_-58.0,26.0_-57.0,110.00,Directed
26.0_-58.0,27.0_-59.0,155.56,Directed
26.0_-58.0,27.0_-58.0,110.00,Directed
26.0_-58.0,27.0_-57.0,155.56,Directed
43.0_132.0,42.0_131.0,155.56,Directed
43.0_132.0,42.0_132.0,110.00,Directed
43.0_132.0,43.0_131.0,110.00,Directed
0.0_-160.0,-1.0_-161.0,155.56,Directed
0.0_-160.0,-1.0_-160.0,110.00,Directed
0.0_-160.0,-1.0_-159.0,155.56,Directed
0.0_-160.0,0.0_-161.0,110.00,Directed
0.0_-160.0,0.0_-159.0,110.00,Directed
0.0_-160.0,1.0_-161.0,155.56,Directed
0.0_-160.0,1.0_-160.0,110.00,Directed
0.0_-160.0,1.0_-159.0,155.56,Directed
15.0_-156.0,14.0_-157.0,155.56,Directed
15.0_-156.0,16.0_-157.0,155.56,Directed
36.0_-70.0,35.0_-70.0,110.00,Directed
36.0_-70.0,35.0_-69.0,155.56,Directed
36.0_-70.0,36.0_-69.0,110.00,Directed
36.0_-70.0,37.0_-70.0,110.00,Directed
36.0_-70.0,37.0_-69.0,155.56,Directed
35.0_-62.0,34.0_-63.0,155.56,Directed
35.0_-62.0,34.0_-62.0,110.00,Directed
35.0_-62.0,34.0_-61.0,155.56,Directed
35.0_-62.0,35.0_-63.0,110.00,Directed
35.0_-62.0,35.0_-61.0,110.00,Directed
35.0_-62.0,36.0_-63.0,155.56,Directed
35.0_-62.0,36.0_-61.0,155.56,Directed
41.0_138.0,40.0_137.0,155.56,Directed
41.0_138.0,40.0_138.0,110.00,Directed
41.0_138.0,40.0_139.0,155.56,Directed
41.0_138.0,41.0_137.0,110.00,Directed
41.0_138.0,41.0_139.0,110.00,Directed
41.0_138.0,42.0_138.0,110.00,Directed
-1.0_-143.0,-2.0_-144.0,155.56,Directed
-1.0_-143.0,-2.0_-143.0,110.00,Directed
-1.0_-143.0,-2.0_-142.0,155.56,Directed
-1.0_-143.0,-1.0_-144.0,110.00,Directed
-1.0_-143.0,-1.0_-142.0,110.00,Directed
-1.0_-143.0,0.0_-144.0,155.56,Directed
-1.0_-143.0,0.0_-143.0,110.00,Directed
-1.0_-143.0,0.0_-142.0,155.56,Directed
29.0_-60.0,28.0_-61.0,155.56,Directed
29.0_-60.0,28.0_-60.0,110.00,Directed
29.0_-60.0,28.0_-59.0,155.56,Directed
29.0_-60.0,29.0_-61.0,110.00,Directed
29.0_-60.0,29.0_-59.0,110.00,Directed
29.0_-60.0,30.0_-61.0,155.56,Directed
29.0_-60.0,30.0_-60.0,110.00,Directed
29.0_-60.0,30.0_-59.0,155.56,Directed
16.0_-64.0,15.0_-65.0,155.56,Directed
16.0_-64.0,15.0_-64.0,110.00,Directed
16.0_-64.0,15.0_-63.0,155.56,Directed
16.0_-64.0,16.0_-65.0,110.00,Directed
16.0_-64.0,16.0_-63.0,110.00,Directed
16.0_-64.0,17.0_-65.0,155.56,Directed
16.0_-64.0,17.0_-64.0,110.00,Directed
16.0_-64.0,17.0_-63.0,155.56,Directed
23.0_-74.0,22.0_-75.0,155.56,Directed
23.0_-74.0,22.0_-74.0,110.00,Directed
23.0_-74.0,22.0_-73.0,155.56,Directed
23.0_-74.0,23.0_-75.0,110.00,Directed
23.0_-74.0,23.0_-73.0,110.00,Directed
23.0_-74.0,24.0_-75.0,155.56,Directed
23.0_-74.0,24.0_-74.0,110.00,Directed
23.0_-74.0,24.0_-73.0,155.56,Directed
39.0_-31.0,39.0_-32.0,110.00,Directed
33.0_-168.0,32.0_-168.0,110.00,Directed
33.0_-168.0,32.0_-167.0,155.56,Directed
33.0_-168.0,33.0_-169.0,110.00,Directed
27.0_-160.0,26.0_-161.0,155.56,Directed
27.0_-160.0,26.0_-160.0,110.00,Directed
27.0_-160.0,26.0_-159.0,155.56,Directed
27.0_-160.0,27.0_-159.0,110.00,Directed
27.0_-160.0,28.0_-161.0,155.56,Directed
27.0_-160.0,28.0_-160.0,110.00,Directed
-13.0_143.0,-14.0_144.0,155.56,Directed
-13.0_143.0,-12.0_143.0,110.00,Directed
27.0_-66.0,26.0_-66.0,110.00,Directed
27.0_-66.0,26.0_-65.0,155.56,Directed
27.0_-66.0,27.0_-67.0,110.00,Directed
27.0_-66.0,27.0_-65.0,110.00,Directed
27.0_-66.0,28.0_-67.0,155.56,Directed
27.0_-66.0,28.0_-66.0,110.00,Directed
27.0_-66.0,28.0_-65.0,155.56,Directed
17.0_-109.0,16.0_-110.0,155.56,Directed
17.0_-109.0,16.0_-109.0,110.00,Directed
17.0_-109.0,17.0_-110.0,110.00,Directed
17.0_-109.0,18.0_-110.0,155.56,Directed
17.0_-109.0,18.0_-109.0,110.00,Directed
17.0_-109.0,18.0_-108.0,155.56,Directed
36.0_-158.0,35.0_-157.0,155.56,Directed
36.0_-158.0,37.0_-157.0,155.56,Directed
28.0_-52.0,28.0_-51.0,110.00,Directed
43.0_-80.0,42.0_-81.0,155.56,Directed
43.0_-80.0,42.0_-80.0,110.00,Directed
43.0_-80.0,43.0_-79.0,110.00,Directed
69.0_50.0,69.0_49.0,110.00,Directed
18.0_-156.0,17.0_-157.0,155.56,Directed
18.0_-156.0,17.0_-156.0,110.00,Directed
18.0_-156.0,17.0_-155.0,155.56,Directed
18.0_-156.0,18.0_-157.0,110.00,Directed
18.0_-156.0,19.0_-157.0,155.56,Directed
18.0_-156.0,19.0_-156.0,110.00,Directed
18.0_-156.0,19.0_-155.0,155.56,Directed
4.0_-120.0,3.0_-121.0,155.56,Directed
4.0_-120.0,4.0_-121.0,110.00,Directed
4.0_-120.0,5.0_-121.0,155.56,Directed
4.0_-120.0,5.0_-119.0,155.56,Directed
32.0_-68.0,31.0_-69.0,155.56,Directed
32.0_-68.0,31.0_-68.0,110.00,Directed
32.0_-68.0,31.0_-67.0,155.56,Directed
32.0_-68.0,32.0_-69.0,110.00,Directed
32.0_-68.0,32.0_-67.0,110.00,Directed
32.0_-68.0,33.0_-67.0,155.56,Directed
12.0_-134.0,11.0_-135.0,155.56,Directed
12.0_-134.0,11.0_-134.0,110.00,Directed
12.0_-134.0,11.0_-133.0,155.56,Directed
12.0_-134.0,12.0_-133.0,110.00,Directed
12.0_-134.0,13.0_-134.0,110.00,Directed
50.0_1.0,49.0_0.0,155.56,Directed
50.0_1.0,50.0_0.0,110.00,Directed
50.0_1.0,51.0_1.0,110.00,Directed
10.0_-150.0,9.0_-150.0,110.00,Directed
10.0_-150.0,11.0_-150.0,110.00,Directed
10.0_-150.0,11.0_-149.0,155.56,Directed
76.0_18.0,76.0_17.0,110.00,Directed
18.0_136.0,17.0_135.0,155.56,Directed
44.0_-61.0,43.0_-62.0,155.56,Directed
44.0_-61.0,43.0_-61.0,110.00,Directed
44.0_-61.0,43.0_-60.0,155.56,Directed
44.0_-61.0,44.0_-62.0,110.00,Directed
44.0_-61.0,44.0_-60.0,110.00,Directed
44.0_-61.0,45.0_-61.0,110.00,Directed
44.0_-61.0,45.0_-60.0,155.56,Directed
53.0_-12.0,52.0_-13.0,155.56,Directed
53.0_-12.0,52.0_-12.0,110.00,Directed
53.0_-12.0,52.0_-11.0,155.56,Directed
53.0_-12.0,53.0_-13.0,110.00,Directed
53.0_-12.0,53.0_-11.0,110.00,Directed
53.0_-12.0,54.0_-13.0,155.56,Directed
53.0_-12.0,54.0_-12.0,110.00,Directed
53.0_-12.0,54.0_-11.0,155.56,Directed
-1.0_-144.0,-2.0_-145.0,155.56,Directed
-1.0_-144.0,-2.0_-144.0,110.00,Directed
-1.0_-144.0,-2.0_-143.0,155.56,Directed
-1.0_-144.0,-1.0_-143.0,110.00,Directed
-1.0_-144.0,0.0_-144.0,110.00,Directed
-1.0_-144.0,0.0_-143.0,155.56,Directed
29.0_-121.0,29.0_-122.0,110.00,Directed
29.0_-121.0,29.0_-120.0,110.00,Directed
29.0_-121.0,30.0_-122.0,155.56,Directed
29.0_-121.0,30.0_-121.0,110.00,Directed
41.0_-72.0,40.0_-73.0,155.56,Directed
41.0_-72.0,40.0_-72.0,110.00,Directed
41.0_-72.0,40.0_-71.0,155.56,Directed
41.0_-72.0,41.0_-71.0,110.00,Directed
41.0_-72.0,42.0_-71.0,155.56,Directed
37.0_-157.0,36.0_-158.0,155.56,Directed
37.0_-157.0,37.0_-156.0,110.00,Directed
17.0_-157.0,16.0_-158.0,155.56,Directed
17.0_-157.0,16.0_-157.0,110.00,Directed
17.0_-157.0,17.0_-158.0,110.00,Directed
17.0_-157.0,17.0_-156.0,110.00,Directed
17.0_-157.0,18.0_-158.0,155.56,Directed
17.0_-157.0,18.0_-157.0,110.00,Directed
17.0_-157.0,18.0_-156.0,155.56,Directed
31.0_-153.0,30.0_-154.0,155.56,Directed
31.0_-153.0,30.0_-153.0,110.00,Directed
31.0_-153.0,31.0_-152.0,110.00,Directed
31.0_-153.0,32.0_-152.0,155.56,Directed
40.0_-179.0,39.0_-180.0,155.56,Directed
29.0_-73.0,28.0_-74.0,155.56,Directed
29.0_-73.0,28.0_-73.0,110.00,Directed
29.0_-73.0,28.0_-72.0,155.56,Directed
29.0_-73.0,29.0_-74.0,110.00,Directed
29.0_-73.0,29.0_-72.0,110.00,Directed
29.0_-73.0,30.0_-74.0,155.56,Directed
29.0_-73.0,30.0_-73.0,110.00,Directed
29.0_-73.0,30.0_-72.0,155.56,Directed
51.0_-8.0,50.0_-9.0,155.56,Directed
51.0_-8.0,50.0_-8.0,110.00,Directed
51.0_-8.0,50.0_-7.0,155.56,Directed
51.0_-8.0,51.0_-9.0,110.00,Directed
51.0_-8.0,51.0_-7.0,110.00,Directed
51.0_-8.0,52.0_-8.0,110.00,Directed
51.0_-8.0,52.0_-7.0,155.56,Directed
-2.0_-159.0,-3.0_-158.0,155.56,Directed
-2.0_-159.0,-2.0_-158.0,110.00,Directed
-2.0_-159.0,-1.0_-160.0,155.56,Directed
-2.0_-159.0,-1.0_-159.0,110.00,Directed
-2.0_-159.0,-1.0_-158.0,155.56,Directed
28.0_-78.0,27.0_-79.0,155.56,Directed
28.0_-78.0,27.0_-78.0,110.00,Directed
28.0_-78.0,27.0_-77.0,155.56,Directed
28.0_-78.0,28.0_-79.0,110.00,Directed
28.0_-78.0,28.0_-77.0,110.00,Directed
28.0_-78.0,29.0_-79.0,155.56,Directed
28.0_-78.0,29.0_-78.0,110.00,Directed
28.0_-78.0,29.0_-77.0,155.56,Directed
15.0_-73.0,14.0_-74.0,155.56,Directed
15.0_-73.0,14.0_-72.0,155.56,Directed
15.0_-73.0,15.0_-74.0,110.00,Directed
15.0_-73.0,15.0_-72.0,110.00,Directed
15.0_-73.0,16.0_-74.0,155.56,Directed
15.0_-73.0,16.0_-73.0,110.00,Directed
15.0_-73.0,16.0_-72.0,155.56,Directed
33.0_-137.0,32.0_-138.0,155.56,Directed
33.0_-137.0,32.0_-137.0,110.00,Directed
33.0_-137.0,32.0_-136.0,155.56,Directed
33.0_-137.0,33.0_-136.0,110.00,Directed
24.0_-155.0,23.0_-156.0,155.56,Directed
24.0_-155.0,23.0_-154.0,155.56,Directed
24.0_-155.0,24.0_-156.0,110.00,Directed
24.0_-155.0,25.0_-155.0,110.00,Directed
0.0_-130.0,-1.0_-131.0,155.56,Directed
0.0_-130.0,-1.0_-130.0,110.00,Directed
0.0_-130.0,-1.0_-129.0,155.56,Directed
0.0_-130.0,0.0_-131.0,110.00,Directed
0.0_-130.0,0.0_-129.0,110.00,Directed
0.0_-130.0,1.0_-130.0,110.00,Directed
0.0_-130.0,1.0_-129.0,155.56,Directed
39.0_18.0,38.0_18.0,110.00,Directed
39.0_18.0,39.0_17.0,110.00,Directed
39.0_18.0,39.0_19.0,110.00,Directed
39.0_18.0,40.0_17.0,155.56,Directed
39.0_18.0,40.0_18.0,110.00,Directed
39.0_18.0,40.0_19.0,155.56,Directed
-27.0_-116.0,-27.0_-117.0,110.00,Directed
-27.0_-116.0,-27.0_-115.0,110.00,Directed
31.0_-140.0,30.0_-141.0,155.56,Directed
31.0_-140.0,31.0_-141.0,110.00,Directed
31.0_-140.0,32.0_-141.0,155.56,Directed
31.0_-140.0,32.0_-140.0,110.00,Directed
31.0_-140.0,32.0_-139.0,155.56,Directed
30.0_136.0,29.0_135.0,155.56,Directed
30.0_136.0,30.0_135.0,110.00,Directed
30.0_136.0,30.0_137.0,110.00,Directed
30.0_136.0,31.0_135.0,155.56,Directed
30.0_136.0,31.0_136.0,110.00,Directed
30.0_136.0,31.0_137.0,155.56,Directed
-1.0_-157.0,-2.0_-158.0,155.56,Directed
-1.0_-157.0,-2.0_-157.0,110.00,Directed
-1.0_-157.0,-1.0_-158.0,110.00,Directed
-1.0_-157.0,0.0_-158.0,155.56,Directed
-1.0_-157.0,0.0_-157.0,110.00,Directed
30.0_-40.0,29.0_-40.0,110.00,Directed
30.0_-40.0,31.0_-41.0,155.56,Directed
32.0_-134.0,32.0_-135.0,110.00,Directed
32.0_-134.0,32.0_-133.0,110.00,Directed
32.0_-134.0,33.0_-135.0,155.56,Directed
32.0_-134.0,33.0_-134.0,110.00,Directed
32.0_-134.0,33.0_-133.0,155.56,Directed
28.0_-65.0,27.0_-66.0,155.56,Directed
28.0_-65.0,27.0_-65.0,110.00,Directed
28.0_-65.0,27.0_-64.0,155.56,Directed
28.0_-65.0,28.0_-66.0,110.00,Directed
28.0_-65.0,28.0_-64.0,110.00,Directed
28.0_-65.0,29.0_-66.0,155.56,Directed
28.0_-65.0,29.0_-65.0,110.00,Directed
28.0_-65.0,29.0_-64.0,155.56,Directed
33.0_-124.0,32.0_-125.0,155.56,Directed
33.0_-124.0,32.0_-124.0,110.00,Directed
33.0_-124.0,32.0_-123.0,155.56,Directed
33.0_-124.0,33.0_-125.0,110.00,Directed
33.0_-124.0,33.0_-123.0,110.00,Directed
33.0_-124.0,34.0_-125.0,155.56,Directed
33.0_-124.0,34.0_-123.0,155.56,Directed
0.0_-143.0,-1.0_-144.0,155.56,Directed
0.0_-143.0,-1.0_-143.0,110.00,Directed
0.0_-143.0,-1.0_-142.0,155.56,Directed
0.0_-143.0,0.0_-144.0,110.00,Directed
0.0_-143.0,0.0_-142.0,110.00,Directed
0.0_-143.0,1.0_-144.0,155.56,Directed
0.0_-143.0,1.0_-143.0,110.00,Directed
16.0_-81.0,15.0_-82.0,155.56,Directed
16.0_-81.0,16.0_-82.0,110.00,Directed
16.0_-81.0,16.0_-80.0,110.00,Directed
16.0_-81.0,17.0_-82.0,155.56,Directed
16.0_-81.0,17.0_-81.0,110.00,Directed
16.0_-81.0,17.0_-80.0,155.56,Directed
38.0_119.0,39.0_120.0,155.56,Directed
36.0_135.0,35.0_134.0,155.56,Directed
36.0_135.0,35.0_135.0,110.00,Directed
36.0_135.0,36.0_134.0,110.00,Directed
36.0_135.0,36.0_136.0,110.00,Directed
36.0_135.0,37.0_134.0,155.56,Directed
36.0_135.0,37.0_135.0,110.00,Directed
36.0_135.0,37.0_136.0,155.56,Directed
53.0_-168.0,54.0_-168.0,110.00,Directed
53.0_-168.0,54.0_-167.0,155.56,Directed
23.0_-60.0,22.0_-61.0,155.56,Directed
23.0_-60.0,22.0_-60.0,110.00,Directed
23.0_-60.0,22.0_-59.0,155.56,Directed
23.0_-60.0,23.0_-61.0,110.00,Directed
23.0_-60.0,23.0_-59.0,110.00,Directed
23.0_-60.0,24.0_-61.0,155.56,Directed
23.0_-60.0,24.0_-60.0,110.00,Directed
23.0_-60.0,24.0_-59.0,155.56,Directed
49.0_-12.0,48.0_-13.0,155.56,Directed
49.0_-12.0,48.0_-12.0,110.00,Directed
49.0_-12.0,48.0_-11.0,155.56,Directed
49.0_-12.0,49.0_-13.0,110.00,Directed
49.0_-12.0,49.0_-11.0,110.00,Directed
49.0_-12.0,50.0_-13.0,155.56,Directed
49.0_-12.0,50.0_-12.0,110.00,Directed
49.0_-12.0,50.0_-11.0,155.56,Directed
43.0_-6.0,43.0_-7.0,110.00,Directed
43.0_-6.0,43.0_-5.0,110.00,Directed
36.0_-65.0,35.0_-66.0,155.56,Directed
36.0_-65.0,35.0_-65.0,110.00,Directed
36.0_-65.0,35.0_-64.0,155.56,Directed
36.0_-65.0,36.0_-66.0,110.00,Directed
36.0_-65.0,36.0_-64.0,110.00,Directed
36.0_-65.0,37.0_-66.0,155.56,Directed
36.0_-65.0,37.0_-65.0,110.00,Directed
36.0_-65.0,37.0_-64.0,155.56,Directed
2.0_-127.0,1.0_-128.0,155.56,Directed
2.0_-127.0,1.0_-127.0,110.00,Directed
2.0_-127.0,1.0_-126.0,155.56,Directed
2.0_-127.0,2.0_-126.0,110.00,Directed
2.0_-127.0,3.0_-128.0,155.56,Directed
2.0_-127.0,3.0_-126.0,155.56,Directed
-7.0_-135.0,-8.0_-136.0,155.56,Directed
-7.0_-135.0,-7.0_-136.0,110.00,Directed
-7.0_-135.0,-6.0_-136.0,155.56,Directed
-7.0_-135.0,-6.0_-135.0,110.00,Directed
-7.0_-135.0,-6.0_-134.0,155.56,Directed
47.0_-6.0,46.0_-7.0,155.56,Directed
47.0_-6.0,46.0_-6.0,110.00,Directed
47.0_-6.0,46.0_-5.0,155.56,Directed
47.0_-6.0,47.0_-7.0,110.00,Directed
47.0_-6.0,47.0_-5.0,110.00,Directed
47.0_-6.0,48.0_-7.0,155.56,Directed
47.0_-6.0,48.0_-6.0,110.00,Directed
47.0_-6.0,48.0_-5.0,155.56,Directed
40.0_-64.0,39.0_-65.0,155.56,Directed
40.0_-64.0,39.0_-64.0,110.00,Directed
40.0_-64.0,39.0_-63.0,155.56,Directed
40.0_-64.0,40.0_-65.0,110.00,Directed
40.0_-64.0,40.0_-63.0,110.00,Directed
40.0_-64.0,41.0_-65.0,155.56,Directed
40.0_-64.0,41.0_-64.0,110.00,Directed
40.0_-64.0,41.0_-63.0,155.56,Directed
30.0_-150.0,29.0_-151.0,155.56,Directed
30.0_-150.0,30.0_-151.0,110.00,Directed
30.0_-150.0,30.0_-149.0,110.00,Directed
30.0_-150.0,31.0_-150.0,110.00,Directed
30.0_-150.0,31.0_-149.0,155.56,Directed
34.0_-126.0,33.0_-127.0,155.56,Directed
34.0_-126.0,33.0_-126.0,110.00,Directed
34.0_-126.0,33.0_-125.0,155.56,Directed
34.0_-126.0,34.0_-125.0,110.00,Directed
34.0_-126.0,35.0_-125.0,155.56,Directed
37.0_12.0,36.0_11.0,155.56,Directed
37.0_12.0,36.0_12.0,110.00,Directed
37.0_12.0,37.0_11.0,110.00,Directed
37.0_12.0,37.0_13.0,110.00,Directed
37.0_12.0,38.0_11.0,155.56,Directed
37.0_12.0,38.0_12.0,110.00,Directed
37.0_12.0,38.0_13.0,155.56,Directed
6.0_-121.0,5.0_-122.0,155.56,Directed
6.0_-121.0,5.0_-121.0,110.00,Directed
6.0_-121.0,6.0_-122.0,110.00,Directed
6.0_-121.0,7.0_-122.0,155.56,Directed
6.0_-121.0,7.0_-121.0,110.00,Directed
6.0_-121.0,7.0_-120.0,155.56,Directed
53.0_-137.0,53.0_-136.0,110.00,Directed
53.0_-137.0,54.0_-136.0,155.56,Directed
21.0_-159.0,20.0_-159.0,110.00,Directed
21.0_-159.0,20.0_-158.0,155.56,Directed
21.0_-159.0,21.0_-158.0,110.00,Directed
21.0_-159.0,22.0_-160.0,155.56,Directed
21.0_-159.0,22.0_-159.0,110.00,Directed
21.0_-159.0,22.0_-158.0,155.56,Directed
18.0_-84.0,17.0_-85.0,155.56,Directed
18.0_-84.0,17.0_-84.0,110.00,Directed
18.0_-84.0,17.0_-83.0,155.56,Directed
18.0_-84.0,18.0_-85.0,110.00,Directed
18.0_-84.0,18.0_-83.0,110.00,Directed
18.0_-84.0,19.0_-85.0,155.56,Directed
1.0_-159.0,0.0_-160.0,155.56,Directed
1.0_-159.0,0.0_-159.0,110.00,Directed
1.0_-159.0,0.0_-158.0,155.56,Directed
1.0_-159.0,1.0_-160.0,110.00,Directed
1.0_-159.0,1.0_-158.0,110.00,Directed
1.0_-159.0,2.0_-160.0,155.56,Directed
1.0_-159.0,2.0_-159.0,110.00,Directed
1.0_-159.0,2.0_-158.0,155.56,Directed
16.0_-110.0,15.0_-111.0,155.56,Directed
16.0_-110.0,16.0_-111.0,110.00,Directed
16.0_-110.0,16.0_-109.0,110.00,Directed
16.0_-110.0,17.0_-111.0,155.56,Directed
16.0_-110.0,17.0_-110.0,110.00,Directed
16.0_-110.0,17.0_-109.0,155.56,Directed
5.0_-122.0,4.0_-123.0,155.56,Directed
5.0_-122.0,4.0_-122.0,110.00,Directed
5.0_-122.0,4.0_-121.0,155.56,Directed
5.0_-122.0,5.0_-123.0,110.00,Directed
5.0_-122.0,5.0_-121.0,110.00,Directed
5.0_-122.0,6.0_-123.0,155.56,Directed
5.0_-122.0,6.0_-122.0,110.00,Directed
5.0_-122.0,6.0_-121.0,155.56,Directed
-35.0_7.0,-35.0_6.0,110.00,Directed
-35.0_7.0,-35.0_8.0,110.00,Directed
25.0_-110.0,24.0_-111.0,155.56,Directed
25.0_-110.0,24.0_-110.0,110.00,Directed
25.0_-110.0,24.0_-109.0,155.56,Directed
25.0_-110.0,25.0_-111.0,110.00,Directed
25.0_-110.0,26.0_-111.0,155.56,Directed
43.0_-130.0,42.0_-131.0,155.56,Directed
43.0_-130.0,42.0_-130.0,110.00,Directed
43.0_-130.0,42.0_-129.0,155.56,Directed
43.0_-130.0,44.0_-130.0,110.00,Directed
42.0_141.0,41.0_140.0,155.56,Directed
42.0_141.0,41.0_141.0,110.00,Directed
42.0_141.0,41.0_142.0,155.56,Directed
42.0_141.0,42.0_140.0,110.00,Directed
42.0_141.0,42.0_142.0,110.00,Directed
42.0_141.0,43.0_140.0,155.56,Directed
42.0_141.0,43.0_141.0,110.00,Directed
7.0_-124.0,6.0_-125.0,155.56,Directed
7.0_-124.0,6.0_-123.0,155.56,Directed
7.0_-124.0,7.0_-123.0,110.00,Directed
7.0_-124.0,8.0_-124.0,110.00,Directed
-15.0_-1.0,-14.0_-2.0,155.56,Directed
-4.0_-10.0,-3.0_-11.0,155.56,Directed
38.0_-147.0,38.0_-148.0,110.00,Directed
38.0_-147.0,38.0_-146.0,110.00,Directed
38.0_-147.0,39.0_-148.0,155.56,Directed
38.0_-147.0,39.0_-146.0,155.56,Directed
40.0_-135.0,39.0_-136.0,155.56,Directed
40.0_-135.0,39.0_-135.0,110.00,Directed
40.0_-135.0,39.0_-134.0,155.56,Directed
40.0_-135.0,40.0_-136.0,110.00,Directed
40.0_-135.0,40.0_-134.0,110.00,Directed
33.0_137.0,32.0_136.0,155.56,Directed
33.0_137.0,32.0_137.0,110.00,Directed
33.0_137.0,32.0_138.0,155.56,Directed
33.0_137.0,33.0_136.0,110.00,Directed
33.0_137.0,33.0_138.0,110.00,Directed
33.0_137.0,34.0_136.0,155.56,Directed
33.0_137.0,34.0_137.0,110.00,Directed
33.0_137.0,34.0_138.0,155.56,Directed
23.0_-165.0,23.0_-166.0,110.00,Directed
23.0_-165.0,23.0_-164.0,110.00,Directed
23.0_-165.0,24.0_-166.0,155.56,Directed
-48.0_142.0,-49.0_142.0,110.00,Directed
-48.0_142.0,-48.0_143.0,110.00,Directed
-48.0_142.0,-47.0_143.0,155.56,Directed
-32.0_-22.0,-32.0_-21.0,110.00,Directed
-32.0_-22.0,-31.0_-23.0,155.56,Directed
-32.0_-22.0,-31.0_-22.0,110.00,Directed
-47.0_143.0,-48.0_142.0,155.56,Directed
-47.0_143.0,-48.0_143.0,110.00,Directed
-31.0_-23.0,-32.0_-22.0,155.56,Directed
-31.0_-23.0,-31.0_-22.0,110.00,Directed
-31.0_-23.0,-30.0_-24.0,155.56,Directed
-2.0_-133.0,-3.0_-133.0,110.00,Directed
-2.0_-133.0,-3.0_-132.0,155.56,Directed
-2.0_-133.0,-2.0_-132.0,110.00,Directed
-2.0_-133.0,-1.0_-133.0,110.00,Directed
21.0_141.0,22.0_141.0,110.00,Directed
-5.0_-133.0,-6.0_-134.0,155.56,Directed
-5.0_-133.0,-5.0_-134.0,110.00,Directed
-5.0_-133.0,-5.0_-132.0,110.00,Directed
-5.0_-133.0,-4.0_-134.0,155.56,Directed
-5.0_-133.0,-4.0_-133.0,110.00,Directed
-11.0_-141.0,-12.0_-142.0,155.56,Directed
-11.0_-141.0,-11.0_-142.0,110.00,Directed
-11.0_-141.0,-11.0_-140.0,110.00,Directed
-11.0_-141.0,-10.0_-142.0,155.56,Directed
-11.0_-141.0,-10.0_-141.0,110.00,Directed
-11.0_-141.0,-10.0_-140.0,155.56,Directed
39.0_-128.0,38.0_-129.0,155.56,Directed
39.0_-128.0,38.0_-128.0,110.00,Directed
39.0_-128.0,38.0_-127.0,155.56,Directed
39.0_-128.0,40.0_-129.0,155.56,Directed
39.0_-128.0,40.0_-127.0,155.56,Directed
20.0_-81.0,19.0_-82.0,155.56,Directed
20.0_-81.0,19.0_-81.0,110.00,Directed
20.0_-81.0,19.0_-80.0,155.56,Directed
20.0_-81.0,20.0_-82.0,110.00,Directed
20.0_-81.0,20.0_-80.0,110.00,Directed
20.0_-81.0,21.0_-82.0,155.56,Directed
-33.0_-30.0,-33.0_-31.0,110.00,Directed
-33.0_-30.0,-32.0_-29.0,155.56,Directed
-13.0_-155.0,-14.0_-154.0,155.56,Directed
-13.0_-155.0,-13.0_-154.0,110.00,Directed
-13.0_-155.0,-12.0_-155.0,110.00,Directed
20.0_133.0,19.0_132.0,155.56,Directed
20.0_133.0,21.0_133.0,110.00,Directed
-23.0_-7.0,-24.0_-7.0,110.00,Directed
34.0_150.0,33.0_151.0,155.56,Directed
34.0_150.0,35.0_151.0,155.56,Directed
27.0_140.0,26.0_140.0,110.00,Directed
27.0_140.0,26.0_141.0,155.56,Directed
27.0_140.0,27.0_141.0,110.00,Directed
27.0_140.0,28.0_140.0,110.00,Directed
17.0_-76.0,16.0_-77.0,155.56,Directed
17.0_-76.0,16.0_-76.0,110.00,Directed
17.0_-76.0,16.0_-75.0,155.56,Directed
17.0_-76.0,17.0_-77.0,110.00,Directed
17.0_-76.0,17.0_-75.0,110.00,Directed
17.0_-76.0,18.0_-77.0,155.56,Directed
17.0_-76.0,18.0_-76.0,110.00,Directed
17.0_-76.0,18.0_-75.0,155.56,Directed
37.0_134.0,36.0_133.0,155.56,Directed
37.0_134.0,36.0_134.0,110.00,Directed
37.0_134.0,36.0_135.0,155.56,Directed
37.0_134.0,37.0_133.0,110.00,Directed
37.0_134.0,37.0_135.0,110.00,Directed
37.0_134.0,38.0_135.0,155.56,Directed
41.0_3.0,40.0_3.0,110.00,Directed
41.0_3.0,41.0_2.0,110.00,Directed
41.0_3.0,42.0_3.0,110.00,Directed
41.0_3.0,42.0_4.0,155.56,Directed
48.0_-13.0,47.0_-12.0,155.56,Directed
48.0_-13.0,48.0_-12.0,110.00,Directed
48.0_-13.0,49.0_-14.0,155.56,Directed
48.0_-13.0,49.0_-13.0,110.00,Directed
48.0_-13.0,49.0_-12.0,155.56,Directed
-21.0_116.0,-22.0_115.0,155.56,Directed
-21.0_116.0,-21.0_115.0,110.00,Directed
-21.0_116.0,-20.0_115.0,155.56,Directed
-21.0_116.0,-20.0_117.0,155.56,Directed
17.0_-131.0,16.0_-132.0,155.56,Directed
17.0_-131.0,16.0_-130.0,155.56,Directed
17.0_-131.0,17.0_-132.0,110.00,Directed
17.0_-131.0,17.0_-130.0,110.00,Directed
17.0_-131.0,18.0_-131.0,110.00,Directed
17.0_-131.0,18.0_-130.0,155.56,Directed
19.0_-70.0,18.0_-69.0,155.56,Directed
19.0_-70.0,19.0_-71.0,110.00,Directed
19.0_-70.0,19.0_-69.0,110.00,Directed
19.0_-70.0,20.0_-71.0,155.56,Directed
19.0_-70.0,20.0_-70.0,110.00,Directed
19.0_-70.0,20.0_-69.0,155.56,Directed
32.0_-121.0,31.0_-122.0,155.56,Directed
32.0_-121.0,31.0_-121.0,110.00,Directed
32.0_-121.0,31.0_-120.0,155.56,Directed
32.0_-121.0,32.0_-122.0,110.00,Directed
32.0_-121.0,32.0_-120.0,110.00,Directed
32.0_-121.0,33.0_-122.0,155.56,Directed
32.0_-121.0,33.0_-121.0,110.00,Directed
32.0_-121.0,33.0_-120.0,155.56,Directed
-19.0_119.0,-19.0_118.0,110.00,Directed
-19.0_119.0,-18.0_120.0,155.56,Directed
38.0_-134.0,37.0_-134.0,110.00,Directed
38.0_-134.0,38.0_-135.0,110.00,Directed
38.0_-134.0,38.0_-133.0,110.00,Directed
38.0_-134.0,39.0_-135.0,155.56,Directed
38.0_-134.0,39.0_-134.0,110.00,Directed
38.0_-134.0,39.0_-133.0,155.56,Directed
-33.0_-87.0,-33.0_-88.0,110.00,Directed
26.0_-80.0,25.0_-81.0,155.56,Directed
26.0_-80.0,25.0_-80.0,110.00,Directed
26.0_-80.0,25.0_-79.0,155.56,Directed
26.0_-80.0,26.0_-81.0,110.00,Directed
26.0_-80.0,26.0_-79.0,110.00,Directed
26.0_-80.0,27.0_-81.0,155.56,Directed
26.0_-80.0,27.0_-80.0,110.00,Directed
26.0_-80.0,27.0_-79.0,155.56,Directed
54.0_-4.0,54.0_-5.0,110.00,Directed
54.0_-4.0,55.0_-5.0,155.56,Directed
54.0_-4.0,55.0_-3.0,155.56,Directed
50.0_-10.0,49.0_-11.0,155.56,Directed
50.0_-10.0,49.0_-10.0,110.00,Directed
50.0_-10.0,49.0_-9.0,155.56,Directed
50.0_-10.0,50.0_-11.0,110.00,Directed
50.0_-10.0,50.0_-9.0,110.00,Directed
50.0_-10.0,51.0_-11.0,155.56,Directed
50.0_-10.0,51.0_-10.0,110.00,Directed
50.0_-10.0,51.0_-9.0,155.56,Directed
-3.0_-101.0,-3.0_-102.0,110.00,Directed
-3.0_-101.0,-3.0_-100.0,110.00,Directed
31.0_-122.0,30.0_-123.0,155.56,Directed
31.0_-122.0,30.0_-122.0,110.00,Directed
31.0_-122.0,30.0_-121.0,155.56,Directed
31.0_-122.0,31.0_-123.0,110.00,Directed
31.0_-122.0,31.0_-121.0,110.00,Directed
31.0_-122.0,32.0_-123.0,155.56,Directed
31.0_-122.0,32.0_-122.0,110.00,Directed
31.0_-122.0,32.0_-121.0,155.56,Directed
26.0_-161.0,25.0_-161.0,110.00,Directed
26.0_-161.0,25.0_-160.0,155.56,Directed
26.0_-161.0,26.0_-160.0,110.00,Directed
26.0_-161.0,27.0_-160.0,155.56,Directed
30.0_-66.0,29.0_-67.0,155.56,Directed
30.0_-66.0,29.0_-66.0,110.00,Directed
30.0_-66.0,29.0_-65.0,155.56,Directed
30.0_-66.0,30.0_-67.0,110.00,Directed
30.0_-66.0,30.0_-65.0,110.00,Directed
30.0_-66.0,31.0_-67.0,155.56,Directed
30.0_-66.0,31.0_-66.0,110.00,Directed
30.0_-66.0,31.0_-65.0,155.56,Directed
52.0_-13.0,51.0_-14.0,155.56,Directed
52.0_-13.0,51.0_-13.0,110.00,Directed
52.0_-13.0,51.0_-12.0,155.56,Directed
52.0_-13.0,52.0_-14.0,110.00,Directed
52.0_-13.0,52.0_-12.0,110.00,Directed
52.0_-13.0,53.0_-14.0,155.56,Directed
52.0_-13.0,53.0_-13.0,110.00,Directed
52.0_-13.0,53.0_-12.0,155.56,Directed
18.0_-160.0,17.0_-161.0,155.56,Directed
18.0_-160.0,17.0_-160.0,110.00,Directed
18.0_-160.0,17.0_-159.0,155.56,Directed
18.0_-160.0,18.0_-159.0,110.00,Directed
18.0_-160.0,19.0_-161.0,155.56,Directed
18.0_-160.0,19.0_-160.0,110.00,Directed
18.0_-160.0,19.0_-159.0,155.56,Directed
11.0_-135.0,10.0_-136.0,155.56,Directed
11.0_-135.0,10.0_-135.0,110.00,Directed
11.0_-135.0,10.0_-134.0,155.56,Directed
11.0_-135.0,11.0_-136.0,110.00,Directed
11.0_-135.0,11.0_-134.0,110.00,Directed
11.0_-135.0,12.0_-134.0,155.56,Directed
42.0_-10.0,41.0_-10.0,110.00,Directed
42.0_-10.0,43.0_-10.0,110.00,Directed
42.0_-10.0,43.0_-9.0,155.56,Directed
7.0_-119.0,6.0_-118.0,155.56,Directed
7.0_-119.0,7.0_-120.0,110.00,Directed
7.0_-119.0,8.0_-120.0,155.56,Directed
-34.0_156.0,-35.0_155.0,155.56,Directed
-34.0_156.0,-34.0_155.0,110.00,Directed
8.0_-86.0,7.0_-87.0,155.56,Directed
8.0_-86.0,7.0_-86.0,110.00,Directed
8.0_-86.0,9.0_-85.0,155.56,Directed
37.0_25.0,36.0_25.0,110.00,Directed
37.0_25.0,37.0_24.0,110.00,Directed
37.0_25.0,37.0_26.0,110.00,Directed
42.0_-67.0,41.0_-68.0,155.56,Directed
42.0_-67.0,41.0_-67.0,110.00,Directed
42.0_-67.0,41.0_-66.0,155.56,Directed
42.0_-67.0,42.0_-68.0,110.00,Directed
42.0_-67.0,42.0_-66.0,110.00,Directed
42.0_-67.0,43.0_-68.0,155.56,Directed
42.0_-67.0,43.0_-67.0,110.00,Directed
42.0_-67.0,43.0_-66.0,155.56,Directed
38.0_8.0,38.0_7.0,110.00,Directed
38.0_8.0,38.0_9.0,110.00,Directed
38.0_8.0,39.0_7.0,155.56,Directed
38.0_8.0,39.0_8.0,110.00,Directed
38.0_8.0,39.0_9.0,155.56,Directed
34.0_-58.0,33.0_-59.0,155.56,Directed
34.0_-58.0,33.0_-58.0,110.00,Directed
34.0_-58.0,34.0_-59.0,110.00,Directed
34.0_-58.0,35.0_-59.0,155.56,Directed
9.0_-156.0,8.0_-157.0,155.56,Directed
9.0_-156.0,8.0_-156.0,110.00,Directed
9.0_-156.0,8.0_-155.0,155.56,Directed
9.0_-156.0,10.0_-157.0,155.56,Directed
9.0_-156.0,10.0_-155.0,155.56,Directed
50.0_-1.0,49.0_-2.0,155.56,Directed
50.0_-1.0,49.0_-1.0,110.00,Directed
50.0_-1.0,49.0_0.0,155.56,Directed
50.0_-1.0,50.0_-2.0,110.00,Directed
50.0_-1.0,50.0_0.0,110.00,Directed
60.0_-4.0,59.0_-5.0,155.56,Directed
60.0_-4.0,59.0_-4.0,110.00,Directed
60.0_-4.0,59.0_-3.0,155.56,Directed
60.0_-4.0,60.0_-5.0,110.00,Directed
60.0_-4.0,60.0_-3.0,110.00,Directed
60.0_-4.0,61.0_-5.0,155.56,Directed
60.0_-4.0,61.0_-4.0,110.00,Directed
43.0_-62.0,42.0_-63.0,155.56,Directed
43.0_-62.0,42.0_-62.0,110.00,Directed
43.0_-62.0,42.0_-61.0,155.56,Directed
43.0_-62.0,43.0_-63.0,110.00,Directed
43.0_-62.0,43.0_-61.0,110.00,Directed
43.0_-62.0,44.0_-63.0,155.56,Directed
43.0_-62.0,44.0_-62.0,110.00,Directed
43.0_-62.0,44.0_-61.0,155.56,Directed
14.0_-74.0,13.0_-73.0,155.56,Directed
14.0_-74.0,15.0_-75.0,155.56,Directed
14.0_-74.0,15.0_-74.0,110.00,Directed
14.0_-74.0,15.0_-73.0,155.56,Directed
13.0_-79.0,12.0_-80.0,155.56,Directed
13.0_-79.0,12.0_-79.0,110.00,Directed
32.0_-42.0,31.0_-42.0,110.00,Directed
32.0_-42.0,31.0_-41.0,155.56,Directed
32.0_-42.0,32.0_-41.0,110.00,Directed
32.0_-42.0,33.0_-42.0,110.00,Directed
-30.0_-20.0,-30.0_-21.0,110.00,Directed
-30.0_-20.0,-30.0_-19.0,110.00,Directed
45.0_178.0,45.0_177.0,110.00,Directed
-23.0_172.0,-22.0_173.0,155.56,Directed
41.0_-155.0,40.0_-155.0,110.00,Directed
41.0_-155.0,41.0_-156.0,110.00,Directed
-9.0_-127.0,-9.0_-128.0,110.00,Directed
-9.0_-127.0,-9.0_-126.0,110.00,Directed
26.0_-75.0,25.0_-76.0,155.56,Directed
26.0_-75.0,25.0_-75.0,110.00,Directed
26.0_-75.0,25.0_-74.0,155.56,Directed
26.0_-75.0,26.0_-76.0,110.00,Directed
26.0_-75.0,26.0_-74.0,110.00,Directed
26.0_-75.0,27.0_-76.0,155.56,Directed
26.0_-75.0,27.0_-75.0,110.00,Directed
26.0_-75.0,27.0_-74.0,155.56,Directed
44.0_-87.0,43.0_-88.0,155.56,Directed
44.0_-87.0,43.0_-87.0,110.00,Directed
44.0_-87.0,44.0_-88.0,110.00,Directed
44.0_-87.0,44.0_-86.0,110.00,Directed
44.0_-87.0,45.0_-88.0,155.56,Directed
44.0_-87.0,45.0_-87.0,110.00,Directed
44.0_-87.0,45.0_-86.0,155.56,Directed
36.0_-34.0,35.0_-34.0,110.00,Directed
36.0_-34.0,37.0_-35.0,155.56,Directed
-12.0_-148.0,-13.0_-148.0,110.00,Directed
-12.0_-148.0,-13.0_-147.0,155.56,Directed
-12.0_-148.0,-12.0_-149.0,110.00,Directed
-12.0_-148.0,-12.0_-147.0,110.00,Directed
-12.0_-148.0,-11.0_-148.0,110.00,Directed
-12.0_-148.0,-11.0_-147.0,155.56,Directed
38.0_137.0,37.0_136.0,155.56,Directed
38.0_137.0,37.0_137.0,110.00,Directed
38.0_137.0,37.0_138.0,155.56,Directed
38.0_137.0,38.0_136.0,110.00,Directed
38.0_137.0,38.0_138.0,110.00,Directed
38.0_137.0,39.0_137.0,110.00,Directed
38.0_137.0,39.0_138.0,155.56,Directed
25.0_-118.0,25.0_-119.0,110.00,Directed
34.0_-157.0,33.0_-158.0,155.56,Directed
34.0_-157.0,33.0_-156.0,155.56,Directed
34.0_-157.0,34.0_-158.0,110.00,Directed
34.0_-157.0,34.0_-156.0,110.00,Directed
34.0_-157.0,35.0_-157.0,110.00,Directed
34.0_-157.0,35.0_-156.0,155.56,Directed
18.0_-79.0,17.0_-80.0,155.56,Directed
18.0_-79.0,17.0_-79.0,110.00,Directed
18.0_-79.0,17.0_-78.0,155.56,Directed
18.0_-79.0,18.0_-80.0,110.00,Directed
18.0_-79.0,18.0_-78.0,110.00,Directed
18.0_-79.0,19.0_-80.0,155.56,Directed
18.0_-79.0,19.0_-79.0,110.00,Directed
18.0_-79.0,19.0_-78.0,155.56,Directed
-35.0_-15.0,-35.0_-16.0,110.00,Directed
-35.0_-15.0,-34.0_-14.0,155.56,Directed
38.0_-129.0,38.0_-130.0,110.00,Directed
38.0_-129.0,38.0_-128.0,110.00,Directed
38.0_-129.0,39.0_-130.0,155.56,Directed
38.0_-129.0,39.0_-128.0,155.56,Directed
27.0_-83.0,26.0_-83.0,110.00,Directed
27.0_-83.0,27.0_-84.0,110.00,Directed
46.0_-59.0,45.0_-60.0,155.56,Directed
46.0_-59.0,45.0_-59.0,110.00,Directed
46.0_-59.0,45.0_-58.0,155.56,Directed
46.0_-59.0,46.0_-58.0,110.00,Directed
46.0_-59.0,47.0_-58.0,155.56,Directed
47.0_-10.0,47.0_-11.0,110.00,Directed
47.0_-10.0,47.0_-9.0,110.00,Directed
47.0_-10.0,48.0_-11.0,155.56,Directed
47.0_-10.0,48.0_-9.0,155.56,Directed
-17.0_92.0,-16.0_92.0,110.00,Directed
46.0_-7.0,46.0_-6.0,110.00,Directed
46.0_-7.0,47.0_-8.0,155.56,Directed
46.0_-7.0,47.0_-7.0,110.00,Directed
46.0_-7.0,47.0_-6.0,155.56,Directed
29.0_-55.0,28.0_-56.0,155.56,Directed
29.0_-55.0,29.0_-56.0,110.00,Directed
29.0_-55.0,29.0_-54.0,110.00,Directed
29.0_-55.0,30.0_-56.0,155.56,Directed
-24.0_-31.0,-23.0_-30.0,155.56,Directed
14.0_-148.0,13.0_-147.0,155.56,Directed
14.0_-148.0,14.0_-149.0,110.00,Directed
14.0_-148.0,15.0_-147.0,155.56,Directed
21.0_-71.0,20.0_-72.0,155.56,Directed
21.0_-71.0,20.0_-71.0,110.00,Directed
21.0_-71.0,20.0_-70.0,155.56,Directed
21.0_-71.0,21.0_-72.0,110.00,Directed
21.0_-71.0,21.0_-70.0,110.00,Directed
21.0_-71.0,22.0_-72.0,155.56,Directed
21.0_-71.0,22.0_-71.0,110.00,Directed
21.0_-71.0,22.0_-70.0,155.56,Directed
48.0_-127.0,47.0_-126.0,155.56,Directed
48.0_-127.0,48.0_-126.0,110.00,Directed
48.0_-127.0,49.0_-128.0,155.56,Directed
48.0_-127.0,49.0_-127.0,110.00,Directed
22.0_-70.0,21.0_-71.0,155.56,Directed
22.0_-70.0,21.0_-70.0,110.00,Directed
22.0_-70.0,21.0_-69.0,155.56,Directed
22.0_-70.0,22.0_-71.0,110.00,Directed
22.0_-70.0,22.0_-69.0,110.00,Directed
22.0_-70.0,23.0_-71.0,155.56,Directed
22.0_-70.0,23.0_-70.0,110.00,Directed
39.0_8.0,38.0_7.0,155.56,Directed
39.0_8.0,38.0_8.0,110.00,Directed
39.0_8.0,38.0_9.0,155.56,Directed
39.0_8.0,39.0_7.0,110.00,Directed
39.0_8.0,39.0_9.0,110.00,Directed
39.0_8.0,40.0_7.0,155.56,Directed
39.0_8.0,40.0_8.0,110.00,Directed
39.0_8.0,40.0_9.0,155.56,Directed
-21.0_-29.0,-20.0_-28.0,155.56,Directed
43.0_7.0,42.0_6.0,155.56,Directed
43.0_7.0,42.0_7.0,110.00,Directed
43.0_7.0,42.0_8.0,155.56,Directed
43.0_7.0,43.0_6.0,110.00,Directed
43.0_7.0,43.0_8.0,110.00,Directed
43.0_7.0,44.0_8.0,155.56,Directed
13.0_-66.0,12.0_-67.0,155.56,Directed
13.0_-66.0,12.0_-66.0,110.00,Directed
13.0_-66.0,12.0_-65.0,155.56,Directed
13.0_-66.0,13.0_-67.0,110.00,Directed
13.0_-66.0,13.0_-65.0,110.00,Directed
13.0_-66.0,14.0_-67.0,155.56,Directed
13.0_-66.0,14.0_-66.0,110.00,Directed
13.0_-66.0,14.0_-65.0,155.56,Directed
14.0_-61.0,13.0_-62.0,155.56,Directed
14.0_-61.0,13.0_-61.0,110.00,Directed
14.0_-61.0,13.0_-60.0,155.56,Directed
14.0_-61.0,14.0_-62.0,110.00,Directed
14.0_-61.0,14.0_-60.0,110.00,Directed
14.0_-61.0,15.0_-62.0,155.56,Directed
14.0_-61.0,15.0_-61.0,110.00,Directed
14.0_-61.0,15.0_-60.0,155.56,Directed
-12.0_85.0,-13.0_85.0,110.00,Directed
-12.0_85.0,-13.0_86.0,155.56,Directed
-12.0_85.0,-12.0_86.0,110.00,Directed
-12.0_85.0,-11.0_86.0,155.56,Directed
15.0_-60.0,14.0_-61.0,155.56,Directed
15.0_-60.0,14.0_-60.0,110.00,Directed
15.0_-60.0,14.0_-59.0,155.56,Directed
15.0_-60.0,15.0_-61.0,110.00,Directed
15.0_-60.0,15.0_-59.0,110.00,Directed
15.0_-60.0,16.0_-61.0,155.56,Directed
15.0_-60.0,16.0_-60.0,110.00,Directed
15.0_-60.0,16.0_-59.0,155.56,Directed
15.0_-160.0,14.0_-161.0,155.56,Directed
15.0_-160.0,14.0_-160.0,110.00,Directed
15.0_-160.0,14.0_-159.0,155.56,Directed
15.0_-160.0,15.0_-161.0,110.00,Directed
15.0_-160.0,15.0_-159.0,110.00,Directed
15.0_-160.0,16.0_-161.0,155.56,Directed
15.0_-160.0,16.0_-160.0,110.00,Directed
15.0_-160.0,16.0_-159.0,155.56,Directed
25.0_-63.0,24.0_-63.0,110.00,Directed
25.0_-63.0,26.0_-62.0,155.56,Directed
34.0_132.0,33.0_131.0,155.56,Directed
34.0_132.0,33.0_132.0,110.00,Directed
34.0_132.0,33.0_133.0,155.56,Directed
34.0_132.0,34.0_131.0,110.00,Directed
34.0_132.0,34.0_133.0,110.00,Directed
34.0_132.0,35.0_131.0,155.56,Directed
34.0_132.0,35.0_132.0,110.00,Directed
34.0_132.0,35.0_133.0,155.56,Directed
-6.0_-136.0,-7.0_-137.0,155.56,Directed
-6.0_-136.0,-7.0_-136.0,110.00,Directed
-6.0_-136.0,-7.0_-135.0,155.56,Directed
-6.0_-136.0,-6.0_-135.0,110.00,Directed
-6.0_-136.0,-5.0_-136.0,110.00,Directed
-6.0_-136.0,-5.0_-135.0,155.56,Directed
17.0_-58.0,16.0_-59.0,155.56,Directed
17.0_-58.0,16.0_-58.0,110.00,Directed
17.0_-58.0,17.0_-59.0,110.00,Directed
17.0_-58.0,18.0_-59.0,155.56,Directed
17.0_-58.0,18.0_-58.0,110.00,Directed
35.0_-125.0,34.0_-126.0,155.56,Directed
35.0_-125.0,34.0_-125.0,110.00,Directed
35.0_-125.0,35.0_-124.0,110.00,Directed
35.0_-125.0,36.0_-126.0,155.56,Directed
35.0_-125.0,36.0_-125.0,110.00,Directed
35.0_-125.0,36.0_-124.0,155.56,Directed
26.0_-62.0,25.0_-63.0,155.56,Directed
26.0_-62.0,25.0_-61.0,155.56,Directed
26.0_-62.0,26.0_-61.0,110.00,Directed
26.0_-62.0,27.0_-63.0,155.56,Directed
26.0_-62.0,27.0_-62.0,110.00,Directed
26.0_-62.0,27.0_-61.0,155.56,Directed
17.0_-113.0,16.0_-112.0,155.56,Directed
17.0_-113.0,17.0_-114.0,110.00,Directed
17.0_-113.0,17.0_-112.0,110.00,Directed
17.0_-113.0,18.0_-112.0,155.56,Directed
1.0_-128.0,0.0_-129.0,155.56,Directed
1.0_-128.0,0.0_-128.0,110.00,Directed
1.0_-128.0,1.0_-129.0,110.00,Directed
1.0_-128.0,1.0_-127.0,110.00,Directed
1.0_-128.0,2.0_-129.0,155.56,Directed
1.0_-128.0,2.0_-127.0,155.56,Directed
25.0_128.0,24.0_128.0,110.00,Directed
25.0_128.0,25.0_127.0,110.00,Directed
25.0_128.0,26.0_127.0,155.56,Directed
25.0_128.0,26.0_128.0,110.00,Directed
16.0_-59.0,15.0_-60.0,155.56,Directed
16.0_-59.0,15.0_-59.0,110.00,Directed
16.0_-59.0,15.0_-58.0,155.56,Directed
16.0_-59.0,16.0_-60.0,110.00,Directed
16.0_-59.0,16.0_-58.0,110.00,Directed
16.0_-59.0,17.0_-60.0,155.56,Directed
16.0_-59.0,17.0_-59.0,110.00,Directed
16.0_-59.0,17.0_-58.0,155.56,Directed
32.0_-147.0,31.0_-147.0,110.00,Directed
32.0_-147.0,31.0_-146.0,155.56,Directed
32.0_-147.0,32.0_-148.0,110.00,Directed
32.0_-147.0,32.0_-146.0,110.00,Directed
32.0_-147.0,33.0_-147.0,110.00,Directed
30.0_-79.0,29.0_-80.0,155.56,Directed
30.0_-79.0,29.0_-79.0,110.00,Directed
30.0_-79.0,29.0_-78.0,155.56,Directed
30.0_-79.0,30.0_-80.0,110.00,Directed
30.0_-79.0,30.0_-78.0,110.00,Directed
30.0_-79.0,31.0_-80.0,155.56,Directed
30.0_-79.0,31.0_-79.0,110.00,Directed
30.0_-79.0,31.0_-78.0,155.56,Directed
24.0_-111.0,23.0_-112.0,155.56,Directed
24.0_-111.0,23.0_-111.0,110.00,Directed
24.0_-111.0,23.0_-110.0,155.56,Directed
24.0_-111.0,24.0_-110.0,110.00,Directed
24.0_-111.0,25.0_-111.0,110.00,Directed
24.0_-111.0,25.0_-110.0,155.56,Directed
41.0_142.0,40.0_141.0,155.56,Directed
41.0_142.0,40.0_142.0,110.00,Directed
41.0_142.0,40.0_143.0,155.56,Directed
41.0_142.0,41.0_141.0,110.00,Directed
41.0_142.0,41.0_143.0,110.00,Directed
41.0_142.0,42.0_141.0,155.56,Directed
41.0_142.0,42.0_142.0,110.00,Directed
41.0_142.0,42.0_143.0,155.56,Directed
32.0_138.0,31.0_137.0,155.56,Directed
32.0_138.0,31.0_138.0,110.00,Directed
32.0_138.0,32.0_137.0,110.00,Directed
32.0_138.0,32.0_139.0,110.00,Directed
32.0_138.0,33.0_137.0,155.56,Directed
32.0_138.0,33.0_138.0,110.00,Directed
32.0_138.0,33.0_139.0,155.56,Directed
32.0_-73.0,31.0_-74.0,155.56,Directed
32.0_-73.0,31.0_-73.0,110.00,Directed
32.0_-73.0,31.0_-72.0,155.56,Directed
32.0_-73.0,32.0_-74.0,110.00,Directed
32.0_-73.0,32.0_-72.0,110.00,Directed
31.0_-78.0,30.0_-79.0,155.56,Directed
31.0_-78.0,30.0_-78.0,110.00,Directed
31.0_-78.0,30.0_-77.0,155.56,Directed
31.0_-78.0,31.0_-79.0,110.00,Directed
31.0_-78.0,32.0_-79.0,155.56,Directed
31.0_-78.0,32.0_-78.0,110.00,Directed
31.0_-78.0,32.0_-77.0,155.56,Directed
25.0_-76.0,24.0_-77.0,155.56,Directed
25.0_-76.0,24.0_-76.0,110.00,Directed
25.0_-76.0,24.0_-75.0,155.56,Directed
25.0_-76.0,25.0_-77.0,110.00,Directed
25.0_-76.0,25.0_-75.0,110.00,Directed
25.0_-76.0,26.0_-77.0,155.56,Directed
25.0_-76.0,26.0_-76.0,110.00,Directed
25.0_-76.0,26.0_-75.0,155.56,Directed
-14.0_-145.0,-15.0_-146.0,155.56,Directed
-14.0_-145.0,-15.0_-145.0,110.00,Directed
-14.0_-145.0,-15.0_-144.0,155.56,Directed
-14.0_-145.0,-14.0_-146.0,110.00,Directed
-14.0_-145.0,-14.0_-144.0,110.00,Directed
-14.0_-145.0,-13.0_-146.0,155.56,Directed
-14.0_-145.0,-13.0_-145.0,110.00,Directed
-14.0_-145.0,-13.0_-144.0,155.56,Directed
34.0_-144.0,33.0_-144.0,110.00,Directed
34.0_-144.0,34.0_-145.0,110.00,Directed
34.0_-144.0,34.0_-143.0,110.00,Directed
55.0_-3.0,54.0_-4.0,155.56,Directed
55.0_-3.0,56.0_-4.0,155.56,Directed
55.0_-3.0,56.0_-3.0,110.00,Directed
55.0_-3.0,56.0_-2.0,155.56,Directed
57.0_-9.0,56.0_-10.0,155.56,Directed
57.0_-9.0,56.0_-9.0,110.00,Directed
57.0_-9.0,56.0_-8.0,155.56,Directed
57.0_-9.0,57.0_-10.0,110.00,Directed
57.0_-9.0,57.0_-8.0,110.00,Directed
57.0_-9.0,58.0_-10.0,155.56,Directed
57.0_-9.0,58.0_-9.0,110.00,Directed
57.0_-9.0,58.0_-8.0,155.56,Directed
39.0_-150.0,38.0_-151.0,155.56,Directed
39.0_-150.0,38.0_-150.0,110.00,Directed
39.0_-150.0,38.0_-149.0,155.56,Directed
39.0_-150.0,40.0_-151.0,155.56,Directed
39.0_-150.0,40.0_-150.0,110.00,Directed
39.0_-150.0,40.0_-149.0,155.56,Directed
36.0_-150.0,36.0_-151.0,110.00,Directed
36.0_-150.0,36.0_-149.0,110.00,Directed
36.0_-150.0,37.0_-150.0,110.00,Directed
36.0_-150.0,37.0_-149.0,155.56,Directed
27.0_-70.0,26.0_-71.0,155.56,Directed
27.0_-70.0,26.0_-70.0,110.00,Directed
27.0_-70.0,26.0_-69.0,155.56,Directed
27.0_-70.0,27.0_-71.0,110.00,Directed
27.0_-70.0,27.0_-69.0,110.00,Directed
27.0_-70.0,28.0_-71.0,155.56,Directed
27.0_-70.0,28.0_-70.0,110.00,Directed
27.0_-70.0,28.0_-69.0,155.56,Directed
10.0_-163.0,9.0_-164.0,155.56,Directed
10.0_-163.0,9.0_-163.0,110.00,Directed
10.0_-163.0,9.0_-162.0,155.56,Directed
10.0_-163.0,10.0_-162.0,110.00,Directed
10.0_-163.0,11.0_-163.0,110.00,Directed
10.0_-163.0,11.0_-162.0,155.56,Directed
6.0_-147.0,6.0_-146.0,110.00,Directed
6.0_-147.0,7.0_-148.0,155.56,Directed
6.0_-147.0,7.0_-147.0,110.00,Directed
6.0_-147.0,7.0_-146.0,155.56,Directed
38.0_-72.0,38.0_-73.0,110.00,Directed
38.0_-72.0,38.0_-71.0,110.00,Directed
38.0_-72.0,39.0_-73.0,155.56,Directed
38.0_-72.0,39.0_-72.0,110.00,Directed
38.0_-72.0,39.0_-71.0,155.56,Directed
29.0_-68.0,28.0_-69.0,155.56,Directed
29.0_-68.0,28.0_-68.0,110.00,Directed
29.0_-68.0,28.0_-67.0,155.56,Directed
29.0_-68.0,29.0_-69.0,110.00,Directed
29.0_-68.0,29.0_-67.0,110.00,Directed
29.0_-68.0,30.0_-69.0,155.56,Directed
29.0_-68.0,30.0_-68.0,110.00,Directed
29.0_-68.0,30.0_-67.0,155.56,Directed
-3.0_-158.0,-4.0_-158.0,110.00,Directed
-3.0_-158.0,-4.0_-157.0,155.56,Directed
-3.0_-158.0,-2.0_-159.0,155.56,Directed
-3.0_-158.0,-2.0_-158.0,110.00,Directed
-3.0_-158.0,-2.0_-157.0,155.56,Directed
4.0_-128.0,3.0_-128.0,110.00,Directed
4.0_-128.0,4.0_-127.0,110.00,Directed
4.0_-128.0,5.0_-129.0,155.56,Directed
4.0_-128.0,5.0_-128.0,110.00,Directed
4.0_-128.0,5.0_-127.0,155.56,Directed
12.0_-67.0,11.0_-68.0,155.56,Directed
12.0_-67.0,11.0_-67.0,110.00,Directed
12.0_-67.0,11.0_-66.0,155.56,Directed
12.0_-67.0,12.0_-68.0,110.00,Directed
12.0_-67.0,12.0_-66.0,110.00,Directed
12.0_-67.0,13.0_-68.0,155.56,Directed
12.0_-67.0,13.0_-67.0,110.00,Directed
12.0_-67.0,13.0_-66.0,155.56,Directed
-32.0_13.0,-33.0_12.0,155.56,Directed
43.0_-88.0,42.0_-88.0,110.00,Directed
43.0_-88.0,42.0_-87.0,155.56,Directed
43.0_-88.0,43.0_-87.0,110.00,Directed
43.0_-88.0,44.0_-88.0,110.00,Directed
43.0_-88.0,44.0_-87.0,155.56,Directed
37.0_-64.0,36.0_-65.0,155.56,Directed
37.0_-64.0,36.0_-64.0,110.00,Directed
37.0_-64.0,36.0_-63.0,155.56,Directed
37.0_-64.0,37.0_-65.0,110.00,Directed
37.0_-64.0,37.0_-63.0,110.00,Directed
37.0_-64.0,38.0_-65.0,155.56,Directed
37.0_-64.0,38.0_-64.0,110.00,Directed
37.0_-64.0,38.0_-63.0,155.56,Directed
33.0_-119.0,32.0_-120.0,155.56,Directed
33.0_-119.0,32.0_-119.0,110.00,Directed
33.0_-119.0,32.0_-118.0,155.56,Directed
33.0_-119.0,33.0_-120.0,110.00,Directed
33.0_-119.0,33.0_-118.0,110.00,Directed
33.0_-119.0,34.0_-120.0,155.56,Directed
-63.0_-61.0,-64.0_-60.0,155.56,Directed
40.0_121.0,39.0_120.0,155.56,Directed
40.0_121.0,39.0_121.0,110.00,Directed
40.0_121.0,40.0_120.0,110.00,Directed
-8.0_-142.0,-9.0_-143.0,155.56,Directed
-8.0_-142.0,-9.0_-142.0,110.00,Directed
-8.0_-142.0,-9.0_-141.0,155.56,Directed
-8.0_-142.0,-8.0_-143.0,110.00,Directed
-8.0_-142.0,-8.0_-141.0,110.00,Directed
-8.0_-142.0,-7.0_-143.0,155.56,Directed
-8.0_-142.0,-7.0_-142.0,110.00,Directed
-8.0_-142.0,-7.0_-141.0,155.56,Directed
-15.0_145.0,-16.0_145.0,110.00,Directed
-15.0_145.0,-14.0_144.0,155.56,Directed
-29.0_109.0,-28.0_108.0,155.56,Directed
-29.0_109.0,-28.0_109.0,110.00,Directed
-41.0_153.0,-42.0_152.0,155.56,Directed
-41.0_153.0,-42.0_153.0,110.00,Directed
-41.0_153.0,-40.0_153.0,110.00,Directed
37.0_-144.0,36.0_-145.0,155.56,Directed
37.0_-144.0,38.0_-145.0,155.56,Directed
37.0_-144.0,38.0_-144.0,110.00,Directed
37.0_-144.0,38.0_-143.0,155.56,Directed
15.0_-113.0,14.0_-114.0,155.56,Directed
15.0_-113.0,14.0_-113.0,110.00,Directed
15.0_-113.0,14.0_-112.0,155.56,Directed
15.0_-113.0,15.0_-114.0,110.00,Directed
15.0_-113.0,15.0_-112.0,110.00,Directed
15.0_-113.0,16.0_-112.0,155.56,Directed
31.0_-42.0,30.0_-43.0,155.56,Directed
31.0_-42.0,31.0_-41.0,110.00,Directed
31.0_-42.0,32.0_-42.0,110.00,Directed
31.0_-42.0,32.0_-41.0,155.56,Directed
56.0_-4.0,55.0_-5.0,155.56,Directed
56.0_-4.0,55.0_-3.0,155.56,Directed
56.0_-4.0,56.0_-5.0,110.00,Directed
56.0_-4.0,56.0_-3.0,110.00,Directed
56.0_-4.0,57.0_-4.0,110.00,Directed
56.0_-4.0,57.0_-3.0,155.56,Directed
12.0_-119.0,11.0_-120.0,155.56,Directed
12.0_-119.0,11.0_-119.0,110.00,Directed
12.0_-119.0,11.0_-118.0,155.56,Directed
12.0_-119.0,12.0_-118.0,110.00,Directed
12.0_-119.0,13.0_-120.0,155.56,Directed
12.0_-119.0,13.0_-118.0,155.56,Directed
8.0_-122.0,7.0_-123.0,155.56,Directed
8.0_-122.0,7.0_-122.0,110.00,Directed
8.0_-122.0,7.0_-121.0,155.56,Directed
8.0_-122.0,8.0_-121.0,110.00,Directed
8.0_-122.0,9.0_-123.0,155.56,Directed
8.0_-122.0,9.0_-122.0,110.00,Directed
8.0_-122.0,9.0_-121.0,155.56,Directed
16.0_-65.0,15.0_-66.0,155.56,Directed
16.0_-65.0,15.0_-65.0,110.00,Directed
16.0_-65.0,15.0_-64.0,155.56,Directed
16.0_-65.0,16.0_-66.0,110.00,Directed
16.0_-65.0,16.0_-64.0,110.00,Directed
16.0_-65.0,17.0_-66.0,155.56,Directed
16.0_-65.0,17.0_-65.0,110.00,Directed
16.0_-65.0,17.0_-64.0,155.56,Directed
30.0_-123.0,29.0_-124.0,155.56,Directed
30.0_-123.0,29.0_-123.0,110.00,Directed
30.0_-123.0,29.0_-122.0,155.56,Directed
30.0_-123.0,30.0_-124.0,110.00,Directed
30.0_-123.0,30.0_-122.0,110.00,Directed
30.0_-123.0,31.0_-124.0,155.56,Directed
30.0_-123.0,31.0_-123.0,110.00,Directed
30.0_-123.0,31.0_-122.0,155.56,Directed
3.0_-144.0,2.0_-144.0,110.00,Directed
3.0_-144.0,2.0_-143.0,155.56,Directed
3.0_-144.0,3.0_-145.0,110.00,Directed
3.0_-144.0,4.0_-145.0,155.56,Directed
3.0_-144.0,4.0_-144.0,110.00,Directed
24.0_-85.0,23.0_-85.0,110.00,Directed
24.0_-85.0,23.0_-84.0,155.56,Directed
24.0_-85.0,24.0_-86.0,110.00,Directed
24.0_-85.0,24.0_-84.0,110.00,Directed
24.0_-85.0,25.0_-85.0,110.00,Directed
24.0_-85.0,25.0_-84.0,155.56,Directed
17.0_-71.0,16.0_-72.0,155.56,Directed
17.0_-71.0,16.0_-71.0,110.00,Directed
17.0_-71.0,16.0_-70.0,155.56,Directed
17.0_-71.0,17.0_-72.0,110.00,Directed
17.0_-71.0,17.0_-70.0,110.00,Directed
33.0_-36.0,32.0_-37.0,155.56,Directed
33.0_-36.0,34.0_-35.0,155.56,Directed
-14.0_-154.0,-15.0_-153.0,155.56,Directed
-14.0_-154.0,-14.0_-153.0,110.00,Directed
-14.0_-154.0,-13.0_-155.0,155.56,Directed
-14.0_-154.0,-13.0_-154.0,110.00,Directed
27.0_-63.0,26.0_-62.0,155.56,Directed
27.0_-63.0,27.0_-64.0,110.00,Directed
27.0_-63.0,27.0_-62.0,110.00,Directed
27.0_-63.0,28.0_-64.0,155.56,Directed
27.0_-63.0,28.0_-63.0,110.00,Directed
27.0_-63.0,28.0_-62.0,155.56,Directed
18.0_-59.0,17.0_-60.0,155.56,Directed
18.0_-59.0,17.0_-59.0,110.00,Directed
18.0_-59.0,17.0_-58.0,155.56,Directed
18.0_-59.0,18.0_-60.0,110.00,Directed
18.0_-59.0,18.0_-58.0,110.00,Directed
18.0_-59.0,19.0_-60.0,155.56,Directed
18.0_-59.0,19.0_-59.0,110.00,Directed
18.0_-59.0,19.0_-58.0,155.56,Directed
-26.0_105.0,-27.0_106.0,155.56,Directed
-26.0_105.0,-26.0_104.0,110.00,Directed
-26.0_105.0,-26.0_106.0,110.00,Directed
-26.0_105.0,-25.0_104.0,155.56,Directed
-26.0_105.0,-25.0_105.0,110.00,Directed
-26.0_105.0,-25.0_106.0,155.56,Directed
22.0_130.0,21.0_130.0,110.00,Directed
39.0_-144.0,38.0_-145.0,155.56,Directed
39.0_-144.0,38.0_-144.0,110.00,Directed
39.0_-144.0,38.0_-143.0,155.56,Directed
39.0_-144.0,40.0_-145.0,155.56,Directed
39.0_-144.0,40.0_-144.0,110.00,Directed
35.0_-123.0,34.0_-123.0,110.00,Directed
35.0_-123.0,34.0_-122.0,155.56,Directed
35.0_-123.0,35.0_-124.0,110.00,Directed
35.0_-123.0,35.0_-122.0,110.00,Directed
35.0_-123.0,36.0_-124.0,155.56,Directed
35.0_-123.0,36.0_-123.0,110.00,Directed
35.0_-123.0,36.0_-122.0,155.56,Directed
-4.0_-158.0,-5.0_-158.0,110.00,Directed
-4.0_-158.0,-5.0_-157.0,155.56,Directed
-4.0_-158.0,-4.0_-157.0,110.00,Directed
-4.0_-158.0,-3.0_-158.0,110.00,Directed
39.0_141.0,38.0_141.0,110.00,Directed
39.0_141.0,38.0_142.0,155.56,Directed
39.0_141.0,39.0_142.0,110.00,Directed
39.0_141.0,40.0_141.0,110.00,Directed
39.0_141.0,40.0_142.0,155.56,Directed
21.0_-154.0,20.0_-154.0,110.00,Directed
21.0_-154.0,20.0_-153.0,155.56,Directed
21.0_-154.0,21.0_-155.0,110.00,Directed
21.0_-154.0,21.0_-153.0,110.00,Directed
21.0_-154.0,22.0_-155.0,155.56,Directed
26.0_-79.0,25.0_-80.0,155.56,Directed
26.0_-79.0,25.0_-79.0,110.00,Directed
26.0_-79.0,25.0_-78.0,155.56,Directed
26.0_-79.0,26.0_-80.0,110.00,Directed
26.0_-79.0,26.0_-78.0,110.00,Directed
26.0_-79.0,27.0_-80.0,155.56,Directed
26.0_-79.0,27.0_-79.0,110.00,Directed
26.0_-79.0,27.0_-78.0,155.56,Directed
-11.0_-147.0,-12.0_-148.0,155.56,Directed
-11.0_-147.0,-12.0_-147.0,110.00,Directed
-11.0_-147.0,-12.0_-146.0,155.56,Directed
-11.0_-147.0,-11.0_-148.0,110.00,Directed
-11.0_-147.0,-11.0_-146.0,110.00,Directed
19.0_-65.0,18.0_-65.0,110.00,Directed
19.0_-65.0,18.0_-64.0,155.56,Directed
19.0_-65.0,19.0_-66.0,110.00,Directed
19.0_-65.0,19.0_-64.0,110.00,Directed
19.0_-65.0,20.0_-66.0,155.56,Directed
19.0_-65.0,20.0_-65.0,110.00,Directed
19.0_-65.0,20.0_-64.0,155.56,Directed
57.0_-7.0,56.0_-8.0,155.56,Directed
57.0_-7.0,56.0_-7.0,110.00,Directed
57.0_-7.0,56.0_-6.0,155.56,Directed
57.0_-7.0,57.0_-8.0,110.00,Directed
57.0_-7.0,57.0_-6.0,110.00,Directed
57.0_-7.0,58.0_-8.0,155.56,Directed
57.0_-7.0,58.0_-7.0,110.00,Directed
57.0_-7.0,58.0_-6.0,155.56,Directed
39.0_11.0,38.0_10.0,155.56,Directed
39.0_11.0,38.0_11.0,110.00,Directed
39.0_11.0,38.0_12.0,155.56,Directed
39.0_11.0,39.0_12.0,110.00,Directed
39.0_11.0,40.0_11.0,110.00,Directed
27.0_-76.0,26.0_-77.0,155.56,Directed
27.0_-76.0,26.0_-76.0,110.00,Directed
27.0_-76.0,26.0_-75.0,155.56,Directed
27.0_-76.0,27.0_-77.0,110.00,Directed
27.0_-76.0,27.0_-75.0,110.00,Directed
27.0_-76.0,28.0_-77.0,155.56,Directed
27.0_-76.0,28.0_-76.0,110.00,Directed
27.0_-76.0,28.0_-75.0,155.56,Directed
20.0_127.0,19.0_128.0,155.56,Directed
-32.0_-92.0,-32.0_-93.0,110.00,Directed
-32.0_-92.0,-32.0_-91.0,110.00,Directed
45.0_-88.0,44.0_-88.0,110.00,Directed
45.0_-88.0,44.0_-87.0,155.56,Directed
45.0_-88.0,45.0_-87.0,110.00,Directed
45.0_-88.0,46.0_-88.0,110.00,Directed
-1.0_-160.0,-2.0_-159.0,155.56,Directed
-1.0_-160.0,-1.0_-161.0,110.00,Directed
-1.0_-160.0,-1.0_-159.0,110.00,Directed
-1.0_-160.0,0.0_-161.0,155.56,Directed
-1.0_-160.0,0.0_-160.0,110.00,Directed
-1.0_-160.0,0.0_-159.0,155.56,Directed
43.0_-135.0,42.0_-135.0,110.00,Directed
43.0_-135.0,42.0_-134.0,155.56,Directed
43.0_-135.0,44.0_-134.0,155.56,Directed
6.0_91.0,6.0_90.0,110.00,Directed
6.0_91.0,6.0_92.0,110.00,Directed
-40.0_142.0,-41.0_142.0,110.00,Directed
14.0_-71.0,13.0_-72.0,155.56,Directed
14.0_-71.0,13.0_-71.0,110.00,Directed
14.0_-71.0,13.0_-70.0,155.56,Directed
14.0_-71.0,14.0_-72.0,110.00,Directed
14.0_-71.0,14.0_-70.0,110.00,Directed
14.0_-71.0,15.0_-72.0,155.56,Directed
14.0_-71.0,15.0_-71.0,110.00,Directed
14.0_-71.0,15.0_-70.0,155.56,Directed
21.0_-85.0,20.0_-86.0,155.56,Directed
21.0_-85.0,20.0_-84.0,155.56,Directed
21.0_-85.0,21.0_-84.0,110.00,Directed
21.0_-85.0,22.0_-86.0,155.56,Directed
21.0_-85.0,22.0_-85.0,110.00,Directed
1.0_-129.0,0.0_-130.0,155.56,Directed
1.0_-129.0,0.0_-129.0,110.00,Directed
1.0_-129.0,0.0_-128.0,155.56,Directed
1.0_-129.0,1.0_-130.0,110.00,Directed
1.0_-129.0,1.0_-128.0,110.00,Directed
1.0_-129.0,2.0_-129.0,110.00,Directed
20.0_-57.0,19.0_-58.0,155.56,Directed
20.0_-57.0,19.0_-56.0,155.56,Directed
20.0_-57.0,20.0_-58.0,110.00,Directed
20.0_-57.0,21.0_-58.0,155.56,Directed
20.0_-57.0,21.0_-57.0,110.00,Directed
10.0_-157.0,9.0_-158.0,155.56,Directed
10.0_-157.0,9.0_-156.0,155.56,Directed
10.0_-157.0,10.0_-158.0,110.00,Directed
10.0_-157.0,11.0_-158.0,155.56,Directed
10.0_-157.0,11.0_-156.0,155.56,Directed
40.0_142.0,39.0_141.0,155.56,Directed
40.0_142.0,39.0_142.0,110.00,Directed
40.0_142.0,39.0_143.0,155.56,Directed
40.0_142.0,40.0_141.0,110.00,Directed
40.0_142.0,40.0_143.0,110.00,Directed
40.0_142.0,41.0_141.0,155.56,Directed
40.0_142.0,41.0_142.0,110.00,Directed
40.0_142.0,41.0_143.0,155.56,Directed
7.0_-165.0,7.0_-164.0,110.00,Directed
7.0_-165.0,8.0_-165.0,110.00,Directed
31.0_138.0,30.0_137.0,155.56,Directed
31.0_138.0,30.0_138.0,110.00,Directed
31.0_138.0,31.0_137.0,110.00,Directed
31.0_138.0,32.0_137.0,155.56,Directed
31.0_138.0,32.0_138.0,110.00,Directed
31.0_138.0,32.0_139.0,155.56,Directed
-39.0_150.0,-38.0_150.0,110.00,Directed
49.0_-7.0,48.0_-8.0,155.56,Directed
49.0_-7.0,48.0_-7.0,110.00,Directed
49.0_-7.0,48.0_-6.0,155.56,Directed
49.0_-7.0,49.0_-8.0,110.00,Directed
49.0_-7.0,49.0_-6.0,110.00,Directed
49.0_-7.0,50.0_-8.0,155.56,Directed
49.0_-7.0,50.0_-7.0,110.00,Directed
28.0_-147.0,27.0_-147.0,110.00,Directed
28.0_-147.0,29.0_-146.0,155.56,Directed
-29.0_-106.0,-29.0_-107.0,110.00,Directed
-29.0_-106.0,-29.0_-105.0,110.00,Directed
29.0_-161.0,28.0_-161.0,110.00,Directed
29.0_-161.0,28.0_-160.0,155.56,Directed
29.0_-161.0,29.0_-160.0,110.00,Directed
29.0_-161.0,30.0_-162.0,155.56,Directed
29.0_-161.0,30.0_-161.0,110.00,Directed
54.0_-13.0,53.0_-14.0,155.56,Directed
54.0_-13.0,53.0_-13.0,110.00,Directed
54.0_-13.0,53.0_-12.0,155.56,Directed
54.0_-13.0,54.0_-14.0,110.00,Directed
54.0_-13.0,54.0_-12.0,110.00,Directed
54.0_-13.0,55.0_-13.0,110.00,Directed
54.0_-13.0,55.0_-12.0,155.56,Directed
31.0_-159.0,30.0_-159.0,110.00,Directed
31.0_-159.0,30.0_-158.0,155.56,Directed
31.0_-159.0,31.0_-160.0,110.00,Directed
31.0_-159.0,31.0_-158.0,110.00,Directed
31.0_-159.0,32.0_-160.0,155.56,Directed
31.0_-159.0,32.0_-159.0,110.00,Directed
31.0_-159.0,32.0_-158.0,155.56,Directed
40.0_-150.0,39.0_-150.0,110.00,Directed
40.0_-150.0,40.0_-151.0,110.00,Directed
40.0_-150.0,40.0_-149.0,110.00,Directed
40.0_-150.0,41.0_-151.0,155.56,Directed
40.0_-150.0,41.0_-150.0,110.00,Directed
40.0_-150.0,41.0_-149.0,155.56,Directed
41.0_41.0,40.0_40.0,155.56,Directed
41.0_41.0,40.0_41.0,110.00,Directed
5.0_-119.0,4.0_-120.0,155.56,Directed
5.0_-119.0,5.0_-118.0,110.00,Directed
5.0_-119.0,6.0_-118.0,155.56,Directed
26.0_-66.0,25.0_-66.0,110.00,Directed
26.0_-66.0,25.0_-65.0,155.56,Directed
26.0_-66.0,26.0_-65.0,110.00,Directed
26.0_-66.0,27.0_-67.0,155.56,Directed
26.0_-66.0,27.0_-66.0,110.00,Directed
26.0_-66.0,27.0_-65.0,155.56,Directed
13.0_-120.0,12.0_-121.0,155.56,Directed
13.0_-120.0,12.0_-119.0,155.56,Directed
13.0_-120.0,14.0_-119.0,155.56,Directed
35.0_-70.0,34.0_-70.0,110.00,Directed
35.0_-70.0,35.0_-69.0,110.00,Directed
35.0_-70.0,36.0_-70.0,110.00,Directed
35.0_-70.0,36.0_-69.0,155.56,Directed
8.0_-135.0,7.0_-136.0,155.56,Directed
8.0_-135.0,8.0_-136.0,110.00,Directed
8.0_-135.0,9.0_-135.0,110.00,Directed
-8.0_-122.0,-9.0_-122.0,110.00,Directed
-8.0_-122.0,-8.0_-121.0,110.00,Directed
17.0_-106.0,17.0_-105.0,110.00,Directed
17.0_-106.0,18.0_-106.0,110.00,Directed
16.0_-78.0,15.0_-79.0,155.56,Directed
16.0_-78.0,15.0_-77.0,155.56,Directed
16.0_-78.0,16.0_-79.0,110.00,Directed
16.0_-78.0,16.0_-77.0,110.00,Directed
16.0_-78.0,17.0_-79.0,155.56,Directed
16.0_-78.0,17.0_-78.0,110.00,Directed
16.0_-78.0,17.0_-77.0,155.56,Directed
42.0_-130.0,42.0_-131.0,110.00,Directed
42.0_-130.0,42.0_-129.0,110.00,Directed
42.0_-130.0,43.0_-130.0,110.00,Directed
38.0_144.0,37.0_143.0,155.56,Directed
38.0_144.0,37.0_144.0,110.00,Directed
38.0_144.0,38.0_143.0,110.00,Directed
38.0_144.0,39.0_143.0,155.56,Directed
-10.0_-142.0,-11.0_-143.0,155.56,Directed
-10.0_-142.0,-11.0_-142.0,110.00,Directed
-10.0_-142.0,-11.0_-141.0,155.56,Directed
-10.0_-142.0,-10.0_-143.0,110.00,Directed
-10.0_-142.0,-10.0_-141.0,110.00,Directed
-10.0_-142.0,-9.0_-143.0,155.56,Directed
-10.0_-142.0,-9.0_-142.0,110.00,Directed
-10.0_-142.0,-9.0_-141.0,155.56,Directed
34.0_-140.0,33.0_-141.0,155.56,Directed
34.0_-140.0,33.0_-140.0,110.00,Directed
34.0_-140.0,33.0_-139.0,155.56,Directed
34.0_-140.0,34.0_-141.0,110.00,Directed
34.0_-140.0,35.0_-141.0,155.56,Directed
34.0_-140.0,35.0_-140.0,110.00,Directed
34.0_-140.0,35.0_-139.0,155.56,Directed
31.0_-146.0,30.0_-146.0,110.00,Directed
31.0_-146.0,30.0_-145.0,155.56,Directed
31.0_-146.0,31.0_-147.0,110.00,Directed
31.0_-146.0,32.0_-147.0,155.56,Directed
31.0_-146.0,32.0_-146.0,110.00,Directed
31.0_-146.0,32.0_-145.0,155.56,Directed
4.0_-158.0,3.0_-158.0,110.00,Directed
4.0_-158.0,3.0_-157.0,155.56,Directed
4.0_-158.0,4.0_-157.0,110.00,Directed
4.0_-158.0,5.0_-159.0,155.56,Directed
4.0_-158.0,5.0_-158.0,110.00,Directed
4.0_-158.0,5.0_-157.0,155.56,Directed
39.0_-131.0,38.0_-131.0,110.00,Directed
39.0_-131.0,38.0_-130.0,155.56,Directed
39.0_-131.0,39.0_-132.0,110.00,Directed
39.0_-131.0,39.0_-130.0,110.00,Directed
39.0_-131.0,40.0_-131.0,110.00,Directed
13.0_-61.0,12.0_-62.0,155.56,Directed
13.0_-61.0,12.0_-61.0,110.00,Directed
13.0_-61.0,12.0_-60.0,155.56,Directed
13.0_-61.0,13.0_-62.0,110.00,Directed
13.0_-61.0,13.0_-60.0,110.00,Directed
13.0_-61.0,14.0_-62.0,155.56,Directed
13.0_-61.0,14.0_-61.0,110.00,Directed
13.0_-61.0,14.0_-60.0,155.56,Directed
39.0_5.0,38.0_5.0,110.00,Directed
39.0_5.0,38.0_6.0,155.56,Directed
39.0_5.0,39.0_4.0,110.00,Directed
39.0_5.0,39.0_6.0,110.00,Directed
39.0_5.0,40.0_5.0,110.00,Directed
-25.0_98.0,-25.0_99.0,110.00,Directed
58.0_-10.0,57.0_-11.0,155.56,Directed
58.0_-10.0,57.0_-10.0,110.00,Directed
58.0_-10.0,57.0_-9.0,155.56,Directed
58.0_-10.0,58.0_-11.0,110.00,Directed
58.0_-10.0,58.0_-9.0,110.00,Directed
58.0_-10.0,59.0_-11.0,155.56,Directed
58.0_-10.0,59.0_-10.0,110.00,Directed
58.0_-10.0,59.0_-9.0,155.56,Directed
-34.0_-73.0,-35.0_-74.0,155.56,Directed
42.0_-143.0,41.0_-144.0,155.56,Directed
42.0_-143.0,42.0_-144.0,110.00,Directed
32.0_122.0,31.0_122.0,110.00,Directed
32.0_122.0,31.0_123.0,155.56,Directed
30.0_-149.0,30.0_-150.0,110.00,Directed
30.0_-149.0,30.0_-148.0,110.00,Directed
30.0_-149.0,31.0_-150.0,155.56,Directed
30.0_-149.0,31.0_-149.0,110.00,Directed
-10.0_-155.0,-11.0_-156.0,155.56,Directed
-10.0_-155.0,-10.0_-156.0,110.00,Directed
-10.0_-155.0,-9.0_-156.0,155.56,Directed
69.0_-52.0,69.0_-51.0,110.00,Directed
69.0_-52.0,70.0_-53.0,155.56,Directed
20.0_-153.0,20.0_-154.0,110.00,Directed
20.0_-153.0,21.0_-154.0,155.56,Directed
20.0_-153.0,21.0_-153.0,110.00,Directed
20.0_-153.0,21.0_-152.0,155.56,Directed
24.0_-126.0,23.0_-127.0,155.56,Directed
24.0_-126.0,25.0_-126.0,110.00,Directed
-8.0_-7.0,-7.0_-8.0,155.56,Directed
31.0_-73.0,30.0_-74.0,155.56,Directed
31.0_-73.0,30.0_-73.0,110.00,Directed
31.0_-73.0,30.0_-72.0,155.56,Directed
31.0_-73.0,31.0_-74.0,110.00,Directed
31.0_-73.0,31.0_-72.0,110.00,Directed
31.0_-73.0,32.0_-74.0,155.56,Directed
31.0_-73.0,32.0_-73.0,110.00,Directed
31.0_-73.0,32.0_-72.0,155.56,Directed
19.0_-78.0,18.0_-79.0,155.56,Directed
19.0_-78.0,18.0_-78.0,110.00,Directed
19.0_-78.0,18.0_-77.0,155.56,Directed
19.0_-78.0,19.0_-79.0,110.00,Directed
19.0_-78.0,19.0_-77.0,110.00,Directed
48.0_-144.0,47.0_-145.0,155.56,Directed
22.0_-69.0,21.0_-70.0,155.56,Directed
22.0_-69.0,21.0_-69.0,110.00,Directed
22.0_-69.0,22.0_-70.0,110.00,Directed
22.0_-69.0,22.0_-68.0,110.00,Directed
22.0_-69.0,23.0_-70.0,155.56,Directed
22.0_-69.0,23.0_-68.0,155.56,Directed
26.0_-167.0,26.0_-166.0,110.00,Directed
11.0_-149.0,10.0_-150.0,155.56,Directed
11.0_-149.0,10.0_-148.0,155.56,Directed
11.0_-149.0,11.0_-150.0,110.00,Directed
11.0_-149.0,11.0_-148.0,110.00,Directed
11.0_-149.0,12.0_-150.0,155.56,Directed
11.0_-149.0,12.0_-149.0,110.00,Directed
11.0_-149.0,12.0_-148.0,155.56,Directed
45.0_-75.0,44.0_-76.0,155.56,Directed
45.0_-75.0,45.0_-74.0,110.00,Directed
23.0_-66.0,22.0_-66.0,110.00,Directed
23.0_-66.0,22.0_-65.0,155.56,Directed
23.0_-66.0,23.0_-65.0,110.00,Directed
23.0_-66.0,24.0_-66.0,110.00,Directed
23.0_-66.0,24.0_-65.0,155.56,Directed
32.0_-70.0,31.0_-71.0,155.56,Directed
32.0_-70.0,31.0_-70.0,110.00,Directed
32.0_-70.0,31.0_-69.0,155.56,Directed
32.0_-70.0,32.0_-69.0,110.00,Directed
32.0_-129.0,32.0_-130.0,110.00,Directed
32.0_-129.0,32.0_-128.0,110.00,Directed
32.0_-129.0,33.0_-128.0,155.56,Directed
37.0_4.0,38.0_5.0,155.56,Directed
18.0_-111.0,17.0_-112.0,155.56,Directed
18.0_-111.0,17.0_-111.0,110.00,Directed
18.0_-111.0,17.0_-110.0,155.56,Directed
18.0_-111.0,18.0_-112.0,110.00,Directed
18.0_-111.0,18.0_-110.0,110.00,Directed
18.0_-111.0,19.0_-111.0,110.00,Directed
18.0_-111.0,19.0_-110.0,155.56,Directed
33.0_-67.0,32.0_-68.0,155.56,Directed
33.0_-67.0,32.0_-67.0,110.00,Directed
33.0_-67.0,32.0_-66.0,155.56,Directed
33.0_-67.0,33.0_-66.0,110.00,Directed
33.0_-67.0,34.0_-68.0,155.56,Directed
33.0_-67.0,34.0_-67.0,110.00,Directed
33.0_-67.0,34.0_-66.0,155.56,Directed
59.0_-4.0,58.0_-5.0,155.56,Directed
59.0_-4.0,58.0_-4.0,110.00,Directed
59.0_-4.0,58.0_-3.0,155.56,Directed
59.0_-4.0,59.0_-5.0,110.00,Directed
59.0_-4.0,59.0_-3.0,110.00,Directed
59.0_-4.0,60.0_-5.0,155.56,Directed
59.0_-4.0,60.0_-4.0,110.00,Directed
59.0_-4.0,60.0_-3.0,155.56,Directed
43.0_-59.0,43.0_-60.0,110.00,Directed
43.0_-59.0,43.0_-58.0,110.00,Directed
43.0_-59.0,44.0_-60.0,155.56,Directed
43.0_-59.0,44.0_-59.0,110.00,Directed
35.0_-65.0,34.0_-66.0,155.56,Directed
35.0_-65.0,34.0_-65.0,110.00,Directed
35.0_-65.0,34.0_-64.0,155.56,Directed
35.0_-65.0,35.0_-66.0,110.00,Directed
35.0_-65.0,35.0_-64.0,110.00,Directed
35.0_-65.0,36.0_-66.0,155.56,Directed
35.0_-65.0,36.0_-65.0,110.00,Directed
35.0_-65.0,36.0_-64.0,155.56,Directed
42.0_-71.0,41.0_-72.0,155.56,Directed
42.0_-71.0,41.0_-71.0,110.00,Directed
42.0_-71.0,41.0_-70.0,155.56,Directed
42.0_-71.0,42.0_-70.0,110.00,Directed
42.0_-71.0,43.0_-71.0,110.00,Directed
42.0_-71.0,43.0_-70.0,155.56,Directed
-23.0_101.0,-24.0_102.0,155.56,Directed
-23.0_101.0,-23.0_102.0,110.00,Directed
-23.0_101.0,-22.0_101.0,110.00,Directed
-23.0_101.0,-22.0_102.0,155.56,Directed
7.0_-19.0,6.0_-18.0,155.56,Directed
36.0_-146.0,35.0_-147.0,155.56,Directed
36.0_-146.0,35.0_-146.0,110.00,Directed
36.0_-146.0,36.0_-145.0,110.00,Directed
-10.0_-137.0,-11.0_-138.0,155.56,Directed
-10.0_-137.0,-10.0_-138.0,110.00,Directed
-10.0_-137.0,-9.0_-138.0,155.56,Directed
-10.0_-137.0,-9.0_-136.0,155.56,Directed
32.0_140.0,31.0_140.0,110.00,Directed
32.0_140.0,32.0_139.0,110.00,Directed
32.0_140.0,33.0_139.0,155.56,Directed
32.0_140.0,33.0_140.0,110.00,Directed
-26.0_-121.0,-27.0_-120.0,155.56,Directed
-26.0_-121.0,-26.0_-122.0,110.00,Directed
37.0_-59.0,36.0_-60.0,155.56,Directed
37.0_-59.0,37.0_-58.0,110.00,Directed
29.0_127.0,28.0_128.0,155.56,Directed
29.0_127.0,29.0_126.0,110.00,Directed
29.0_127.0,29.0_128.0,110.00,Directed
29.0_127.0,30.0_127.0,110.00,Directed
29.0_127.0,30.0_128.0,155.56,Directed
36.0_132.0,35.0_131.0,155.56,Directed
36.0_132.0,35.0_132.0,110.00,Directed
36.0_132.0,35.0_133.0,155.56,Directed
36.0_132.0,36.0_131.0,110.00,Directed
36.0_132.0,36.0_133.0,110.00,Directed
36.0_132.0,37.0_132.0,110.00,Directed
36.0_132.0,37.0_133.0,155.56,Directed
-40.0_160.0,-41.0_160.0,110.00,Directed
47.0_-125.0,46.0_-125.0,110.00,Directed
47.0_-125.0,47.0_-126.0,110.00,Directed
47.0_-125.0,48.0_-126.0,155.56,Directed
47.0_-125.0,48.0_-125.0,110.00,Directed
47.0_-125.0,48.0_-124.0,155.56,Directed
-5.0_-146.0,-6.0_-146.0,110.00,Directed
-5.0_-146.0,-6.0_-145.0,155.56,Directed
-5.0_-146.0,-5.0_-147.0,110.00,Directed
-5.0_-146.0,-5.0_-145.0,110.00,Directed
16.0_-158.0,15.0_-159.0,155.56,Directed
16.0_-158.0,15.0_-158.0,110.00,Directed
16.0_-158.0,16.0_-159.0,110.00,Directed
16.0_-158.0,16.0_-157.0,110.00,Directed
16.0_-158.0,17.0_-159.0,155.56,Directed
16.0_-158.0,17.0_-158.0,110.00,Directed
16.0_-158.0,17.0_-157.0,155.56,Directed
45.0_-57.0,44.0_-57.0,110.00,Directed
45.0_-57.0,45.0_-58.0,110.00,Directed
45.0_-57.0,46.0_-58.0,155.56,Directed
45.0_-57.0,46.0_-57.0,110.00,Directed
32.0_-164.0,31.0_-165.0,155.56,Directed
32.0_-164.0,31.0_-164.0,110.00,Directed
32.0_-164.0,32.0_-165.0,110.00,Directed
32.0_-164.0,33.0_-165.0,155.56,Directed
32.0_-164.0,33.0_-163.0,155.56,Directed
28.0_-51.0,28.0_-52.0,110.00,Directed
42.0_3.0,41.0_2.0,155.56,Directed
42.0_3.0,41.0_3.0,110.00,Directed
42.0_3.0,42.0_4.0,110.00,Directed
42.0_3.0,43.0_3.0,110.00,Directed
42.0_3.0,43.0_4.0,155.56,Directed
55.0_-164.0,54.0_-165.0,155.56,Directed
55.0_-164.0,55.0_-165.0,110.00,Directed
55.0_-164.0,55.0_-163.0,110.00,Directed
26.0_140.0,25.0_141.0,155.56,Directed
26.0_140.0,26.0_141.0,110.00,Directed
26.0_140.0,27.0_140.0,110.00,Directed
26.0_140.0,27.0_141.0,155.56,Directed
33.0_-156.0,32.0_-157.0,155.56,Directed
33.0_-156.0,32.0_-156.0,110.00,Directed
33.0_-156.0,32.0_-155.0,155.56,Directed
33.0_-156.0,33.0_-155.0,110.00,Directed
33.0_-156.0,34.0_-157.0,155.56,Directed
33.0_-156.0,34.0_-156.0,110.00,Directed
31.0_-60.0,30.0_-61.0,155.56,Directed
31.0_-60.0,30.0_-60.0,110.00,Directed
31.0_-60.0,30.0_-59.0,155.56,Directed
31.0_-60.0,31.0_-61.0,110.00,Directed
31.0_-60.0,32.0_-61.0,155.56,Directed
31.0_-60.0,32.0_-59.0,155.56,Directed
3.0_-162.0,2.0_-161.0,155.56,Directed
3.0_-162.0,3.0_-161.0,110.00,Directed
3.0_-162.0,4.0_-161.0,155.56,Directed
13.0_-146.0,12.0_-145.0,155.56,Directed
13.0_-146.0,13.0_-147.0,110.00,Directed
13.0_-146.0,14.0_-146.0,110.00,Directed
13.0_-146.0,14.0_-145.0,155.56,Directed
22.0_-151.0,21.0_-152.0,155.56,Directed
22.0_-151.0,21.0_-151.0,110.00,Directed
22.0_-151.0,22.0_-152.0,110.00,Directed
22.0_-151.0,23.0_-150.0,155.56,Directed
39.0_-126.0,38.0_-127.0,155.56,Directed
39.0_-126.0,38.0_-126.0,110.00,Directed
39.0_-126.0,38.0_-125.0,155.56,Directed
39.0_-126.0,39.0_-125.0,110.00,Directed
39.0_-126.0,40.0_-127.0,155.56,Directed
39.0_-126.0,40.0_-126.0,110.00,Directed
38.0_-143.0,37.0_-144.0,155.56,Directed
38.0_-143.0,38.0_-144.0,110.00,Directed
38.0_-143.0,38.0_-142.0,110.00,Directed
38.0_-143.0,39.0_-144.0,155.56,Directed
38.0_-143.0,39.0_-142.0,155.56,Directed
8.0_-148.0,7.0_-149.0,155.56,Directed
8.0_-148.0,7.0_-148.0,110.00,Directed
8.0_-148.0,7.0_-147.0,155.56,Directed
8.0_-148.0,8.0_-149.0,110.00,Directed
8.0_-148.0,8.0_-147.0,110.00,Directed
8.0_-148.0,9.0_-147.0,155.56,Directed
5.0_-87.0,5.0_-88.0,110.00,Directed
5.0_-87.0,6.0_-88.0,155.56,Directed
5.0_-87.0,6.0_-87.0,110.00,Directed
5.0_-87.0,6.0_-86.0,155.56,Directed
-7.0_-143.0,-8.0_-143.0,110.00,Directed
-7.0_-143.0,-8.0_-142.0,155.56,Directed
-7.0_-143.0,-7.0_-144.0,110.00,Directed
-7.0_-143.0,-7.0_-142.0,110.00,Directed
-7.0_-143.0,-6.0_-142.0,155.56,Directed
24.0_155.0,23.0_155.0,110.00,Directed
24.0_155.0,25.0_154.0,155.56,Directed
40.0_-68.0,39.0_-69.0,155.56,Directed
40.0_-68.0,39.0_-68.0,110.00,Directed
40.0_-68.0,39.0_-67.0,155.56,Directed
40.0_-68.0,40.0_-69.0,110.00,Directed
40.0_-68.0,40.0_-67.0,110.00,Directed
40.0_-68.0,41.0_-69.0,155.56,Directed
40.0_-68.0,41.0_-68.0,110.00,Directed
40.0_-68.0,41.0_-67.0,155.56,Directed
27.0_-45.0,26.0_-44.0,155.56,Directed
27.0_-45.0,28.0_-45.0,110.00,Directed
4.0_-145.0,3.0_-146.0,155.56,Directed
4.0_-145.0,3.0_-145.0,110.00,Directed
4.0_-145.0,3.0_-144.0,155.56,Directed
4.0_-145.0,4.0_-144.0,110.00,Directed
4.0_-145.0,5.0_-145.0,110.00,Directed
14.0_141.0,13.0_141.0,110.00,Directed
14.0_141.0,14.0_140.0,110.00,Directed
14.0_141.0,15.0_141.0,110.00,Directed
-22.0_98.0,-21.0_98.0,110.00,Directed
-12.0_-152.0,-13.0_-152.0,110.00,Directed
-12.0_-152.0,-11.0_-152.0,110.00,Directed
15.0_-99.0,15.0_-98.0,110.00,Directed
15.0_-99.0,16.0_-100.0,155.56,Directed
41.0_-65.0,40.0_-66.0,155.56,Directed
41.0_-65.0,40.0_-65.0,110.00,Directed
41.0_-65.0,40.0_-64.0,155.56,Directed
41.0_-65.0,41.0_-66.0,110.00,Directed
41.0_-65.0,41.0_-64.0,110.00,Directed
41.0_-65.0,42.0_-66.0,155.56,Directed
41.0_-65.0,42.0_-65.0,110.00,Directed
41.0_-65.0,42.0_-64.0,155.56,Directed
30.0_-154.0,29.0_-154.0,110.00,Directed
30.0_-154.0,30.0_-155.0,110.00,Directed
30.0_-154.0,30.0_-153.0,110.00,Directed
30.0_-154.0,31.0_-155.0,155.56,Directed
30.0_-154.0,31.0_-153.0,155.56,Directed
-17.0_-152.0,-18.0_-152.0,110.00,Directed
-17.0_-152.0,-18.0_-151.0,155.56,Directed
-17.0_-152.0,-17.0_-153.0,110.00,Directed
-17.0_-152.0,-17.0_-151.0,110.00,Directed
-17.0_-152.0,-16.0_-152.0,110.00,Directed
56.0_-11.0,55.0_-12.0,155.56,Directed
56.0_-11.0,55.0_-11.0,110.00,Directed
56.0_-11.0,55.0_-10.0,155.56,Directed
56.0_-11.0,56.0_-12.0,110.00,Directed
56.0_-11.0,56.0_-10.0,110.00,Directed
56.0_-11.0,57.0_-12.0,155.56,Directed
56.0_-11.0,57.0_-11.0,110.00,Directed
56.0_-11.0,57.0_-10.0,155.56,Directed
-5.0_-29.0,-4.0_-28.0,155.56,Directed
34.0_-64.0,33.0_-65.0,155.56,Directed
34.0_-64.0,33.0_-64.0,110.00,Directed
34.0_-64.0,33.0_-63.0,155.56,Directed
34.0_-64.0,34.0_-65.0,110.00,Directed
34.0_-64.0,34.0_-63.0,110.00,Directed
34.0_-64.0,35.0_-65.0,155.56,Directed
34.0_-64.0,35.0_-64.0,110.00,Directed
34.0_-64.0,35.0_-63.0,155.56,Directed
39.0_-157.0,40.0_-158.0,155.56,Directed
39.0_-157.0,40.0_-157.0,110.00,Directed
-26.0_-35.0,-26.0_-36.0,110.00,Directed
-26.0_-35.0,-25.0_-34.0,155.56,Directed
34.0_129.0,33.0_128.0,155.56,Directed
34.0_129.0,33.0_129.0,110.00,Directed
34.0_129.0,33.0_130.0,155.56,Directed
34.0_129.0,34.0_130.0,110.00,Directed
34.0_129.0,35.0_130.0,155.56,Directed
15.0_-68.0,14.0_-69.0,155.56,Directed
15.0_-68.0,14.0_-67.0,155.56,Directed
15.0_-68.0,15.0_-69.0,110.00,Directed
15.0_-68.0,16.0_-69.0,155.56,Directed
15.0_-68.0,16.0_-68.0,110.00,Directed
15.0_-68.0,16.0_-67.0,155.56,Directed
11.0_-118.0,10.0_-119.0,155.56,Directed
11.0_-118.0,10.0_-117.0,155.56,Directed
11.0_-118.0,11.0_-119.0,110.00,Directed
11.0_-118.0,12.0_-119.0,155.56,Directed
11.0_-118.0,12.0_-118.0,110.00,Directed
11.0_-118.0,12.0_-117.0,155.56,Directed
-1.0_-142.0,-2.0_-143.0,155.56,Directed
-1.0_-142.0,-2.0_-142.0,110.00,Directed
-1.0_-142.0,-2.0_-141.0,155.56,Directed
-1.0_-142.0,-1.0_-143.0,110.00,Directed
-1.0_-142.0,-1.0_-141.0,110.00,Directed
-1.0_-142.0,0.0_-143.0,155.56,Directed
-1.0_-142.0,0.0_-142.0,110.00,Directed
-1.0_-142.0,0.0_-141.0,155.56,Directed
28.0_-64.0,27.0_-65.0,155.56,Directed
28.0_-64.0,27.0_-64.0,110.00,Directed
28.0_-64.0,27.0_-63.0,155.56,Directed
28.0_-64.0,28.0_-65.0,110.00,Directed
28.0_-64.0,28.0_-63.0,110.00,Directed
28.0_-64.0,29.0_-65.0,155.56,Directed
28.0_-64.0,29.0_-64.0,110.00,Directed
28.0_-64.0,29.0_-63.0,155.56,Directed
34.0_-171.0,34.0_-172.0,110.00,Directed
34.0_-171.0,34.0_-170.0,110.00,Directed
34.0_-171.0,35.0_-172.0,155.56,Directed
-33.0_-10.0,-33.0_-11.0,110.00,Directed
-33.0_-10.0,-32.0_-9.0,155.56,Directed
33.0_-169.0,32.0_-170.0,155.56,Directed
33.0_-169.0,32.0_-168.0,155.56,Directed
33.0_-169.0,33.0_-168.0,110.00,Directed
33.0_-169.0,34.0_-170.0,155.56,Directed
24.0_-72.0,23.0_-73.0,155.56,Directed
24.0_-72.0,23.0_-72.0,110.00,Directed
24.0_-72.0,23.0_-71.0,155.56,Directed
24.0_-72.0,24.0_-73.0,110.00,Directed
24.0_-72.0,24.0_-71.0,110.00,Directed
24.0_-72.0,25.0_-73.0,155.56,Directed
24.0_-72.0,25.0_-72.0,110.00,Directed
24.0_-72.0,25.0_-71.0,155.56,Directed
44.0_-149.0,43.0_-149.0,110.00,Directed
44.0_-149.0,44.0_-148.0,110.00,Directed
44.0_-149.0,45.0_-148.0,155.56,Directed
23.0_-84.0,22.0_-85.0,155.56,Directed
23.0_-84.0,23.0_-85.0,110.00,Directed
23.0_-84.0,23.0_-83.0,110.00,Directed
23.0_-84.0,24.0_-85.0,155.56,Directed
23.0_-84.0,24.0_-84.0,110.00,Directed
23.0_-84.0,24.0_-83.0,155.56,Directed
-27.0_106.0,-27.0_107.0,110.00,Directed
-27.0_106.0,-26.0_105.0,155.56,Directed
-27.0_106.0,-26.0_106.0,110.00,Directed
-27.0_106.0,-26.0_107.0,155.56,Directed
30.0_-71.0,29.0_-72.0,155.56,Directed
30.0_-71.0,29.0_-71.0,110.00,Directed
30.0_-71.0,29.0_-70.0,155.56,Directed
30.0_-71.0,30.0_-72.0,110.00,Directed
30.0_-71.0,30.0_-70.0,110.00,Directed
30.0_-71.0,31.0_-72.0,155.56,Directed
30.0_-71.0,31.0_-71.0,110.00,Directed
30.0_-71.0,31.0_-70.0,155.56,Directed
35.0_135.0,34.0_134.0,155.56,Directed
35.0_135.0,34.0_135.0,110.00,Directed
35.0_135.0,34.0_136.0,155.56,Directed
35.0_135.0,35.0_134.0,110.00,Directed
35.0_135.0,36.0_134.0,155.56,Directed
35.0_135.0,36.0_135.0,110.00,Directed
35.0_135.0,36.0_136.0,155.56,Directed
41.0_19.0,40.0_18.0,155.56,Directed
41.0_19.0,40.0_19.0,110.00,Directed
41.0_19.0,41.0_18.0,110.00,Directed
41.0_19.0,42.0_18.0,155.56,Directed
41.0_19.0,42.0_19.0,110.00,Directed
13.0_-159.0,12.0_-160.0,155.56,Directed
13.0_-159.0,12.0_-159.0,110.00,Directed
13.0_-159.0,12.0_-158.0,155.56,Directed
13.0_-159.0,13.0_-160.0,110.00,Directed
13.0_-159.0,13.0_-158.0,110.00,Directed
13.0_-159.0,14.0_-160.0,155.56,Directed
13.0_-159.0,14.0_-159.0,110.00,Directed
13.0_-159.0,14.0_-158.0,155.56,Directed
26.0_-149.0,25.0_-150.0,155.56,Directed
26.0_-149.0,25.0_-148.0,155.56,Directed
26.0_-149.0,26.0_-148.0,110.00,Directed
39.0_-67.0,38.0_-68.0,155.56,Directed
39.0_-67.0,38.0_-67.0,110.00,Directed
39.0_-67.0,38.0_-66.0,155.56,Directed
39.0_-67.0,39.0_-68.0,110.00,Directed
39.0_-67.0,39.0_-66.0,110.00,Directed
39.0_-67.0,40.0_-68.0,155.56,Directed
39.0_-67.0,40.0_-67.0,110.00,Directed
39.0_-67.0,40.0_-66.0,155.56,Directed
42.0_-84.0,41.0_-84.0,110.00,Directed
42.0_-84.0,41.0_-83.0,155.56,Directed
42.0_-84.0,42.0_-83.0,110.00,Directed
42.0_-84.0,43.0_-83.0,155.56,Directed
-55.0_133.0,-56.0_134.0,155.56,Directed
-55.0_133.0,-55.0_134.0,110.00,Directed
36.0_-5.0,35.0_-6.0,155.56,Directed
17.0_-84.0,16.0_-85.0,155.56,Directed
17.0_-84.0,16.0_-84.0,110.00,Directed
17.0_-84.0,16.0_-83.0,155.56,Directed
17.0_-84.0,17.0_-85.0,110.00,Directed
17.0_-84.0,17.0_-83.0,110.00,Directed
17.0_-84.0,18.0_-85.0,155.56,Directed
17.0_-84.0,18.0_-84.0,110.00,Directed
17.0_-84.0,18.0_-83.0,155.56,Directed
41.0_-138.0,40.0_-139.0,155.56,Directed
41.0_-138.0,40.0_-137.0,155.56,Directed
41.0_-138.0,42.0_-138.0,110.00,Directed
9.0_-162.0,8.0_-163.0,155.56,Directed
9.0_-162.0,8.0_-162.0,110.00,Directed
9.0_-162.0,8.0_-161.0,155.56,Directed
9.0_-162.0,9.0_-163.0,110.00,Directed
9.0_-162.0,9.0_-161.0,110.00,Directed
9.0_-162.0,10.0_-163.0,155.56,Directed
9.0_-162.0,10.0_-162.0,110.00,Directed
9.0_-162.0,10.0_-161.0,155.56,Directed
-32.0_-26.0,-32.0_-27.0,110.00,Directed
-32.0_-26.0,-31.0_-25.0,155.56,Directed
-49.0_142.0,-48.0_142.0,110.00,Directed
-49.0_142.0,-48.0_143.0,155.56,Directed
18.0_-81.0,17.0_-82.0,155.56,Directed
18.0_-81.0,17.0_-81.0,110.00,Directed
18.0_-81.0,17.0_-80.0,155.56,Directed
18.0_-81.0,18.0_-82.0,110.00,Directed
18.0_-81.0,18.0_-80.0,110.00,Directed
18.0_-81.0,19.0_-82.0,155.56,Directed
18.0_-81.0,19.0_-81.0,110.00,Directed
18.0_-81.0,19.0_-80.0,155.56,Directed
35.0_-141.0,34.0_-142.0,155.56,Directed
35.0_-141.0,34.0_-141.0,110.00,Directed
35.0_-141.0,34.0_-140.0,155.56,Directed
35.0_-141.0,35.0_-142.0,110.00,Directed
35.0_-141.0,35.0_-140.0,110.00,Directed
35.0_-141.0,36.0_-142.0,155.56,Directed
35.0_-141.0,36.0_-141.0,110.00,Directed
45.0_-44.0,45.0_-45.0,110.00,Directed
32.0_-48.0,31.0_-48.0,110.00,Directed
32.0_-48.0,33.0_-47.0,155.56,Directed
15.0_-144.0,14.0_-145.0,155.56,Directed
15.0_-144.0,14.0_-144.0,110.00,Directed
15.0_-144.0,14.0_-143.0,155.56,Directed
15.0_-144.0,15.0_-145.0,110.00,Directed
7.0_-121.0,6.0_-122.0,155.56,Directed
7.0_-121.0,6.0_-121.0,110.00,Directed
7.0_-121.0,7.0_-122.0,110.00,Directed
7.0_-121.0,7.0_-120.0,110.00,Directed
7.0_-121.0,8.0_-122.0,155.56,Directed
7.0_-121.0,8.0_-121.0,110.00,Directed
7.0_-121.0,8.0_-120.0,155.56,Directed
21.0_119.0,20.0_119.0,110.00,Directed
21.0_119.0,21.0_118.0,110.00,Directed
39.0_24.0,38.0_23.0,155.56,Directed
39.0_24.0,39.0_23.0,110.00,Directed
39.0_24.0,40.0_25.0,155.56,Directed
30.0_123.0,29.0_122.0,155.56,Directed
30.0_123.0,30.0_122.0,110.00,Directed
30.0_123.0,31.0_122.0,155.56,Directed
30.0_123.0,31.0_123.0,110.00,Directed
21.0_-106.0,20.0_-107.0,155.56,Directed
21.0_-106.0,20.0_-106.0,110.00,Directed
21.0_-106.0,21.0_-107.0,110.00,Directed
21.0_-106.0,22.0_-107.0,155.56,Directed
29.0_-126.0,28.0_-127.0,155.56,Directed
29.0_-126.0,28.0_-126.0,110.00,Directed
29.0_-126.0,28.0_-125.0,155.56,Directed
29.0_-126.0,29.0_-125.0,110.00,Directed
29.0_-126.0,30.0_-125.0,155.56,Directed
5.0_-137.0,5.0_-138.0,110.00,Directed
5.0_-137.0,5.0_-136.0,110.00,Directed
5.0_-137.0,6.0_-138.0,155.56,Directed
5.0_-137.0,6.0_-136.0,155.56,Directed
38.0_-69.0,37.0_-70.0,155.56,Directed
38.0_-69.0,37.0_-69.0,110.00,Directed
38.0_-69.0,37.0_-68.0,155.56,Directed
38.0_-69.0,38.0_-70.0,110.00,Directed
38.0_-69.0,38.0_-68.0,110.00,Directed
38.0_-69.0,39.0_-70.0,155.56,Directed
38.0_-69.0,39.0_-69.0,110.00,Directed
38.0_-69.0,39.0_-68.0,155.56,Directed
6.0_-18.0,7.0_-19.0,155.56,Directed
77.0_11.0,76.0_11.0,110.00,Directed
77.0_11.0,76.0_12.0,155.56,Directed
77.0_11.0,77.0_10.0,110.00,Directed
77.0_11.0,77.0_12.0,110.00,Directed
38.0_-130.0,38.0_-131.0,110.00,Directed
38.0_-130.0,38.0_-129.0,110.00,Directed
38.0_-130.0,39.0_-131.0,155.56,Directed
38.0_-130.0,39.0_-130.0,110.00,Directed
11.0_-62.0,11.0_-63.0,110.00,Directed
11.0_-62.0,11.0_-61.0,110.00,Directed
11.0_-62.0,12.0_-63.0,155.56,Directed
11.0_-62.0,12.0_-62.0,110.00,Directed
11.0_-62.0,12.0_-61.0,155.56,Directed
-7.0_-156.0,-8.0_-157.0,155.56,Directed
-7.0_-156.0,-8.0_-155.0,155.56,Directed
-7.0_-156.0,-7.0_-155.0,110.00,Directed
-7.0_-156.0,-6.0_-157.0,155.56,Directed
-7.0_-156.0,-6.0_-156.0,110.00,Directed
25.0_-77.0,24.0_-78.0,155.56,Directed
25.0_-77.0,24.0_-77.0,110.00,Directed
25.0_-77.0,24.0_-76.0,155.56,Directed
25.0_-77.0,25.0_-78.0,110.00,Directed
25.0_-77.0,25.0_-76.0,110.00,Directed
25.0_-77.0,26.0_-78.0,155.56,Directed
25.0_-77.0,26.0_-77.0,110.00,Directed
25.0_-77.0,26.0_-76.0,155.56,Directed
-28.0_-109.0,-28.0_-110.0,110.00,Directed
-28.0_-109.0,-28.0_-108.0,110.00,Directed
-28.0_-109.0,-27.0_-108.0,155.56,Directed
-16.0_-152.0,-17.0_-153.0,155.56,Directed
-16.0_-152.0,-17.0_-152.0,110.00,Directed
-16.0_-152.0,-17.0_-151.0,155.56,Directed
-16.0_-152.0,-15.0_-153.0,155.56,Directed
-16.0_-152.0,-15.0_-151.0,155.56,Directed
40.0_-145.0,39.0_-146.0,155.56,Directed
40.0_-145.0,39.0_-144.0,155.56,Directed
40.0_-145.0,40.0_-146.0,110.00,Directed
40.0_-145.0,40.0_-144.0,110.00,Directed
40.0_-145.0,41.0_-146.0,155.56,Directed
40.0_-145.0,41.0_-144.0,155.56,Directed
29.0_-61.0,28.0_-62.0,155.56,Directed
29.0_-61.0,28.0_-61.0,110.00,Directed
29.0_-61.0,28.0_-60.0,155.56,Directed
29.0_-61.0,29.0_-62.0,110.00,Directed
29.0_-61.0,29.0_-60.0,110.00,Directed
29.0_-61.0,30.0_-62.0,155.56,Directed
29.0_-61.0,30.0_-61.0,110.00,Directed
29.0_-61.0,30.0_-60.0,155.56,Directed
29.0_-144.0,28.0_-145.0,155.56,Directed
29.0_-144.0,28.0_-144.0,110.00,Directed
29.0_-144.0,30.0_-145.0,155.56,Directed
29.0_-144.0,30.0_-144.0,110.00,Directed
29.0_-144.0,30.0_-143.0,155.56,Directed
32.0_-133.0,32.0_-134.0,110.00,Directed
32.0_-133.0,32.0_-132.0,110.00,Directed
32.0_-133.0,33.0_-134.0,155.56,Directed
32.0_-133.0,33.0_-133.0,110.00,Directed
32.0_-133.0,33.0_-132.0,155.56,Directed
10.0_-162.0,9.0_-163.0,155.56,Directed
10.0_-162.0,9.0_-162.0,110.00,Directed
10.0_-162.0,9.0_-161.0,155.56,Directed
10.0_-162.0,10.0_-163.0,110.00,Directed
10.0_-162.0,10.0_-161.0,110.00,Directed
10.0_-162.0,11.0_-163.0,155.56,Directed
10.0_-162.0,11.0_-162.0,110.00,Directed
10.0_-162.0,11.0_-161.0,155.56,Directed
34.0_26.0,35.0_25.0,155.56,Directed
34.0_26.0,35.0_26.0,110.00,Directed
37.0_-134.0,38.0_-135.0,155.56,Directed
37.0_-134.0,38.0_-134.0,110.00,Directed
37.0_-134.0,38.0_-133.0,155.56,Directed
33.0_-125.0,32.0_-126.0,155.56,Directed
33.0_-125.0,32.0_-125.0,110.00,Directed
33.0_-125.0,32.0_-124.0,155.56,Directed
33.0_-125.0,33.0_-126.0,110.00,Directed
33.0_-125.0,33.0_-124.0,110.00,Directed
33.0_-125.0,34.0_-126.0,155.56,Directed
33.0_-125.0,34.0_-125.0,110.00,Directed
28.0_-152.0,29.0_-151.0,155.56,Directed
0.0_-142.0,-1.0_-143.0,155.56,Directed
0.0_-142.0,-1.0_-142.0,110.00,Directed
0.0_-142.0,-1.0_-141.0,155.56,Directed
0.0_-142.0,0.0_-143.0,110.00,Directed
0.0_-142.0,0.0_-141.0,110.00,Directed
0.0_-142.0,1.0_-143.0,155.56,Directed
0.0_-142.0,1.0_-141.0,155.56,Directed
49.0_-11.0,48.0_-12.0,155.56,Directed
49.0_-11.0,48.0_-11.0,110.00,Directed
49.0_-11.0,49.0_-12.0,110.00,Directed
49.0_-11.0,49.0_-10.0,110.00,Directed
49.0_-11.0,50.0_-12.0,155.56,Directed
49.0_-11.0,50.0_-11.0,110.00,Directed
49.0_-11.0,50.0_-10.0,155.56,Directed
25.0_-113.0,24.0_-114.0,155.56,Directed
25.0_-113.0,24.0_-113.0,110.00,Directed
25.0_-113.0,25.0_-114.0,110.00,Directed
25.0_-113.0,26.0_-112.0,155.56,Directed
26.0_-83.0,25.0_-84.0,155.56,Directed
26.0_-83.0,25.0_-83.0,110.00,Directed
26.0_-83.0,27.0_-84.0,155.56,Directed
26.0_-83.0,27.0_-83.0,110.00,Directed
35.0_-34.0,34.0_-35.0,155.56,Directed
35.0_-34.0,36.0_-34.0,110.00,Directed
38.0_-126.0,38.0_-127.0,110.00,Directed
38.0_-126.0,38.0_-125.0,110.00,Directed
38.0_-126.0,39.0_-126.0,110.00,Directed
38.0_-126.0,39.0_-125.0,155.56,Directed
17.0_-79.0,16.0_-80.0,155.56,Directed
17.0_-79.0,16.0_-79.0,110.00,Directed
17.0_-79.0,16.0_-78.0,155.56,Directed
17.0_-79.0,17.0_-80.0,110.00,Directed
17.0_-79.0,17.0_-78.0,110.00,Directed
17.0_-79.0,18.0_-80.0,155.56,Directed
17.0_-79.0,18.0_-79.0,110.00,Directed
17.0_-79.0,18.0_-78.0,155.56,Directed
35.0_-172.0,34.0_-173.0,155.56,Directed
35.0_-172.0,34.0_-172.0,110.00,Directed
35.0_-172.0,34.0_-171.0,155.56,Directed
27.0_150.0,27.0_151.0,110.00,Directed
27.0_150.0,28.0_149.0,155.56,Directed
-19.0_95.0,-20.0_96.0,155.56,Directed
-19.0_95.0,-19.0_94.0,110.00,Directed
-19.0_95.0,-19.0_96.0,110.00,Directed
-19.0_95.0,-18.0_95.0,110.00,Directed
50.0_0.0,49.0_-1.0,155.56,Directed
50.0_0.0,49.0_0.0,110.00,Directed
50.0_0.0,50.0_-1.0,110.00,Directed
50.0_0.0,50.0_1.0,110.00,Directed
50.0_0.0,51.0_1.0,155.56,Directed
28.0_129.0,27.0_129.0,110.00,Directed
28.0_129.0,27.0_130.0,155.56,Directed
28.0_129.0,28.0_128.0,110.00,Directed
28.0_129.0,28.0_130.0,110.00,Directed
28.0_129.0,29.0_128.0,155.56,Directed
28.0_129.0,29.0_129.0,110.00,Directed
15.0_-161.0,14.0_-162.0,155.56,Directed
15.0_-161.0,14.0_-161.0,110.00,Directed
15.0_-161.0,14.0_-160.0,155.56,Directed
15.0_-161.0,15.0_-162.0,110.00,Directed
15.0_-161.0,15.0_-160.0,110.00,Directed
15.0_-161.0,16.0_-161.0,110.00,Directed
15.0_-161.0,16.0_-160.0,155.56,Directed
42.0_140.0,41.0_139.0,155.56,Directed
42.0_140.0,41.0_140.0,110.00,Directed
42.0_140.0,41.0_141.0,155.56,Directed
42.0_140.0,42.0_141.0,110.00,Directed
42.0_140.0,43.0_139.0,155.56,Directed
42.0_140.0,43.0_140.0,110.00,Directed
42.0_140.0,43.0_141.0,155.56,Directed
23.0_-83.0,23.0_-84.0,110.00,Directed
23.0_-83.0,23.0_-82.0,110.00,Directed
23.0_-83.0,24.0_-84.0,155.56,Directed
23.0_-83.0,24.0_-83.0,110.00,Directed
23.0_-83.0,24.0_-82.0,155.56,Directed
7.0_-86.0,6.0_-87.0,155.56,Directed
7.0_-86.0,6.0_-86.0,110.00,Directed
7.0_-86.0,7.0_-87.0,110.00,Directed
7.0_-86.0,8.0_-86.0,110.00,Directed
17.0_-110.0,16.0_-111.0,155.56,Directed
17.0_-110.0,16.0_-110.0,110.00,Directed
17.0_-110.0,16.0_-109.0,155.56,Directed
17.0_-110.0,17.0_-111.0,110.00,Directed
17.0_-110.0,17.0_-109.0,110.00,Directed
17.0_-110.0,18.0_-111.0,155.56,Directed
17.0_-110.0,18.0_-110.0,110.00,Directed
17.0_-110.0,18.0_-109.0,155.56,Directed
13.0_-116.0,12.0_-117.0,155.56,Directed
13.0_-116.0,12.0_-115.0,155.56,Directed
13.0_-116.0,13.0_-117.0,110.00,Directed
13.0_-116.0,14.0_-116.0,110.00,Directed
13.0_-116.0,14.0_-115.0,155.56,Directed
29.0_-74.0,28.0_-75.0,155.56,Directed
29.0_-74.0,28.0_-74.0,110.00,Directed
29.0_-74.0,28.0_-73.0,155.56,Directed
29.0_-74.0,29.0_-75.0,110.00,Directed
29.0_-74.0,29.0_-73.0,110.00,Directed
29.0_-74.0,30.0_-75.0,155.56,Directed
29.0_-74.0,30.0_-74.0,110.00,Directed
29.0_-74.0,30.0_-73.0,155.56,Directed
33.0_136.0,32.0_135.0,155.56,Directed
33.0_136.0,32.0_136.0,110.00,Directed
33.0_136.0,32.0_137.0,155.56,Directed
33.0_136.0,33.0_135.0,110.00,Directed
33.0_136.0,33.0_137.0,110.00,Directed
33.0_136.0,34.0_135.0,155.56,Directed
33.0_136.0,34.0_136.0,110.00,Directed
33.0_136.0,34.0_137.0,155.56,Directed
21.0_-24.0,20.0_-25.0,155.56,Directed
51.0_-130.0,50.0_-131.0,155.56,Directed
51.0_-130.0,50.0_-129.0,155.56,Directed
51.0_-130.0,51.0_-131.0,110.00,Directed
51.0_-130.0,51.0_-129.0,110.00,Directed
23.0_-164.0,23.0_-165.0,110.00,Directed
23.0_-164.0,23.0_-163.0,110.00,Directed
22.0_-86.0,21.0_-85.0,155.56,Directed
22.0_-86.0,22.0_-85.0,110.00,Directed
22.0_-86.0,23.0_-85.0,155.56,Directed
32.0_-146.0,31.0_-147.0,155.56,Directed
32.0_-146.0,31.0_-146.0,110.00,Directed
32.0_-146.0,32.0_-147.0,110.00,Directed
32.0_-146.0,32.0_-145.0,110.00,Directed
32.0_-146.0,33.0_-147.0,155.56,Directed
28.0_-77.0,27.0_-78.0,155.56,Directed
28.0_-77.0,27.0_-77.0,110.00,Directed
28.0_-77.0,27.0_-76.0,155.56,Directed
28.0_-77.0,28.0_-78.0,110.00,Directed
28.0_-77.0,28.0_-76.0,110.00,Directed
28.0_-77.0,29.0_-78.0,155.56,Directed
28.0_-77.0,29.0_-77.0,110.00,Directed
28.0_-77.0,29.0_-76.0,155.56,Directed
15.0_-72.0,14.0_-72.0,110.00,Directed
15.0_-72.0,14.0_-71.0,155.56,Directed
15.0_-72.0,15.0_-73.0,110.00,Directed
15.0_-72.0,15.0_-71.0,110.00,Directed
15.0_-72.0,16.0_-73.0,155.56,Directed
15.0_-72.0,16.0_-72.0,110.00,Directed
15.0_-72.0,16.0_-71.0,155.56,Directed
-15.0_124.0,-16.0_123.0,155.56,Directed
31.0_-37.0,30.0_-38.0,155.56,Directed
31.0_-37.0,32.0_-37.0,110.00,Directed
39.0_19.0,38.0_18.0,155.56,Directed
39.0_19.0,39.0_18.0,110.00,Directed
39.0_19.0,39.0_20.0,110.00,Directed
39.0_19.0,40.0_18.0,155.56,Directed
39.0_19.0,40.0_19.0,110.00,Directed
24.0_-130.0,23.0_-131.0,155.56,Directed
24.0_-130.0,23.0_-130.0,110.00,Directed
24.0_-130.0,23.0_-129.0,155.56,Directed
24.0_-130.0,24.0_-129.0,110.00,Directed
24.0_-130.0,25.0_-130.0,110.00,Directed
24.0_-130.0,25.0_-129.0,155.56,Directed
42.0_153.0,42.0_152.0,110.00,Directed
42.0_153.0,43.0_154.0,155.56,Directed
27.0_-58.0,26.0_-59.0,155.56,Directed
27.0_-58.0,26.0_-58.0,110.00,Directed
27.0_-58.0,26.0_-57.0,155.56,Directed
27.0_-58.0,27.0_-59.0,110.00,Directed
27.0_-58.0,27.0_-57.0,110.00,Directed
27.0_-58.0,28.0_-59.0,155.56,Directed
27.0_-58.0,28.0_-58.0,110.00,Directed
27.0_-58.0,28.0_-57.0,155.56,Directed
30.0_137.0,30.0_136.0,110.00,Directed
30.0_137.0,30.0_138.0,110.00,Directed
30.0_137.0,31.0_136.0,155.56,Directed
30.0_137.0,31.0_137.0,110.00,Directed
30.0_137.0,31.0_138.0,155.56,Directed
-5.0_-132.0,-5.0_-133.0,110.00,Directed
-5.0_-132.0,-4.0_-133.0,155.56,Directed
-5.0_-132.0,-4.0_-131.0,155.56,Directed
17.0_-66.0,16.0_-67.0,155.56,Directed
17.0_-66.0,16.0_-66.0,110.00,Directed
17.0_-66.0,16.0_-65.0,155.56,Directed
17.0_-66.0,17.0_-67.0,110.00,Directed
17.0_-66.0,17.0_-65.0,110.00,Directed
17.0_-66.0,18.0_-65.0,155.56,Directed
44.0_-82.0,43.0_-83.0,155.56,Directed
44.0_-82.0,44.0_-83.0,110.00,Directed
20.0_-80.0,19.0_-81.0,155.56,Directed
20.0_-80.0,19.0_-80.0,110.00,Directed
20.0_-80.0,19.0_-79.0,155.56,Directed
20.0_-80.0,20.0_-81.0,110.00,Directed
-64.0_-57.0,-63.0_-58.0,155.56,Directed
26.0_-70.0,25.0_-71.0,155.56,Directed
26.0_-70.0,25.0_-70.0,110.00,Directed
26.0_-70.0,25.0_-69.0,155.56,Directed
26.0_-70.0,26.0_-71.0,110.00,Directed
26.0_-70.0,26.0_-69.0,110.00,Directed
26.0_-70.0,27.0_-71.0,155.56,Directed
26.0_-70.0,27.0_-70.0,110.00,Directed
26.0_-70.0,27.0_-69.0,155.56,Directed
14.0_-116.0,13.0_-117.0,155.56,Directed
14.0_-116.0,13.0_-116.0,110.00,Directed
14.0_-116.0,14.0_-115.0,110.00,Directed
14.0_-116.0,15.0_-117.0,155.56,Directed
14.0_-116.0,15.0_-116.0,110.00,Directed
16.0_-82.0,15.0_-82.0,110.00,Directed
16.0_-82.0,16.0_-83.0,110.00,Directed
16.0_-82.0,16.0_-81.0,110.00,Directed
16.0_-82.0,17.0_-83.0,155.56,Directed
16.0_-82.0,17.0_-82.0,110.00,Directed
16.0_-82.0,17.0_-81.0,155.56,Directed
39.0_-180.0,40.0_-179.0,155.56,Directed
37.0_133.0,36.0_132.0,155.56,Directed
37.0_133.0,36.0_133.0,110.00,Directed
37.0_133.0,36.0_134.0,155.56,Directed
37.0_133.0,37.0_132.0,110.00,Directed
37.0_133.0,37.0_134.0,110.00,Directed
40.0_-158.0,39.0_-159.0,155.56,Directed
40.0_-158.0,39.0_-157.0,155.56,Directed
40.0_-158.0,40.0_-157.0,110.00,Directed
40.0_-158.0,41.0_-157.0,155.56,Directed
6.0_-155.0,5.0_-156.0,155.56,Directed
6.0_-155.0,5.0_-155.0,110.00,Directed
6.0_-155.0,6.0_-156.0,110.00,Directed
6.0_-155.0,7.0_-156.0,155.56,Directed
6.0_-155.0,7.0_-155.0,110.00,Directed
25.0_-157.0,24.0_-158.0,155.56,Directed
25.0_-157.0,24.0_-157.0,110.00,Directed
25.0_-157.0,24.0_-156.0,155.56,Directed
25.0_-157.0,25.0_-158.0,110.00,Directed
25.0_-157.0,26.0_-158.0,155.56,Directed
25.0_-157.0,26.0_-157.0,110.00,Directed
1.0_-147.0,2.0_-146.0,155.56,Directed
29.0_-157.0,28.0_-158.0,155.56,Directed
29.0_-157.0,28.0_-157.0,110.00,Directed
29.0_-157.0,29.0_-158.0,110.00,Directed
29.0_-157.0,29.0_-156.0,110.00,Directed
29.0_-157.0,30.0_-158.0,155.56,Directed
29.0_-157.0,30.0_-157.0,110.00,Directed
29.0_-157.0,30.0_-156.0,155.56,Directed
32.0_-120.0,31.0_-121.0,155.56,Directed
32.0_-120.0,31.0_-120.0,110.00,Directed
32.0_-120.0,31.0_-119.0,155.56,Directed
32.0_-120.0,32.0_-121.0,110.00,Directed
32.0_-120.0,32.0_-119.0,110.00,Directed
32.0_-120.0,33.0_-121.0,155.56,Directed
32.0_-120.0,33.0_-120.0,110.00,Directed
32.0_-120.0,33.0_-119.0,155.56,Directed
45.0_-133.0,44.0_-134.0,155.56,Directed
15.0_-98.0,14.0_-97.0,155.56,Directed
15.0_-98.0,15.0_-99.0,110.00,Directed
6.0_86.0,5.0_85.0,155.56,Directed
6.0_86.0,6.0_87.0,110.00,Directed
46.0_-58.0,45.0_-59.0,155.56,Directed
46.0_-58.0,45.0_-58.0,110.00,Directed
46.0_-58.0,45.0_-57.0,155.56,Directed
46.0_-58.0,46.0_-59.0,110.00,Directed
46.0_-58.0,46.0_-57.0,110.00,Directed
46.0_-58.0,47.0_-58.0,110.00,Directed
46.0_-58.0,47.0_-57.0,155.56,Directed
-13.0_-145.0,-14.0_-146.0,155.56,Directed
-13.0_-145.0,-14.0_-145.0,110.00,Directed
-13.0_-145.0,-14.0_-144.0,155.56,Directed
-13.0_-145.0,-13.0_-146.0,110.00,Directed
-13.0_-145.0,-13.0_-144.0,110.00,Directed
-13.0_-145.0,-12.0_-146.0,155.56,Directed
-13.0_-145.0,-12.0_-145.0,110.00,Directed
-13.0_-145.0,-12.0_-144.0,155.56,Directed
-17.0_-153.0,-18.0_-152.0,155.56,Directed
-17.0_-153.0,-17.0_-152.0,110.00,Directed
-17.0_-153.0,-16.0_-152.0,155.56,Directed
7.0_-147.0,6.0_-147.0,110.00,Directed
7.0_-147.0,6.0_-146.0,155.56,Directed
7.0_-147.0,7.0_-148.0,110.00,Directed
7.0_-147.0,7.0_-146.0,110.00,Directed
7.0_-147.0,8.0_-148.0,155.56,Directed
7.0_-147.0,8.0_-147.0,110.00,Directed
7.0_-147.0,8.0_-146.0,155.56,Directed
43.0_-3.0,43.0_-4.0,110.00,Directed
43.0_-3.0,43.0_-2.0,110.00,Directed
43.0_-3.0,44.0_-3.0,110.00,Directed
43.0_-3.0,44.0_-2.0,155.56,Directed
37.0_146.0,36.0_146.0,110.00,Directed
37.0_146.0,38.0_146.0,110.00,Directed
-6.0_-142.0,-7.0_-143.0,155.56,Directed
-6.0_-142.0,-7.0_-142.0,110.00,Directed
-6.0_-142.0,-7.0_-141.0,155.56,Directed
-6.0_-142.0,-6.0_-141.0,110.00,Directed
-6.0_-142.0,-5.0_-143.0,155.56,Directed
-6.0_-142.0,-5.0_-142.0,110.00,Directed
-6.0_-142.0,-5.0_-141.0,155.56,Directed
23.0_-70.0,22.0_-71.0,155.56,Directed
23.0_-70.0,22.0_-70.0,110.00,Directed
23.0_-70.0,22.0_-69.0,155.56,Directed
23.0_-70.0,23.0_-71.0,110.00,Directed
23.0_-70.0,24.0_-71.0,155.56,Directed
23.0_-70.0,24.0_-70.0,110.00,Directed
23.0_-70.0,24.0_-69.0,155.56,Directed
19.0_-82.0,18.0_-83.0,155.56,Directed
19.0_-82.0,18.0_-82.0,110.00,Directed
19.0_-82.0,18.0_-81.0,155.56,Directed
19.0_-82.0,19.0_-81.0,110.00,Directed
19.0_-82.0,20.0_-82.0,110.00,Directed
19.0_-82.0,20.0_-81.0,155.56,Directed
43.0_-58.0,43.0_-59.0,110.00,Directed
43.0_-58.0,44.0_-59.0,155.56,Directed
43.0_-58.0,44.0_-57.0,155.56,Directed
22.0_-73.0,21.0_-74.0,155.56,Directed
22.0_-73.0,21.0_-73.0,110.00,Directed
22.0_-73.0,21.0_-72.0,155.56,Directed
22.0_-73.0,22.0_-74.0,110.00,Directed
22.0_-73.0,22.0_-72.0,110.00,Directed
22.0_-73.0,23.0_-74.0,155.56,Directed
22.0_-73.0,23.0_-73.0,110.00,Directed
22.0_-73.0,23.0_-72.0,155.56,Directed
53.0_-136.0,53.0_-137.0,110.00,Directed
53.0_-136.0,53.0_-135.0,110.00,Directed
53.0_-136.0,54.0_-136.0,110.00,Directed
40.0_137.0,39.0_137.0,110.00,Directed
40.0_137.0,39.0_138.0,155.56,Directed
40.0_137.0,40.0_136.0,110.00,Directed
40.0_137.0,40.0_138.0,110.00,Directed
40.0_137.0,41.0_137.0,110.00,Directed
40.0_137.0,41.0_138.0,155.56,Directed
14.0_-66.0,13.0_-67.0,155.56,Directed
14.0_-66.0,13.0_-66.0,110.00,Directed
14.0_-66.0,13.0_-65.0,155.56,Directed
14.0_-66.0,14.0_-67.0,110.00,Directed
14.0_-66.0,14.0_-65.0,110.00,Directed
14.0_-66.0,15.0_-66.0,110.00,Directed
14.0_-66.0,15.0_-65.0,155.56,Directed
13.0_-69.0,12.0_-70.0,155.56,Directed
13.0_-69.0,12.0_-69.0,110.00,Directed
13.0_-69.0,12.0_-68.0,155.56,Directed
13.0_-69.0,13.0_-70.0,110.00,Directed
13.0_-69.0,13.0_-68.0,110.00,Directed
13.0_-69.0,14.0_-70.0,155.56,Directed
13.0_-69.0,14.0_-69.0,110.00,Directed
3.0_-126.0,2.0_-127.0,155.56,Directed
3.0_-126.0,2.0_-126.0,110.00,Directed
3.0_-126.0,3.0_-125.0,110.00,Directed
3.0_-126.0,4.0_-127.0,155.56,Directed
3.0_-126.0,4.0_-125.0,155.56,Directed
32.0_-78.0,31.0_-79.0,155.56,Directed
32.0_-78.0,31.0_-78.0,110.00,Directed
32.0_-78.0,32.0_-79.0,110.00,Directed
32.0_-78.0,32.0_-77.0,110.00,Directed
39.0_137.0,38.0_136.0,155.56,Directed
39.0_137.0,38.0_137.0,110.00,Directed
39.0_137.0,38.0_138.0,155.56,Directed
39.0_137.0,39.0_138.0,110.00,Directed
39.0_137.0,40.0_136.0,155.56,Directed
39.0_137.0,40.0_137.0,110.00,Directed
39.0_137.0,40.0_138.0,155.56,Directed
31.0_-150.0,30.0_-151.0,155.56,Directed
31.0_-150.0,30.0_-150.0,110.00,Directed
31.0_-150.0,30.0_-149.0,155.56,Directed
31.0_-150.0,31.0_-149.0,110.00,Directed
-5.0_-145.0,-6.0_-146.0,155.56,Directed
-5.0_-145.0,-6.0_-145.0,110.00,Directed
-5.0_-145.0,-5.0_-146.0,110.00,Directed
16.0_-157.0,15.0_-158.0,155.56,Directed
16.0_-157.0,15.0_-156.0,155.56,Directed
16.0_-157.0,16.0_-158.0,110.00,Directed
16.0_-157.0,17.0_-158.0,155.56,Directed
16.0_-157.0,17.0_-157.0,110.00,Directed
16.0_-157.0,17.0_-156.0,155.56,Directed
24.0_141.0,23.0_141.0,110.00,Directed
24.0_141.0,25.0_141.0,110.00,Directed
77.0_8.0,77.0_9.0,110.00,Directed
-3.0_-104.0,-4.0_-105.0,155.56,Directed
15.0_137.0,14.0_137.0,110.00,Directed
41.0_-82.0,41.0_-83.0,110.00,Directed
41.0_-82.0,41.0_-81.0,110.00,Directed
41.0_-82.0,42.0_-83.0,155.56,Directed
41.0_-82.0,42.0_-82.0,110.00,Directed
41.0_-82.0,42.0_-81.0,155.56,Directed
-4.0_-28.0,-5.0_-29.0,155.56,Directed
-17.0_-148.0,-17.0_-149.0,110.00,Directed
-17.0_-148.0,-16.0_-149.0,155.56,Directed
-17.0_-148.0,-16.0_-148.0,110.00,Directed
-27.0_-113.0,-27.0_-114.0,110.00,Directed
-27.0_-113.0,-27.0_-112.0,110.00,Directed
34.0_146.0,35.0_147.0,155.56,Directed
41.0_-156.0,40.0_-157.0,155.56,Directed
41.0_-156.0,40.0_-155.0,155.56,Directed
41.0_-156.0,41.0_-157.0,110.00,Directed
41.0_-156.0,41.0_-155.0,110.00,Directed
-9.0_-128.0,-9.0_-127.0,110.00,Directed
16.0_-109.0,16.0_-110.0,110.00,Directed
16.0_-109.0,17.0_-110.0,155.56,Directed
16.0_-109.0,17.0_-109.0,110.00,Directed
67.0_41.0,66.0_40.0,155.56,Directed
58.0_0.0,59.0_-1.0,155.56,Directed
-12.0_-147.0,-13.0_-148.0,155.56,Directed
-12.0_-147.0,-13.0_-147.0,110.00,Directed
-12.0_-147.0,-13.0_-146.0,155.56,Directed
-12.0_-147.0,-12.0_-148.0,110.00,Directed
-12.0_-147.0,-12.0_-146.0,110.00,Directed
-12.0_-147.0,-11.0_-148.0,155.56,Directed
-12.0_-147.0,-11.0_-147.0,110.00,Directed
-12.0_-147.0,-11.0_-146.0,155.56,Directed
39.0_-72.0,38.0_-73.0,155.56,Directed
39.0_-72.0,38.0_-72.0,110.00,Directed
39.0_-72.0,38.0_-71.0,155.56,Directed
39.0_-72.0,39.0_-73.0,110.00,Directed
39.0_-72.0,39.0_-71.0,110.00,Directed
39.0_-72.0,40.0_-73.0,155.56,Directed
39.0_-72.0,40.0_-72.0,110.00,Directed
39.0_-72.0,40.0_-71.0,155.56,Directed
37.0_-152.0,36.0_-153.0,155.56,Directed
37.0_-152.0,36.0_-151.0,155.56,Directed
37.0_-152.0,38.0_-151.0,155.56,Directed
22.0_-60.0,21.0_-61.0,155.56,Directed
22.0_-60.0,21.0_-60.0,110.00,Directed
22.0_-60.0,21.0_-59.0,155.56,Directed
22.0_-60.0,22.0_-61.0,110.00,Directed
22.0_-60.0,22.0_-59.0,110.00,Directed
22.0_-60.0,23.0_-61.0,155.56,Directed
22.0_-60.0,23.0_-60.0,110.00,Directed
22.0_-60.0,23.0_-59.0,155.56,Directed
-37.0_23.0,-38.0_24.0,155.56,Directed
-21.0_115.0,-22.0_115.0,110.00,Directed
-21.0_115.0,-21.0_116.0,110.00,Directed
-21.0_115.0,-20.0_115.0,110.00,Directed
20.0_-75.0,19.0_-76.0,155.56,Directed
20.0_-75.0,19.0_-75.0,110.00,Directed
20.0_-75.0,19.0_-74.0,155.56,Directed
20.0_-75.0,20.0_-74.0,110.00,Directed
20.0_-75.0,21.0_-76.0,155.56,Directed
20.0_-75.0,21.0_-75.0,110.00,Directed
20.0_-75.0,21.0_-74.0,155.56,Directed
44.0_-77.0,43.0_-78.0,155.56,Directed
44.0_-77.0,43.0_-77.0,110.00,Directed
44.0_-77.0,44.0_-76.0,110.00,Directed
14.0_-97.0,13.0_-97.0,110.00,Directed
14.0_-97.0,15.0_-98.0,155.56,Directed
37.0_-63.0,36.0_-64.0,155.56,Directed
37.0_-63.0,36.0_-63.0,110.00,Directed
37.0_-63.0,37.0_-64.0,110.00,Directed
37.0_-63.0,37.0_-62.0,110.00,Directed
37.0_-63.0,38.0_-64.0,155.56,Directed
37.0_-63.0,38.0_-63.0,110.00,Directed
47.0_-9.0,47.0_-10.0,110.00,Directed
47.0_-9.0,47.0_-8.0,110.00,Directed
47.0_-9.0,48.0_-9.0,110.00,Directed
47.0_-9.0,48.0_-8.0,155.56,Directed
10.0_-131.0,10.0_-132.0,110.00,Directed
10.0_-131.0,11.0_-131.0,110.00,Directed
-19.0_118.0,-20.0_117.0,155.56,Directed
-19.0_118.0,-19.0_119.0,110.00,Directed
-42.0_153.0,-43.0_152.0,155.56,Directed
-42.0_153.0,-42.0_152.0,110.00,Directed
-42.0_153.0,-41.0_153.0,110.00,Directed
46.0_-6.0,46.0_-7.0,110.00,Directed
46.0_-6.0,46.0_-5.0,110.00,Directed
46.0_-6.0,47.0_-7.0,155.56,Directed
46.0_-6.0,47.0_-6.0,110.00,Directed
46.0_-6.0,47.0_-5.0,155.56,Directed
28.0_-59.0,27.0_-60.0,155.56,Directed
28.0_-59.0,27.0_-59.0,110.00,Directed
28.0_-59.0,27.0_-58.0,155.56,Directed
28.0_-59.0,28.0_-60.0,110.00,Directed
28.0_-59.0,28.0_-58.0,110.00,Directed
28.0_-59.0,29.0_-60.0,155.56,Directed
28.0_-59.0,29.0_-59.0,110.00,Directed
28.0_-59.0,29.0_-58.0,155.56,Directed
23.0_-129.0,22.0_-130.0,155.56,Directed
23.0_-129.0,22.0_-129.0,110.00,Directed
23.0_-129.0,23.0_-130.0,110.00,Directed
23.0_-129.0,23.0_-128.0,110.00,Directed
23.0_-129.0,24.0_-130.0,155.56,Directed
23.0_-129.0,24.0_-129.0,110.00,Directed
23.0_-129.0,24.0_-128.0,155.56,Directed
32.0_-65.0,31.0_-66.0,155.56,Directed
32.0_-65.0,31.0_-65.0,110.00,Directed
32.0_-65.0,31.0_-64.0,155.56,Directed
32.0_-65.0,32.0_-66.0,110.00,Directed
32.0_-65.0,32.0_-64.0,110.00,Directed
32.0_-65.0,33.0_-66.0,155.56,Directed
32.0_-65.0,33.0_-65.0,110.00,Directed
32.0_-65.0,33.0_-64.0,155.56,Directed
34.0_-123.0,33.0_-124.0,155.56,Directed
34.0_-123.0,33.0_-123.0,110.00,Directed
34.0_-123.0,33.0_-122.0,155.56,Directed
34.0_-123.0,34.0_-122.0,110.00,Directed
34.0_-123.0,35.0_-124.0,155.56,Directed
34.0_-123.0,35.0_-123.0,110.00,Directed
34.0_-123.0,35.0_-122.0,155.56,Directed
37.0_13.0,36.0_12.0,155.56,Directed
37.0_13.0,37.0_12.0,110.00,Directed
37.0_13.0,38.0_12.0,155.56,Directed
37.0_13.0,38.0_13.0,110.00,Directed
37.0_13.0,38.0_14.0,155.56,Directed
45.0_-61.0,44.0_-62.0,155.56,Directed
45.0_-61.0,44.0_-61.0,110.00,Directed
45.0_-61.0,44.0_-60.0,155.56,Directed
45.0_-61.0,45.0_-60.0,110.00,Directed
2.0_147.0,2.0_146.0,110.00,Directed
2.0_147.0,3.0_146.0,155.56,Directed
40.0_-127.0,39.0_-128.0,155.56,Directed
40.0_-127.0,39.0_-126.0,155.56,Directed
40.0_-127.0,40.0_-126.0,110.00,Directed
40.0_-127.0,41.0_-127.0,110.00,Directed
73.0_78.0,73.0_77.0,110.00,Directed
53.0_-15.0,52.0_-14.0,155.56,Directed
53.0_-15.0,53.0_-16.0,110.00,Directed
53.0_-15.0,53.0_-14.0,110.00,Directed
53.0_-15.0,54.0_-16.0,155.56,Directed
53.0_-15.0,54.0_-15.0,110.00,Directed
53.0_-15.0,54.0_-14.0,155.56,Directed
52.0_-14.0,51.0_-14.0,110.00,Directed
52.0_-14.0,51.0_-13.0,155.56,Directed
52.0_-14.0,52.0_-13.0,110.00,Directed
52.0_-14.0,53.0_-15.0,155.56,Directed
52.0_-14.0,53.0_-14.0,110.00,Directed
52.0_-14.0,53.0_-13.0,155.56,Directed
44.0_-64.0,43.0_-65.0,155.56,Directed
44.0_-64.0,43.0_-64.0,110.00,Directed
44.0_-64.0,43.0_-63.0,155.56,Directed
44.0_-64.0,44.0_-65.0,110.00,Directed
44.0_-64.0,44.0_-63.0,110.00,Directed
77.0_120.0,77.0_121.0,110.00,Directed
30.0_-67.0,29.0_-68.0,155.56,Directed
30.0_-67.0,29.0_-67.0,110.00,Directed
30.0_-67.0,29.0_-66.0,155.56,Directed
30.0_-67.0,30.0_-68.0,110.00,Directed
30.0_-67.0,30.0_-66.0,110.00,Directed
30.0_-67.0,31.0_-68.0,155.56,Directed
30.0_-67.0,31.0_-67.0,110.00,Directed
30.0_-67.0,31.0_-66.0,155.56,Directed
40.0_-72.0,39.0_-73.0,155.56,Directed
40.0_-72.0,39.0_-72.0,110.00,Directed
40.0_-72.0,39.0_-71.0,155.56,Directed
40.0_-72.0,40.0_-73.0,110.00,Directed
40.0_-72.0,40.0_-71.0,110.00,Directed
40.0_-72.0,41.0_-72.0,110.00,Directed
40.0_-72.0,41.0_-71.0,155.56,Directed
31.0_-68.0,30.0_-69.0,155.56,Directed
31.0_-68.0,30.0_-68.0,110.00,Directed
31.0_-68.0,30.0_-67.0,155.56,Directed
31.0_-68.0,31.0_-69.0,110.00,Directed
31.0_-68.0,31.0_-67.0,110.00,Directed
31.0_-68.0,32.0_-69.0,155.56,Directed
31.0_-68.0,32.0_-68.0,110.00,Directed
31.0_-68.0,32.0_-67.0,155.56,Directed
54.0_-12.0,53.0_-13.0,155.56,Directed
54.0_-12.0,53.0_-12.0,110.00,Directed
54.0_-12.0,53.0_-11.0,155.56,Directed
54.0_-12.0,54.0_-13.0,110.00,Directed
54.0_-12.0,54.0_-11.0,110.00,Directed
54.0_-12.0,55.0_-13.0,155.56,Directed
54.0_-12.0,55.0_-12.0,110.00,Directed
54.0_-12.0,55.0_-11.0,155.56,Directed
11.0_-136.0,10.0_-136.0,110.00,Directed
11.0_-136.0,10.0_-135.0,155.56,Directed
11.0_-136.0,11.0_-137.0,110.00,Directed
11.0_-136.0,11.0_-135.0,110.00,Directed
29.0_-43.0,28.0_-43.0,110.00,Directed
29.0_-43.0,30.0_-43.0,110.00,Directed
42.0_-126.0,41.0_-127.0,155.56,Directed
42.0_-126.0,42.0_-127.0,110.00,Directed
42.0_-126.0,43.0_-126.0,110.00,Directed
34.0_133.0,33.0_132.0,155.56,Directed
34.0_133.0,33.0_133.0,110.00,Directed
34.0_133.0,33.0_134.0,155.56,Directed
34.0_133.0,34.0_132.0,110.00,Directed
34.0_133.0,34.0_134.0,110.00,Directed
34.0_133.0,35.0_132.0,155.56,Directed
34.0_133.0,35.0_133.0,110.00,Directed
34.0_133.0,35.0_134.0,155.56,Directed
39.0_41.0,38.0_41.0,110.00,Directed
39.0_41.0,40.0_40.0,155.56,Directed
39.0_41.0,40.0_41.0,110.00,Directed
42.0_-66.0,41.0_-67.0,155.56,Directed
42.0_-66.0,41.0_-66.0,110.00,Directed
42.0_-66.0,41.0_-65.0,155.56,Directed
42.0_-66.0,42.0_-67.0,110.00,Directed
42.0_-66.0,42.0_-65.0,110.00,Directed
42.0_-66.0,43.0_-67.0,155.56,Directed
42.0_-66.0,43.0_-66.0,110.00,Directed
42.0_-66.0,43.0_-65.0,155.56,Directed
22.0_-159.0,21.0_-159.0,110.00,Directed
22.0_-159.0,21.0_-158.0,155.56,Directed
22.0_-159.0,22.0_-160.0,110.00,Directed
22.0_-159.0,22.0_-158.0,110.00,Directed
22.0_-159.0,23.0_-159.0,110.00,Directed
22.0_-159.0,23.0_-158.0,155.56,Directed
21.0_155.0,20.0_155.0,110.00,Directed
21.0_155.0,22.0_155.0,110.00,Directed
34.0_-59.0,33.0_-60.0,155.56,Directed
34.0_-59.0,33.0_-59.0,110.00,Directed
34.0_-59.0,33.0_-58.0,155.56,Directed
34.0_-59.0,34.0_-60.0,110.00,Directed
34.0_-59.0,34.0_-58.0,110.00,Directed
34.0_-59.0,35.0_-60.0,155.56,Directed
34.0_-59.0,35.0_-59.0,110.00,Directed
32.0_135.0,31.0_134.0,155.56,Directed
32.0_135.0,31.0_135.0,110.00,Directed
32.0_135.0,31.0_136.0,155.56,Directed
32.0_135.0,32.0_136.0,110.00,Directed
32.0_135.0,33.0_134.0,155.56,Directed
32.0_135.0,33.0_135.0,110.00,Directed
32.0_135.0,33.0_136.0,155.56,Directed
43.0_-63.0,42.0_-64.0,155.56,Directed
43.0_-63.0,42.0_-63.0,110.00,Directed
43.0_-63.0,42.0_-62.0,155.56,Directed
43.0_-63.0,43.0_-64.0,110.00,Directed
43.0_-63.0,43.0_-62.0,110.00,Directed
43.0_-63.0,44.0_-64.0,155.56,Directed
43.0_-63.0,44.0_-63.0,110.00,Directed
43.0_-63.0,44.0_-62.0,155.56,Directed
-10.0_-141.0,-11.0_-142.0,155.56,Directed
-10.0_-141.0,-11.0_-141.0,110.00,Directed
-10.0_-141.0,-11.0_-140.0,155.56,Directed
-10.0_-141.0,-10.0_-142.0,110.00,Directed
-10.0_-141.0,-10.0_-140.0,110.00,Directed
-10.0_-141.0,-9.0_-142.0,155.56,Directed
-10.0_-141.0,-9.0_-141.0,110.00,Directed
-10.0_-141.0,-9.0_-140.0,155.56,Directed
-11.0_-146.0,-12.0_-147.0,155.56,Directed
-11.0_-146.0,-12.0_-146.0,110.00,Directed
-11.0_-146.0,-12.0_-145.0,155.56,Directed
-11.0_-146.0,-11.0_-147.0,110.00,Directed
-11.0_-146.0,-11.0_-145.0,110.00,Directed
-11.0_-146.0,-10.0_-145.0,155.56,Directed
25.0_-126.0,24.0_-126.0,110.00,Directed
25.0_-126.0,26.0_-127.0,155.56,Directed
25.0_-126.0,26.0_-126.0,110.00,Directed
19.0_-64.0,18.0_-65.0,155.56,Directed
19.0_-64.0,18.0_-64.0,110.00,Directed
19.0_-64.0,19.0_-65.0,110.00,Directed
19.0_-64.0,20.0_-65.0,155.56,Directed
19.0_-64.0,20.0_-64.0,110.00,Directed
36.0_-151.0,35.0_-152.0,155.56,Directed
36.0_-151.0,36.0_-150.0,110.00,Directed
36.0_-151.0,37.0_-152.0,155.56,Directed
36.0_-151.0,37.0_-150.0,155.56,Directed
38.0_-139.0,37.0_-140.0,155.56,Directed
38.0_-139.0,37.0_-139.0,110.00,Directed
38.0_-139.0,38.0_-140.0,110.00,Directed
38.0_-139.0,38.0_-138.0,110.00,Directed
38.0_-139.0,39.0_-140.0,155.56,Directed
38.0_-139.0,39.0_-139.0,110.00,Directed
38.0_-139.0,39.0_-138.0,155.56,Directed
-35.0_-47.0,-36.0_-48.0,155.56,Directed
-35.0_-47.0,-36.0_-46.0,155.56,Directed
18.0_-106.0,17.0_-106.0,110.00,Directed
18.0_-106.0,17.0_-105.0,155.56,Directed
18.0_-106.0,19.0_-107.0,155.56,Directed
18.0_-106.0,19.0_-106.0,110.00,Directed
18.0_-76.0,17.0_-77.0,155.56,Directed
18.0_-76.0,17.0_-76.0,110.00,Directed
18.0_-76.0,17.0_-75.0,155.56,Directed
18.0_-76.0,18.0_-77.0,110.00,Directed
18.0_-76.0,18.0_-75.0,110.00,Directed
18.0_-76.0,19.0_-77.0,155.56,Directed
18.0_-76.0,19.0_-76.0,110.00,Directed
18.0_-76.0,19.0_-75.0,155.56,Directed
-27.0_167.0,-27.0_166.0,110.00,Directed
-27.0_167.0,-26.0_168.0,155.56,Directed
-36.0_118.0,-36.0_117.0,110.00,Directed
4.0_-127.0,3.0_-128.0,155.56,Directed
4.0_-127.0,3.0_-126.0,155.56,Directed
4.0_-127.0,4.0_-128.0,110.00,Directed
4.0_-127.0,5.0_-128.0,155.56,Directed
4.0_-127.0,5.0_-127.0,110.00,Directed
4.0_-127.0,5.0_-126.0,155.56,Directed
41.0_8.0,40.0_7.0,155.56,Directed
41.0_8.0,40.0_8.0,110.00,Directed
41.0_8.0,40.0_9.0,155.56,Directed
41.0_8.0,41.0_7.0,110.00,Directed
41.0_8.0,41.0_9.0,110.00,Directed
41.0_8.0,42.0_7.0,155.56,Directed
41.0_8.0,42.0_8.0,110.00,Directed
41.0_8.0,42.0_9.0,155.56,Directed
12.0_-68.0,11.0_-69.0,155.56,Directed
12.0_-68.0,11.0_-68.0,110.00,Directed
12.0_-68.0,11.0_-67.0,155.56,Directed
12.0_-68.0,12.0_-69.0,110.00,Directed
12.0_-68.0,12.0_-67.0,110.00,Directed
12.0_-68.0,13.0_-69.0,155.56,Directed
12.0_-68.0,13.0_-68.0,110.00,Directed
12.0_-68.0,13.0_-67.0,155.56,Directed
27.0_-80.0,26.0_-81.0,155.56,Directed
27.0_-80.0,26.0_-80.0,110.00,Directed
27.0_-80.0,26.0_-79.0,155.56,Directed
27.0_-80.0,27.0_-81.0,110.00,Directed
27.0_-80.0,27.0_-79.0,110.00,Directed
27.0_-80.0,28.0_-81.0,155.56,Directed
27.0_-80.0,28.0_-80.0,110.00,Directed
27.0_-80.0,28.0_-79.0,155.56,Directed
47.0_-11.0,47.0_-12.0,110.00,Directed
47.0_-11.0,47.0_-10.0,110.00,Directed
47.0_-11.0,48.0_-12.0,155.56,Directed
47.0_-11.0,48.0_-11.0,110.00,Directed
11.0_-167.0,10.0_-166.0,155.56,Directed
29.0_-56.0,28.0_-57.0,155.56,Directed
29.0_-56.0,28.0_-56.0,110.00,Directed
29.0_-56.0,29.0_-57.0,110.00,Directed
29.0_-56.0,29.0_-55.0,110.00,Directed
29.0_-56.0,30.0_-57.0,155.56,Directed
29.0_-56.0,30.0_-56.0,110.00,Directed
3.0_146.0,2.0_146.0,110.00,Directed
3.0_146.0,2.0_147.0,155.56,Directed
65.0_39.0,66.0_40.0,155.56,Directed
21.0_-110.0,20.0_-111.0,155.56,Directed
21.0_-110.0,20.0_-110.0,110.00,Directed
21.0_-110.0,20.0_-109.0,155.56,Directed
21.0_-110.0,21.0_-111.0,110.00,Directed
21.0_-110.0,21.0_-109.0,110.00,Directed
21.0_-110.0,22.0_-111.0,155.56,Directed
21.0_-110.0,22.0_-110.0,110.00,Directed
21.0_-110.0,22.0_-109.0,155.56,Directed
76.0_17.0,76.0_16.0,110.00,Directed
76.0_17.0,76.0_18.0,110.00,Directed
61.0_-4.0,60.0_-5.0,155.56,Directed
61.0_-4.0,60.0_-4.0,110.00,Directed
61.0_-4.0,60.0_-3.0,155.56,Directed
61.0_-4.0,61.0_-5.0,110.00,Directed
13.0_-151.0,12.0_-151.0,110.00,Directed
13.0_-151.0,12.0_-150.0,155.56,Directed
13.0_-151.0,13.0_-152.0,110.00,Directed
13.0_-151.0,13.0_-150.0,110.00,Directed
13.0_-151.0,14.0_-151.0,110.00,Directed
11.0_-58.0,10.0_-59.0,155.56,Directed
11.0_-58.0,12.0_-58.0,110.00,Directed
21.0_-72.0,20.0_-73.0,155.56,Directed
21.0_-72.0,20.0_-72.0,110.00,Directed
21.0_-72.0,20.0_-71.0,155.56,Directed
21.0_-72.0,21.0_-73.0,110.00,Directed
21.0_-72.0,21.0_-71.0,110.00,Directed
21.0_-72.0,22.0_-73.0,155.56,Directed
21.0_-72.0,22.0_-72.0,110.00,Directed
21.0_-72.0,22.0_-71.0,155.56,Directed
-2.0_-152.0,-2.0_-153.0,110.00,Directed
-2.0_-152.0,-2.0_-151.0,110.00,Directed
-2.0_-152.0,-1.0_-153.0,155.56,Directed
-2.0_-152.0,-1.0_-152.0,110.00,Directed
48.0_-126.0,47.0_-126.0,110.00,Directed
48.0_-126.0,47.0_-125.0,155.56,Directed
48.0_-126.0,48.0_-127.0,110.00,Directed
48.0_-126.0,48.0_-125.0,110.00,Directed
48.0_-126.0,49.0_-127.0,155.56,Directed
8.0_-165.0,7.0_-165.0,110.00,Directed
8.0_-165.0,7.0_-164.0,155.56,Directed
8.0_-165.0,9.0_-166.0,155.56,Directed
8.0_-165.0,9.0_-164.0,155.56,Directed
32.0_-159.0,31.0_-160.0,155.56,Directed
32.0_-159.0,31.0_-159.0,110.00,Directed
32.0_-159.0,31.0_-158.0,155.56,Directed
32.0_-159.0,32.0_-160.0,110.00,Directed
32.0_-159.0,32.0_-158.0,110.00,Directed
32.0_-159.0,33.0_-160.0,155.56,Directed
32.0_-159.0,33.0_-158.0,155.56,Directed
-28.0_-15.0,-29.0_-16.0,155.56,Directed
-28.0_-15.0,-29.0_-15.0,110.00,Directed
-28.0_-15.0,-28.0_-14.0,110.00,Directed
-34.0_155.0,-35.0_155.0,110.00,Directed
-34.0_155.0,-34.0_156.0,110.00,Directed
28.0_-117.0,27.0_-118.0,155.56,Directed
28.0_-117.0,27.0_-117.0,110.00,Directed
28.0_-117.0,27.0_-116.0,155.56,Directed
28.0_-117.0,28.0_-118.0,110.00,Directed
28.0_-117.0,28.0_-116.0,110.00,Directed
28.0_-117.0,29.0_-118.0,155.56,Directed
37.0_26.0,36.0_25.0,155.56,Directed
37.0_26.0,37.0_25.0,110.00,Directed
33.0_-160.0,32.0_-161.0,155.56,Directed
33.0_-160.0,32.0_-160.0,110.00,Directed
33.0_-160.0,32.0_-159.0,155.56,Directed
33.0_-160.0,33.0_-161.0,110.00,Directed
36.0_23.0,35.0_23.0,110.00,Directed
36.0_23.0,35.0_24.0,155.56,Directed
36.0_23.0,36.0_22.0,110.00,Directed
36.0_23.0,37.0_23.0,110.00,Directed
36.0_23.0,37.0_24.0,155.56,Directed
30.0_-118.0,29.0_-119.0,155.56,Directed
30.0_-118.0,29.0_-118.0,110.00,Directed
30.0_-118.0,31.0_-119.0,155.56,Directed
30.0_-118.0,31.0_-118.0,110.00,Directed
51.0_-7.0,50.0_-8.0,155.56,Directed
51.0_-7.0,50.0_-7.0,110.00,Directed
51.0_-7.0,51.0_-8.0,110.00,Directed
51.0_-7.0,52.0_-8.0,155.56,Directed
51.0_-7.0,52.0_-7.0,110.00,Directed
60.0_-1.0,59.0_-1.0,110.00,Directed
60.0_-1.0,60.0_-2.0,110.00,Directed
60.0_-1.0,60.0_0.0,110.00,Directed
3.0_-157.0,2.0_-158.0,155.56,Directed
3.0_-157.0,2.0_-157.0,110.00,Directed
3.0_-157.0,2.0_-156.0,155.56,Directed
3.0_-157.0,3.0_-158.0,110.00,Directed
3.0_-157.0,3.0_-156.0,110.00,Directed
3.0_-157.0,4.0_-158.0,155.56,Directed
3.0_-157.0,4.0_-157.0,110.00,Directed
3.0_-157.0,4.0_-156.0,155.56,Directed
24.0_-156.0,23.0_-157.0,155.56,Directed
24.0_-156.0,23.0_-156.0,110.00,Directed
24.0_-156.0,24.0_-157.0,110.00,Directed
24.0_-156.0,24.0_-155.0,110.00,Directed
24.0_-156.0,25.0_-157.0,155.56,Directed
24.0_-156.0,25.0_-155.0,155.56,Directed
30.0_-171.0,31.0_-170.0,155.56,Directed
21.0_-153.0,20.0_-154.0,155.56,Directed
21.0_-153.0,20.0_-153.0,110.00,Directed
21.0_-153.0,21.0_-154.0,110.00,Directed
21.0_-153.0,21.0_-152.0,110.00,Directed
21.0_-153.0,22.0_-152.0,155.56,Directed
40.0_5.0,39.0_4.0,155.56,Directed
40.0_5.0,39.0_5.0,110.00,Directed
40.0_5.0,39.0_6.0,155.56,Directed
40.0_5.0,41.0_5.0,110.00,Directed
-11.0_-148.0,-12.0_-149.0,155.56,Directed
-11.0_-148.0,-12.0_-148.0,110.00,Directed
-11.0_-148.0,-12.0_-147.0,155.56,Directed
-11.0_-148.0,-11.0_-147.0,110.00,Directed
74.0_18.0,73.0_18.0,110.00,Directed
-14.0_-142.0,-13.0_-143.0,155.56,Directed
17.0_-83.0,16.0_-84.0,155.56,Directed
17.0_-83.0,16.0_-83.0,110.00,Directed
17.0_-83.0,16.0_-82.0,155.56,Directed
17.0_-83.0,17.0_-84.0,110.00,Directed
17.0_-83.0,17.0_-82.0,110.00,Directed
17.0_-83.0,18.0_-84.0,155.56,Directed
17.0_-83.0,18.0_-83.0,110.00,Directed
17.0_-83.0,18.0_-82.0,155.56,Directed
-26.0_-10.0,-26.0_-11.0,110.00,Directed
-26.0_-10.0,-25.0_-9.0,155.56,Directed
21.0_-73.0,20.0_-74.0,155.56,Directed
21.0_-73.0,20.0_-73.0,110.00,Directed
21.0_-73.0,20.0_-72.0,155.56,Directed
21.0_-73.0,21.0_-74.0,110.00,Directed
21.0_-73.0,21.0_-72.0,110.00,Directed
21.0_-73.0,22.0_-74.0,155.56,Directed
21.0_-73.0,22.0_-73.0,110.00,Directed
21.0_-73.0,22.0_-72.0,155.56,Directed
13.0_-152.0,12.0_-151.0,155.56,Directed
13.0_-152.0,13.0_-153.0,110.00,Directed
13.0_-152.0,13.0_-151.0,110.00,Directed
13.0_-152.0,14.0_-153.0,155.56,Directed
13.0_-152.0,14.0_-151.0,155.56,Directed
48.0_-125.0,47.0_-126.0,155.56,Directed
48.0_-125.0,47.0_-125.0,110.00,Directed
48.0_-125.0,48.0_-126.0,110.00,Directed
48.0_-125.0,48.0_-124.0,110.00,Directed
39.0_6.0,38.0_5.0,155.56,Directed
39.0_6.0,38.0_6.0,110.00,Directed
39.0_6.0,38.0_7.0,155.56,Directed
39.0_6.0,39.0_5.0,110.00,Directed
39.0_6.0,39.0_7.0,110.00,Directed
39.0_6.0,40.0_5.0,155.56,Directed
39.0_6.0,40.0_7.0,155.56,Directed
-36.0_-48.0,-35.0_-47.0,155.56,Directed
28.0_-81.0,27.0_-81.0,110.00,Directed
28.0_-81.0,27.0_-80.0,155.56,Directed
28.0_-81.0,28.0_-80.0,110.00,Directed
28.0_-81.0,29.0_-81.0,110.00,Directed
28.0_-81.0,29.0_-80.0,155.56,Directed
14.0_-133.0,13.0_-134.0,155.56,Directed
14.0_-133.0,13.0_-132.0,155.56,Directed
14.0_-133.0,15.0_-133.0,110.00,Directed
25.0_153.0,25.0_154.0,110.00,Directed
25.0_153.0,26.0_152.0,155.56,Directed
6.0_92.0,6.0_91.0,110.00,Directed
6.0_92.0,6.0_93.0,110.00,Directed
27.0_-123.0,28.0_-124.0,155.56,Directed
27.0_-123.0,28.0_-123.0,110.00,Directed
34.0_-154.0,33.0_-155.0,155.56,Directed
34.0_-154.0,35.0_-153.0,155.56,Directed
-35.0_-18.0,-35.0_-19.0,110.00,Directed
19.0_-77.0,18.0_-78.0,155.56,Directed
19.0_-77.0,18.0_-77.0,110.00,Directed
19.0_-77.0,18.0_-76.0,155.56,Directed
19.0_-77.0,19.0_-78.0,110.00,Directed
19.0_-77.0,19.0_-76.0,110.00,Directed
40.0_141.0,39.0_141.0,110.00,Directed
40.0_141.0,39.0_142.0,155.56,Directed
40.0_141.0,40.0_142.0,110.00,Directed
40.0_141.0,41.0_140.0,155.56,Directed
40.0_141.0,41.0_141.0,110.00,Directed
40.0_141.0,41.0_142.0,155.56,Directed
-38.0_24.0,-37.0_23.0,155.56,Directed
-16.0_-148.0,-17.0_-149.0,155.56,Directed
-16.0_-148.0,-17.0_-148.0,110.00,Directed
-16.0_-148.0,-16.0_-149.0,110.00,Directed
-16.0_-148.0,-15.0_-149.0,155.56,Directed
-16.0_-148.0,-15.0_-148.0,110.00,Directed
-16.0_-148.0,-15.0_-147.0,155.56,Directed
29.0_-58.0,28.0_-59.0,155.56,Directed
29.0_-58.0,28.0_-58.0,110.00,Directed
29.0_-58.0,28.0_-57.0,155.56,Directed
29.0_-58.0,29.0_-59.0,110.00,Directed
29.0_-58.0,29.0_-57.0,110.00,Directed
29.0_-58.0,30.0_-59.0,155.56,Directed
29.0_-58.0,30.0_-58.0,110.00,Directed
29.0_-58.0,30.0_-57.0,155.56,Directed
31.0_137.0,30.0_136.0,155.56,Directed
31.0_137.0,30.0_137.0,110.00,Directed
31.0_137.0,30.0_138.0,155.56,Directed
31.0_137.0,31.0_136.0,110.00,Directed
31.0_137.0,31.0_138.0,110.00,Directed
31.0_137.0,32.0_136.0,155.56,Directed
31.0_137.0,32.0_137.0,110.00,Directed
31.0_137.0,32.0_138.0,155.56,Directed
24.0_123.0,23.0_124.0,155.56,Directed
17.0_-160.0,16.0_-161.0,155.56,Directed
17.0_-160.0,16.0_-160.0,110.00,Directed
17.0_-160.0,16.0_-159.0,155.56,Directed
17.0_-160.0,17.0_-161.0,110.00,Directed
17.0_-160.0,17.0_-159.0,110.00,Directed
17.0_-160.0,18.0_-160.0,110.00,Directed
17.0_-160.0,18.0_-159.0,155.56,Directed
-25.0_-37.0,-26.0_-37.0,110.00,Directed
-25.0_-37.0,-26.0_-36.0,155.56,Directed
-25.0_-37.0,-24.0_-38.0,155.56,Directed
-25.0_-37.0,-24.0_-37.0,110.00,Directed
15.0_-158.0,14.0_-159.0,155.56,Directed
15.0_-158.0,14.0_-158.0,110.00,Directed
15.0_-158.0,14.0_-157.0,155.56,Directed
15.0_-158.0,15.0_-159.0,110.00,Directed
15.0_-158.0,16.0_-159.0,155.56,Directed
15.0_-158.0,16.0_-158.0,110.00,Directed
15.0_-158.0,16.0_-157.0,155.56,Directed
37.0_-1.0,36.0_-2.0,155.56,Directed
37.0_-1.0,37.0_-2.0,110.00,Directed
31.0_-41.0,30.0_-40.0,155.56,Directed
31.0_-41.0,31.0_-42.0,110.00,Directed
31.0_-41.0,32.0_-42.0,155.56,Directed
31.0_-41.0,32.0_-41.0,110.00,Directed
12.0_-118.0,11.0_-119.0,155.56,Directed
12.0_-118.0,11.0_-118.0,110.00,Directed
12.0_-118.0,12.0_-119.0,110.00,Directed
12.0_-118.0,12.0_-117.0,110.00,Directed
12.0_-118.0,13.0_-118.0,110.00,Directed
12.0_-118.0,13.0_-117.0,155.56,Directed
-18.0_-150.0,-18.0_-151.0,110.00,Directed
-18.0_-150.0,-17.0_-151.0,155.56,Directed
-18.0_-150.0,-17.0_-150.0,110.00,Directed
-18.0_-150.0,-17.0_-149.0,155.56,Directed
8.0_-121.0,7.0_-122.0,155.56,Directed
8.0_-121.0,7.0_-121.0,110.00,Directed
8.0_-121.0,7.0_-120.0,155.56,Directed
8.0_-121.0,8.0_-122.0,110.00,Directed
8.0_-121.0,8.0_-120.0,110.00,Directed
8.0_-121.0,9.0_-122.0,155.56,Directed
8.0_-121.0,9.0_-121.0,110.00,Directed
8.0_-121.0,9.0_-120.0,155.56,Directed
16.0_-66.0,15.0_-66.0,110.00,Directed
16.0_-66.0,15.0_-65.0,155.56,Directed
16.0_-66.0,16.0_-67.0,110.00,Directed
16.0_-66.0,16.0_-65.0,110.00,Directed
16.0_-66.0,17.0_-67.0,155.56,Directed
16.0_-66.0,17.0_-66.0,110.00,Directed
16.0_-66.0,17.0_-65.0,155.56,Directed
25.0_-70.0,24.0_-71.0,155.56,Directed
25.0_-70.0,24.0_-70.0,110.00,Directed
25.0_-70.0,24.0_-69.0,155.56,Directed
25.0_-70.0,25.0_-71.0,110.00,Directed
25.0_-70.0,25.0_-69.0,110.00,Directed
25.0_-70.0,26.0_-71.0,155.56,Directed
25.0_-70.0,26.0_-70.0,110.00,Directed
25.0_-70.0,26.0_-69.0,155.56,Directed
24.0_136.0,23.0_137.0,155.56,Directed
24.0_136.0,24.0_135.0,110.00,Directed
24.0_136.0,25.0_135.0,155.56,Directed
33.0_140.0,32.0_139.0,155.56,Directed
33.0_140.0,32.0_140.0,110.00,Directed
33.0_140.0,33.0_139.0,110.00,Directed
33.0_140.0,34.0_139.0,155.56,Directed
33.0_140.0,34.0_140.0,110.00,Directed
24.0_-84.0,23.0_-85.0,155.56,Directed
24.0_-84.0,23.0_-84.0,110.00,Directed
24.0_-84.0,23.0_-83.0,155.56,Directed
24.0_-84.0,24.0_-85.0,110.00,Directed
24.0_-84.0,24.0_-83.0,110.00,Directed
24.0_-84.0,25.0_-85.0,155.56,Directed
24.0_-84.0,25.0_-84.0,110.00,Directed
24.0_-84.0,25.0_-83.0,155.56,Directed
17.0_-70.0,16.0_-71.0,155.56,Directed
17.0_-70.0,16.0_-70.0,110.00,Directed
17.0_-70.0,16.0_-69.0,155.56,Directed
17.0_-70.0,17.0_-71.0,110.00,Directed
17.0_-70.0,17.0_-69.0,110.00,Directed
17.0_-70.0,18.0_-69.0,155.56,Directed
33.0_-162.0,32.0_-161.0,155.56,Directed
33.0_-162.0,33.0_-163.0,110.00,Directed
33.0_-162.0,33.0_-161.0,110.00,Directed
36.0_25.0,35.0_24.0,155.56,Directed
36.0_25.0,35.0_25.0,110.00,Directed
36.0_25.0,35.0_26.0,155.56,Directed
36.0_25.0,37.0_24.0,155.56,Directed
36.0_25.0,37.0_25.0,110.00,Directed
36.0_25.0,37.0_26.0,155.56,Directed
27.0_-64.0,26.0_-65.0,155.56,Directed
27.0_-64.0,27.0_-65.0,110.00,Directed
27.0_-64.0,27.0_-63.0,110.00,Directed
27.0_-64.0,28.0_-65.0,155.56,Directed
27.0_-64.0,28.0_-64.0,110.00,Directed
27.0_-64.0,28.0_-63.0,155.56,Directed
12.0_-69.0,11.0_-69.0,110.00,Directed
12.0_-69.0,11.0_-68.0,155.56,Directed
12.0_-69.0,12.0_-70.0,110.00,Directed
12.0_-69.0,12.0_-68.0,110.00,Directed
12.0_-69.0,13.0_-70.0,155.56,Directed
12.0_-69.0,13.0_-69.0,110.00,Directed
12.0_-69.0,13.0_-68.0,155.56,Directed
35.0_134.0,34.0_133.0,155.56,Directed
35.0_134.0,34.0_134.0,110.00,Directed
35.0_134.0,34.0_135.0,155.56,Directed
35.0_134.0,35.0_133.0,110.00,Directed
35.0_134.0,35.0_135.0,110.00,Directed
35.0_134.0,36.0_133.0,155.56,Directed
35.0_134.0,36.0_134.0,110.00,Directed
35.0_134.0,36.0_135.0,155.56,Directed
40.0_17.0,39.0_17.0,110.00,Directed
40.0_17.0,39.0_18.0,155.56,Directed
40.0_17.0,40.0_18.0,110.00,Directed
40.0_17.0,41.0_16.0,155.56,Directed
40.0_17.0,41.0_17.0,110.00,Directed
40.0_17.0,41.0_18.0,155.56,Directed
18.0_-154.0,17.0_-155.0,155.56,Directed
18.0_-154.0,17.0_-153.0,155.56,Directed
18.0_-154.0,18.0_-153.0,110.00,Directed
18.0_-154.0,19.0_-155.0,155.56,Directed
39.0_142.0,38.0_141.0,155.56,Directed
39.0_142.0,38.0_142.0,110.00,Directed
39.0_142.0,38.0_143.0,155.56,Directed
39.0_142.0,39.0_141.0,110.00,Directed
39.0_142.0,39.0_143.0,110.00,Directed
39.0_142.0,40.0_141.0,155.56,Directed
39.0_142.0,40.0_142.0,110.00,Directed
39.0_142.0,40.0_143.0,155.56,Directed
34.0_-141.0,33.0_-142.0,155.56,Directed
34.0_-141.0,33.0_-141.0,110.00,Directed
34.0_-141.0,33.0_-140.0,155.56,Directed
34.0_-141.0,34.0_-142.0,110.00,Directed
34.0_-141.0,34.0_-140.0,110.00,Directed
34.0_-141.0,35.0_-142.0,155.56,Directed
34.0_-141.0,35.0_-141.0,110.00,Directed
34.0_-141.0,35.0_-140.0,155.56,Directed
-23.0_-30.0,-24.0_-31.0,155.56,Directed
57.0_-6.0,56.0_-7.0,155.56,Directed
57.0_-6.0,56.0_-6.0,110.00,Directed
57.0_-6.0,56.0_-5.0,155.56,Directed
57.0_-6.0,57.0_-7.0,110.00,Directed
57.0_-6.0,58.0_-7.0,155.56,Directed
57.0_-6.0,58.0_-6.0,110.00,Directed
57.0_-6.0,58.0_-5.0,155.56,Directed
4.0_-157.0,3.0_-158.0,155.56,Directed
4.0_-157.0,3.0_-157.0,110.00,Directed
4.0_-157.0,3.0_-156.0,155.56,Directed
4.0_-157.0,4.0_-158.0,110.00,Directed
4.0_-157.0,4.0_-156.0,110.00,Directed
4.0_-157.0,5.0_-158.0,155.56,Directed
4.0_-157.0,5.0_-157.0,110.00,Directed
4.0_-157.0,5.0_-156.0,155.56,Directed
39.0_-130.0,38.0_-131.0,155.56,Directed
39.0_-130.0,38.0_-130.0,110.00,Directed
39.0_-130.0,38.0_-129.0,155.56,Directed
39.0_-130.0,39.0_-131.0,110.00,Directed
39.0_-130.0,40.0_-131.0,155.56,Directed
39.0_-130.0,40.0_-129.0,155.56,Directed
-25.0_99.0,-25.0_98.0,110.00,Directed
26.0_-78.0,25.0_-79.0,155.56,Directed
26.0_-78.0,25.0_-78.0,110.00,Directed
26.0_-78.0,25.0_-77.0,155.56,Directed
26.0_-78.0,26.0_-79.0,110.00,Directed
26.0_-78.0,26.0_-77.0,110.00,Directed
26.0_-78.0,27.0_-79.0,155.56,Directed
26.0_-78.0,27.0_-78.0,110.00,Directed
26.0_-78.0,27.0_-77.0,155.56,Directed
31.0_-147.0,30.0_-148.0,155.56,Directed
31.0_-147.0,30.0_-146.0,155.56,Directed
31.0_-147.0,31.0_-146.0,110.00,Directed
31.0_-147.0,32.0_-148.0,155.56,Directed
31.0_-147.0,32.0_-147.0,110.00,Directed
31.0_-147.0,32.0_-146.0,155.56,Directed
-7.0_-142.0,-8.0_-143.0,155.56,Directed
-7.0_-142.0,-8.0_-142.0,110.00,Directed
-7.0_-142.0,-8.0_-141.0,155.56,Directed
-7.0_-142.0,-7.0_-143.0,110.00,Directed
-7.0_-142.0,-7.0_-141.0,110.00,Directed
-7.0_-142.0,-6.0_-142.0,110.00,Directed
-7.0_-142.0,-6.0_-141.0,155.56,Directed
30.0_-148.0,30.0_-149.0,110.00,Directed
30.0_-148.0,31.0_-149.0,155.56,Directed
30.0_-148.0,31.0_-147.0,155.56,Directed
8.0_-147.0,7.0_-148.0,155.56,Directed
8.0_-147.0,7.0_-147.0,110.00,Directed
8.0_-147.0,7.0_-146.0,155.56,Directed
8.0_-147.0,8.0_-148.0,110.00,Directed
8.0_-147.0,8.0_-146.0,110.00,Directed
8.0_-147.0,9.0_-147.0,110.00,Directed
8.0_-147.0,9.0_-146.0,155.56,Directed
-41.0_160.0,-40.0_160.0,110.00,Directed
11.0_-137.0,10.0_-136.0,155.56,Directed
11.0_-137.0,11.0_-138.0,110.00,Directed
11.0_-137.0,11.0_-136.0,110.00,Directed
37.0_-150.0,36.0_-151.0,155.56,Directed
37.0_-150.0,36.0_-150.0,110.00,Directed
37.0_-150.0,36.0_-149.0,155.56,Directed
37.0_-150.0,37.0_-149.0,110.00,Directed
37.0_-150.0,38.0_-151.0,155.56,Directed
37.0_-150.0,38.0_-150.0,110.00,Directed
37.0_-150.0,38.0_-149.0,155.56,Directed
-33.0_-90.0,-33.0_-89.0,110.00,Directed
-33.0_-90.0,-32.0_-91.0,155.56,Directed
13.0_-73.0,13.0_-72.0,110.00,Directed
13.0_-73.0,14.0_-74.0,155.56,Directed
13.0_-73.0,14.0_-72.0,155.56,Directed
42.0_-65.0,41.0_-66.0,155.56,Directed
42.0_-65.0,41.0_-65.0,110.00,Directed
42.0_-65.0,41.0_-64.0,155.56,Directed
42.0_-65.0,42.0_-66.0,110.00,Directed
42.0_-65.0,42.0_-64.0,110.00,Directed
42.0_-65.0,43.0_-66.0,155.56,Directed
42.0_-65.0,43.0_-65.0,110.00,Directed
42.0_-65.0,43.0_-64.0,155.56,Directed
43.0_-149.0,44.0_-149.0,110.00,Directed
43.0_-149.0,44.0_-148.0,155.56,Directed
32.0_-128.0,32.0_-129.0,110.00,Directed
32.0_-128.0,32.0_-127.0,110.00,Directed
32.0_-128.0,33.0_-128.0,110.00,Directed
32.0_-128.0,33.0_-127.0,155.56,Directed
41.0_-66.0,40.0_-67.0,155.56,Directed
41.0_-66.0,40.0_-66.0,110.00,Directed
41.0_-66.0,40.0_-65.0,155.56,Directed
41.0_-66.0,41.0_-67.0,110.00,Directed
41.0_-66.0,41.0_-65.0,110.00,Directed
41.0_-66.0,42.0_-67.0,155.56,Directed
41.0_-66.0,42.0_-66.0,110.00,Directed
41.0_-66.0,42.0_-65.0,155.56,Directed
15.0_-114.0,14.0_-115.0,155.56,Directed
15.0_-114.0,14.0_-114.0,110.00,Directed
15.0_-114.0,14.0_-113.0,155.56,Directed
15.0_-114.0,15.0_-113.0,110.00,Directed
15.0_-114.0,16.0_-115.0,155.56,Directed
49.0_-6.0,48.0_-7.0,155.56,Directed
49.0_-6.0,48.0_-6.0,110.00,Directed
49.0_-6.0,48.0_-5.0,155.56,Directed
49.0_-6.0,49.0_-7.0,110.00,Directed
49.0_-6.0,49.0_-5.0,110.00,Directed
49.0_-6.0,50.0_-7.0,155.56,Directed
49.0_-6.0,50.0_-5.0,155.56,Directed
56.0_-3.0,55.0_-3.0,110.00,Directed
56.0_-3.0,56.0_-4.0,110.00,Directed
56.0_-3.0,56.0_-2.0,110.00,Directed
56.0_-3.0,57.0_-4.0,155.56,Directed
56.0_-3.0,57.0_-3.0,110.00,Directed
56.0_-3.0,57.0_-2.0,155.56,Directed
58.0_-9.0,57.0_-10.0,155.56,Directed
58.0_-9.0,57.0_-9.0,110.00,Directed
58.0_-9.0,57.0_-8.0,155.56,Directed
58.0_-9.0,58.0_-10.0,110.00,Directed
58.0_-9.0,58.0_-8.0,110.00,Directed
58.0_-9.0,59.0_-10.0,155.56,Directed
58.0_-9.0,59.0_-9.0,110.00,Directed
58.0_-9.0,59.0_-8.0,155.56,Directed
-29.0_-107.0,-29.0_-106.0,110.00,Directed
-29.0_-107.0,-28.0_-108.0,155.56,Directed
15.0_141.0,14.0_140.0,155.56,Directed
15.0_141.0,14.0_141.0,110.00,Directed
54.0_-14.0,53.0_-15.0,155.56,Directed
54.0_-14.0,53.0_-14.0,110.00,Directed
54.0_-14.0,53.0_-13.0,155.56,Directed
54.0_-14.0,54.0_-15.0,110.00,Directed
54.0_-14.0,54.0_-13.0,110.00,Directed
54.0_-14.0,55.0_-13.0,155.56,Directed
40.0_-151.0,39.0_-150.0,155.56,Directed
40.0_-151.0,40.0_-152.0,110.00,Directed
40.0_-151.0,40.0_-150.0,110.00,Directed
40.0_-151.0,41.0_-151.0,110.00,Directed
40.0_-151.0,41.0_-150.0,155.56,Directed
25.0_-83.0,24.0_-84.0,155.56,Directed
25.0_-83.0,24.0_-83.0,110.00,Directed
25.0_-83.0,24.0_-82.0,155.56,Directed
25.0_-83.0,25.0_-84.0,110.00,Directed
25.0_-83.0,26.0_-83.0,110.00,Directed
54.0_-133.0,53.0_-134.0,155.56,Directed
34.0_135.0,33.0_134.0,155.56,Directed
34.0_135.0,33.0_135.0,110.00,Directed
34.0_135.0,33.0_136.0,155.56,Directed
34.0_135.0,34.0_134.0,110.00,Directed
34.0_135.0,34.0_136.0,110.00,Directed
34.0_135.0,35.0_134.0,155.56,Directed
34.0_135.0,35.0_135.0,110.00,Directed
-26.0_106.0,-27.0_106.0,110.00,Directed
-26.0_106.0,-27.0_107.0,155.56,Directed
-26.0_106.0,-26.0_105.0,110.00,Directed
-26.0_106.0,-26.0_107.0,110.00,Directed
-26.0_106.0,-25.0_105.0,155.56,Directed
-26.0_106.0,-25.0_106.0,110.00,Directed
26.0_-65.0,25.0_-66.0,155.56,Directed
26.0_-65.0,25.0_-65.0,110.00,Directed
26.0_-65.0,26.0_-66.0,110.00,Directed
26.0_-65.0,27.0_-66.0,155.56,Directed
26.0_-65.0,27.0_-65.0,110.00,Directed
26.0_-65.0,27.0_-64.0,155.56,Directed
35.0_-122.0,34.0_-123.0,155.56,Directed
35.0_-122.0,34.0_-122.0,110.00,Directed
35.0_-122.0,34.0_-121.0,155.56,Directed
35.0_-122.0,35.0_-123.0,110.00,Directed
35.0_-122.0,35.0_-121.0,110.00,Directed
35.0_-122.0,36.0_-123.0,155.56,Directed
35.0_-122.0,36.0_-122.0,110.00,Directed
26.0_-155.0,25.0_-155.0,110.00,Directed
-27.0_-40.0,-27.0_-39.0,110.00,Directed
25.0_-161.0,25.0_-160.0,110.00,Directed
25.0_-161.0,26.0_-161.0,110.00,Directed
25.0_-161.0,26.0_-160.0,155.56,Directed
42.0_4.0,41.0_3.0,155.56,Directed
42.0_4.0,41.0_5.0,155.56,Directed
42.0_4.0,42.0_3.0,110.00,Directed
42.0_4.0,42.0_5.0,110.00,Directed
42.0_4.0,43.0_3.0,155.56,Directed
42.0_4.0,43.0_4.0,110.00,Directed
42.0_4.0,43.0_5.0,155.56,Directed
16.0_-79.0,15.0_-79.0,110.00,Directed
16.0_-79.0,16.0_-80.0,110.00,Directed
16.0_-79.0,16.0_-78.0,110.00,Directed
16.0_-79.0,17.0_-80.0,155.56,Directed
16.0_-79.0,17.0_-79.0,110.00,Directed
16.0_-79.0,17.0_-78.0,155.56,Directed
-14.0_144.0,-15.0_145.0,155.56,Directed
-14.0_144.0,-13.0_143.0,155.56,Directed
38.0_143.0,37.0_142.0,155.56,Directed
38.0_143.0,37.0_143.0,110.00,Directed
38.0_143.0,37.0_144.0,155.56,Directed
38.0_143.0,38.0_142.0,110.00,Directed
38.0_143.0,38.0_144.0,110.00,Directed
38.0_143.0,39.0_142.0,155.56,Directed
38.0_143.0,39.0_143.0,110.00,Directed
24.0_-114.0,23.0_-113.0,155.56,Directed
24.0_-114.0,24.0_-113.0,110.00,Directed
24.0_-114.0,25.0_-115.0,155.56,Directed
24.0_-114.0,25.0_-114.0,110.00,Directed
24.0_-114.0,25.0_-113.0,155.56,Directed
23.0_-128.0,22.0_-129.0,155.56,Directed
23.0_-128.0,22.0_-127.0,155.56,Directed
23.0_-128.0,23.0_-129.0,110.00,Directed
23.0_-128.0,23.0_-127.0,110.00,Directed
23.0_-128.0,24.0_-129.0,155.56,Directed
23.0_-128.0,24.0_-128.0,110.00,Directed
48.0_-3.0,47.0_-4.0,155.56,Directed
48.0_-3.0,47.0_-3.0,110.00,Directed
48.0_-3.0,49.0_-2.0,155.56,Directed
26.0_152.0,25.0_153.0,155.56,Directed
26.0_152.0,27.0_151.0,155.56,Directed
18.0_-82.0,17.0_-83.0,155.56,Directed
18.0_-82.0,17.0_-82.0,110.00,Directed
18.0_-82.0,17.0_-81.0,155.56,Directed
18.0_-82.0,18.0_-83.0,110.00,Directed
18.0_-82.0,18.0_-81.0,110.00,Directed
18.0_-82.0,19.0_-82.0,110.00,Directed
18.0_-82.0,19.0_-81.0,155.56,Directed
13.0_-60.0,12.0_-61.0,155.56,Directed
13.0_-60.0,12.0_-60.0,110.00,Directed
13.0_-60.0,13.0_-61.0,110.00,Directed
13.0_-60.0,13.0_-59.0,110.00,Directed
13.0_-60.0,14.0_-61.0,155.56,Directed
13.0_-60.0,14.0_-60.0,110.00,Directed
13.0_-60.0,14.0_-59.0,155.56,Directed
20.0_-25.0,21.0_-24.0,155.56,Directed
27.0_129.0,26.0_128.0,155.56,Directed
27.0_129.0,27.0_130.0,110.00,Directed
27.0_129.0,28.0_128.0,155.56,Directed
27.0_129.0,28.0_129.0,110.00,Directed
27.0_129.0,28.0_130.0,155.56,Directed
39.0_-125.0,38.0_-126.0,155.56,Directed
39.0_-125.0,38.0_-125.0,110.00,Directed
39.0_-125.0,38.0_-124.0,155.56,Directed
39.0_-125.0,39.0_-126.0,110.00,Directed
39.0_-125.0,40.0_-126.0,155.56,Directed
45.0_-45.0,45.0_-44.0,110.00,Directed
-8.0_-136.0,-9.0_-136.0,110.00,Directed
-8.0_-136.0,-8.0_-137.0,110.00,Directed
-8.0_-136.0,-7.0_-137.0,155.56,Directed
-8.0_-136.0,-7.0_-136.0,110.00,Directed
-8.0_-136.0,-7.0_-135.0,155.56,Directed
29.0_-80.0,28.0_-81.0,155.56,Directed
29.0_-80.0,28.0_-80.0,110.00,Directed
29.0_-80.0,28.0_-79.0,155.56,Directed
29.0_-80.0,29.0_-81.0,110.00,Directed
29.0_-80.0,29.0_-79.0,110.00,Directed
29.0_-80.0,30.0_-81.0,155.56,Directed
29.0_-80.0,30.0_-80.0,110.00,Directed
29.0_-80.0,30.0_-79.0,155.56,Directed
38.0_-144.0,37.0_-144.0,110.00,Directed
38.0_-144.0,38.0_-145.0,110.00,Directed
38.0_-144.0,38.0_-143.0,110.00,Directed
38.0_-144.0,39.0_-144.0,110.00,Directed
33.0_-144.0,32.0_-145.0,155.56,Directed
33.0_-144.0,34.0_-145.0,155.56,Directed
33.0_-144.0,34.0_-144.0,110.00,Directed
33.0_-144.0,34.0_-143.0,155.56,Directed
16.0_-84.0,16.0_-85.0,110.00,Directed
16.0_-84.0,16.0_-83.0,110.00,Directed
16.0_-84.0,17.0_-85.0,155.56,Directed
16.0_-84.0,17.0_-84.0,110.00,Directed
16.0_-84.0,17.0_-83.0,155.56,Directed
20.0_-154.0,19.0_-155.0,155.56,Directed
20.0_-154.0,20.0_-153.0,110.00,Directed
20.0_-154.0,21.0_-155.0,155.56,Directed
20.0_-154.0,21.0_-154.0,110.00,Directed
20.0_-154.0,21.0_-153.0,155.56,Directed
7.0_-122.0,6.0_-123.0,155.56,Directed
7.0_-122.0,6.0_-122.0,110.00,Directed
7.0_-122.0,6.0_-121.0,155.56,Directed
7.0_-122.0,7.0_-123.0,110.00,Directed
7.0_-122.0,7.0_-121.0,110.00,Directed
7.0_-122.0,8.0_-122.0,110.00,Directed
7.0_-122.0,8.0_-121.0,155.56,Directed
31.0_-72.0,30.0_-73.0,155.56,Directed
31.0_-72.0,30.0_-72.0,110.00,Directed
31.0_-72.0,30.0_-71.0,155.56,Directed
31.0_-72.0,31.0_-73.0,110.00,Directed
31.0_-72.0,31.0_-71.0,110.00,Directed
31.0_-72.0,32.0_-73.0,155.56,Directed
31.0_-72.0,32.0_-72.0,110.00,Directed
22.0_-152.0,21.0_-153.0,155.56,Directed
22.0_-152.0,21.0_-152.0,110.00,Directed
22.0_-152.0,21.0_-151.0,155.56,Directed
22.0_-152.0,22.0_-151.0,110.00,Directed
22.0_-152.0,23.0_-153.0,155.56,Directed
22.0_-68.0,21.0_-69.0,155.56,Directed
22.0_-68.0,22.0_-69.0,110.00,Directed
22.0_-68.0,23.0_-68.0,110.00,Directed
13.0_-134.0,12.0_-134.0,110.00,Directed
13.0_-134.0,12.0_-133.0,155.56,Directed
13.0_-134.0,14.0_-133.0,155.56,Directed
35.0_-153.0,34.0_-154.0,155.56,Directed
35.0_-153.0,35.0_-152.0,110.00,Directed
35.0_-153.0,36.0_-153.0,110.00,Directed
77.0_10.0,76.0_11.0,155.56,Directed
77.0_10.0,77.0_9.0,110.00,Directed
77.0_10.0,77.0_11.0,110.00,Directed
16.0_-100.0,15.0_-99.0,155.56,Directed
23.0_124.0,22.0_123.0,155.56,Directed
23.0_124.0,24.0_123.0,155.56,Directed
30.0_-153.0,29.0_-154.0,155.56,Directed
30.0_-153.0,30.0_-154.0,110.00,Directed
30.0_-153.0,31.0_-153.0,110.00,Directed
30.0_-153.0,31.0_-152.0,155.56,Directed
4.0_-144.0,3.0_-145.0,155.56,Directed
4.0_-144.0,3.0_-144.0,110.00,Directed
4.0_-144.0,4.0_-145.0,110.00,Directed
4.0_-144.0,5.0_-145.0,155.56,Directed
4.0_-144.0,5.0_-143.0,155.56,Directed
-7.0_-155.0,-8.0_-155.0,110.00,Directed
-7.0_-155.0,-8.0_-154.0,155.56,Directed
-7.0_-155.0,-7.0_-156.0,110.00,Directed
-7.0_-155.0,-7.0_-154.0,110.00,Directed
-7.0_-155.0,-6.0_-156.0,155.56,Directed
-17.0_-151.0,-18.0_-152.0,155.56,Directed
-17.0_-151.0,-18.0_-151.0,110.00,Directed
-17.0_-151.0,-18.0_-150.0,155.56,Directed
-17.0_-151.0,-17.0_-152.0,110.00,Directed
-17.0_-151.0,-17.0_-150.0,110.00,Directed
-17.0_-151.0,-16.0_-152.0,155.56,Directed
-17.0_-151.0,-16.0_-150.0,155.56,Directed
59.0_-5.0,58.0_-6.0,155.56,Directed
59.0_-5.0,58.0_-5.0,110.00,Directed
59.0_-5.0,58.0_-4.0,155.56,Directed
59.0_-5.0,59.0_-6.0,110.00,Directed
59.0_-5.0,59.0_-4.0,110.00,Directed
59.0_-5.0,60.0_-6.0,155.56,Directed
59.0_-5.0,60.0_-5.0,110.00,Directed
59.0_-5.0,60.0_-4.0,155.56,Directed
33.0_-66.0,32.0_-67.0,155.56,Directed
33.0_-66.0,32.0_-66.0,110.00,Directed
33.0_-66.0,32.0_-65.0,155.56,Directed
33.0_-66.0,33.0_-67.0,110.00,Directed
33.0_-66.0,33.0_-65.0,110.00,Directed
33.0_-66.0,34.0_-67.0,155.56,Directed
33.0_-66.0,34.0_-66.0,110.00,Directed
33.0_-66.0,34.0_-65.0,155.56,Directed
78.0_13.0,77.0_12.0,155.56,Directed
35.0_-64.0,34.0_-65.0,155.56,Directed
35.0_-64.0,34.0_-64.0,110.00,Directed
35.0_-64.0,34.0_-63.0,155.56,Directed
35.0_-64.0,35.0_-65.0,110.00,Directed
35.0_-64.0,35.0_-63.0,110.00,Directed
35.0_-64.0,36.0_-65.0,155.56,Directed
35.0_-64.0,36.0_-64.0,110.00,Directed
35.0_-64.0,36.0_-63.0,155.56,Directed
-5.0_-158.0,-6.0_-158.0,110.00,Directed
-5.0_-158.0,-6.0_-157.0,155.56,Directed
-5.0_-158.0,-5.0_-157.0,110.00,Directed
-5.0_-158.0,-4.0_-158.0,110.00,Directed
-5.0_-158.0,-4.0_-157.0,155.56,Directed
42.0_-70.0,41.0_-71.0,155.56,Directed
42.0_-70.0,41.0_-70.0,110.00,Directed
42.0_-70.0,41.0_-69.0,155.56,Directed
42.0_-70.0,42.0_-71.0,110.00,Directed
42.0_-70.0,42.0_-69.0,110.00,Directed
42.0_-70.0,43.0_-71.0,155.56,Directed
42.0_-70.0,43.0_-70.0,110.00,Directed
42.0_-70.0,43.0_-69.0,155.56,Directed
-1.0_-141.0,-2.0_-142.0,155.56,Directed
-1.0_-141.0,-2.0_-141.0,110.00,Directed
-1.0_-141.0,-1.0_-142.0,110.00,Directed
-1.0_-141.0,0.0_-142.0,155.56,Directed
-1.0_-141.0,0.0_-141.0,110.00,Directed
24.0_-109.0,23.0_-110.0,155.56,Directed
24.0_-109.0,23.0_-109.0,110.00,Directed
24.0_-109.0,23.0_-108.0,155.56,Directed
24.0_-109.0,24.0_-110.0,110.00,Directed
24.0_-109.0,25.0_-110.0,155.56,Directed
34.0_-172.0,34.0_-173.0,110.00,Directed
34.0_-172.0,34.0_-171.0,110.00,Directed
34.0_-172.0,35.0_-172.0,110.00,Directed
30.0_-166.0,31.0_-165.0,155.56,Directed
12.0_-140.0,12.0_-139.0,110.00,Directed
12.0_-140.0,13.0_-141.0,155.56,Directed
55.0_-13.0,54.0_-14.0,155.56,Directed
55.0_-13.0,54.0_-13.0,110.00,Directed
55.0_-13.0,54.0_-12.0,155.56,Directed
55.0_-13.0,55.0_-12.0,110.00,Directed
55.0_-13.0,56.0_-12.0,155.56,Directed
29.0_126.0,29.0_127.0,110.00,Directed
29.0_126.0,30.0_127.0,155.56,Directed
73.0_130.0,73.0_129.0,110.00,Directed
73.0_130.0,74.0_129.0,155.56,Directed
37.0_-58.0,37.0_-59.0,110.00,Directed
47.0_-126.0,46.0_-125.0,155.56,Directed
47.0_-126.0,47.0_-125.0,110.00,Directed
47.0_-126.0,48.0_-127.0,155.56,Directed
47.0_-126.0,48.0_-126.0,110.00,Directed
47.0_-126.0,48.0_-125.0,155.56,Directed
14.0_-151.0,13.0_-152.0,155.56,Directed
14.0_-151.0,13.0_-151.0,110.00,Directed
14.0_-151.0,13.0_-150.0,155.56,Directed
14.0_-151.0,15.0_-152.0,155.56,Directed
14.0_-151.0,15.0_-151.0,110.00,Directed
14.0_-151.0,15.0_-150.0,155.56,Directed
-30.0_-100.0,-30.0_-101.0,110.00,Directed
-30.0_-100.0,-30.0_-99.0,110.00,Directed
44.0_-148.0,43.0_-149.0,155.56,Directed
44.0_-148.0,44.0_-149.0,110.00,Directed
44.0_-148.0,45.0_-148.0,110.00,Directed
26.0_-111.0,25.0_-111.0,110.00,Directed
26.0_-111.0,25.0_-110.0,155.56,Directed
26.0_-111.0,26.0_-112.0,110.00,Directed
45.0_-58.0,44.0_-59.0,155.56,Directed
45.0_-58.0,44.0_-57.0,155.56,Directed
45.0_-58.0,45.0_-59.0,110.00,Directed
45.0_-58.0,45.0_-57.0,110.00,Directed
45.0_-58.0,46.0_-59.0,155.56,Directed
45.0_-58.0,46.0_-58.0,110.00,Directed
45.0_-58.0,46.0_-57.0,155.56,Directed
39.0_-138.0,38.0_-139.0,155.56,Directed
39.0_-138.0,38.0_-138.0,110.00,Directed
39.0_-138.0,38.0_-137.0,155.56,Directed
39.0_-138.0,39.0_-139.0,110.00,Directed
39.0_-138.0,39.0_-137.0,110.00,Directed
39.0_-138.0,40.0_-139.0,155.56,Directed
39.0_-138.0,40.0_-137.0,155.56,Directed
29.0_-158.0,28.0_-158.0,110.00,Directed
29.0_-158.0,28.0_-157.0,155.56,Directed
29.0_-158.0,29.0_-159.0,110.00,Directed
29.0_-158.0,29.0_-157.0,110.00,Directed
29.0_-158.0,30.0_-159.0,155.56,Directed
29.0_-158.0,30.0_-158.0,110.00,Directed
29.0_-158.0,30.0_-157.0,155.56,Directed
2.0_-146.0,1.0_-147.0,155.56,Directed
2.0_-146.0,1.0_-145.0,155.56,Directed
2.0_-146.0,3.0_-146.0,110.00,Directed
2.0_-146.0,3.0_-145.0,155.56,Directed
39.0_-68.0,38.0_-69.0,155.56,Directed
39.0_-68.0,38.0_-68.0,110.00,Directed
39.0_-68.0,38.0_-67.0,155.56,Directed
39.0_-68.0,39.0_-69.0,110.00,Directed
39.0_-68.0,39.0_-67.0,110.00,Directed
39.0_-68.0,40.0_-69.0,155.56,Directed
39.0_-68.0,40.0_-68.0,110.00,Directed
39.0_-68.0,40.0_-67.0,155.56,Directed
55.0_-163.0,55.0_-164.0,110.00,Directed
55.0_-163.0,56.0_-162.0,155.56,Directed
36.0_146.0,35.0_147.0,155.56,Directed
36.0_146.0,37.0_146.0,110.00,Directed
39.0_12.0,38.0_11.0,155.56,Directed
39.0_12.0,38.0_12.0,110.00,Directed
39.0_12.0,38.0_13.0,155.56,Directed
39.0_12.0,39.0_11.0,110.00,Directed
39.0_12.0,40.0_11.0,155.56,Directed
39.0_12.0,40.0_13.0,155.56,Directed
57.0_-10.0,56.0_-11.0,155.56,Directed
57.0_-10.0,56.0_-10.0,110.00,Directed
57.0_-10.0,56.0_-9.0,155.56,Directed
57.0_-10.0,57.0_-11.0,110.00,Directed
57.0_-10.0,57.0_-9.0,110.00,Directed
57.0_-10.0,58.0_-11.0,155.56,Directed
57.0_-10.0,58.0_-10.0,110.00,Directed
57.0_-10.0,58.0_-9.0,155.56,Directed
27.0_-77.0,26.0_-78.0,155.56,Directed
27.0_-77.0,26.0_-77.0,110.00,Directed
27.0_-77.0,26.0_-76.0,155.56,Directed
27.0_-77.0,27.0_-78.0,110.00,Directed
27.0_-77.0,27.0_-76.0,110.00,Directed
27.0_-77.0,28.0_-78.0,155.56,Directed
27.0_-77.0,28.0_-77.0,110.00,Directed
27.0_-77.0,28.0_-76.0,155.56,Directed
20.0_-69.0,19.0_-70.0,155.56,Directed
20.0_-69.0,19.0_-69.0,110.00,Directed
20.0_-69.0,20.0_-70.0,110.00,Directed
20.0_-69.0,20.0_-68.0,110.00,Directed
20.0_-69.0,21.0_-70.0,155.56,Directed
20.0_-69.0,21.0_-69.0,110.00,Directed
35.0_147.0,34.0_146.0,155.56,Directed
35.0_147.0,36.0_146.0,155.56,Directed
35.0_-140.0,34.0_-141.0,155.56,Directed
35.0_-140.0,34.0_-140.0,110.00,Directed
35.0_-140.0,35.0_-141.0,110.00,Directed
35.0_-140.0,35.0_-139.0,110.00,Directed
35.0_-140.0,36.0_-141.0,155.56,Directed
35.0_-140.0,36.0_-139.0,155.56,Directed
48.0_-130.0,48.0_-129.0,110.00,Directed
48.0_-130.0,49.0_-131.0,155.56,Directed
48.0_-130.0,49.0_-129.0,155.56,Directed
-32.0_-91.0,-33.0_-90.0,155.56,Directed
-32.0_-91.0,-32.0_-92.0,110.00,Directed
13.0_-147.0,12.0_-148.0,155.56,Directed
13.0_-147.0,13.0_-146.0,110.00,Directed
13.0_-147.0,14.0_-148.0,155.56,Directed
13.0_-147.0,14.0_-146.0,155.56,Directed
46.0_-88.0,45.0_-88.0,110.00,Directed
46.0_-88.0,45.0_-87.0,155.56,Directed
20.0_-110.0,19.0_-111.0,155.56,Directed
20.0_-110.0,19.0_-110.0,110.00,Directed
20.0_-110.0,19.0_-109.0,155.56,Directed
20.0_-110.0,20.0_-111.0,110.00,Directed
20.0_-110.0,20.0_-109.0,110.00,Directed
20.0_-110.0,21.0_-111.0,155.56,Directed
20.0_-110.0,21.0_-110.0,110.00,Directed
20.0_-110.0,21.0_-109.0,155.56,Directed
15.0_-145.0,14.0_-146.0,155.56,Directed
15.0_-145.0,14.0_-145.0,110.00,Directed
15.0_-145.0,14.0_-144.0,155.56,Directed
15.0_-145.0,15.0_-146.0,110.00,Directed
15.0_-145.0,15.0_-144.0,110.00,Directed
15.0_-145.0,16.0_-146.0,155.56,Directed
-63.0_-59.0,-64.0_-60.0,155.56,Directed
-63.0_-59.0,-63.0_-58.0,110.00,Directed
9.0_-150.0,8.0_-149.0,155.56,Directed
9.0_-150.0,10.0_-150.0,110.00,Directed
8.0_-116.0,7.0_-117.0,155.56,Directed
8.0_-116.0,9.0_-117.0,155.56,Directed
8.0_-116.0,9.0_-116.0,110.00,Directed
30.0_168.0,29.0_169.0,155.56,Directed
5.0_-138.0,5.0_-137.0,110.00,Directed
5.0_-138.0,6.0_-138.0,110.00,Directed
12.0_-60.0,11.0_-61.0,155.56,Directed
12.0_-60.0,11.0_-60.0,110.00,Directed
12.0_-60.0,12.0_-61.0,110.00,Directed
12.0_-60.0,13.0_-61.0,155.56,Directed
12.0_-60.0,13.0_-60.0,110.00,Directed
12.0_-60.0,13.0_-59.0,155.56,Directed
-38.0_150.0,-39.0_150.0,110.00,Directed
-38.0_150.0,-37.0_151.0,155.56,Directed
11.0_-61.0,11.0_-62.0,110.00,Directed
11.0_-61.0,11.0_-60.0,110.00,Directed
11.0_-61.0,12.0_-62.0,155.56,Directed
11.0_-61.0,12.0_-61.0,110.00,Directed
11.0_-61.0,12.0_-60.0,155.56,Directed
38.0_-131.0,38.0_-130.0,110.00,Directed
38.0_-131.0,39.0_-132.0,155.56,Directed
38.0_-131.0,39.0_-131.0,110.00,Directed
38.0_-131.0,39.0_-130.0,155.56,Directed
28.0_-76.0,27.0_-77.0,155.56,Directed
28.0_-76.0,27.0_-76.0,110.00,Directed
28.0_-76.0,27.0_-75.0,155.56,Directed
28.0_-76.0,28.0_-77.0,110.00,Directed
28.0_-76.0,28.0_-75.0,110.00,Directed
28.0_-76.0,29.0_-77.0,155.56,Directed
28.0_-76.0,29.0_-76.0,110.00,Directed
28.0_-76.0,29.0_-75.0,155.56,Directed
-4.0_-133.0,-5.0_-134.0,155.56,Directed
-4.0_-133.0,-5.0_-133.0,110.00,Directed
-4.0_-133.0,-5.0_-132.0,155.56,Directed
-4.0_-133.0,-4.0_-134.0,110.00,Directed
-4.0_-133.0,-3.0_-133.0,110.00,Directed
-4.0_-133.0,-3.0_-132.0,155.56,Directed
40.0_-67.0,39.0_-68.0,155.56,Directed
40.0_-67.0,39.0_-67.0,110.00,Directed
40.0_-67.0,39.0_-66.0,155.56,Directed
40.0_-67.0,40.0_-68.0,110.00,Directed
40.0_-67.0,40.0_-66.0,110.00,Directed
40.0_-67.0,41.0_-68.0,155.56,Directed
40.0_-67.0,41.0_-67.0,110.00,Directed
40.0_-67.0,41.0_-66.0,155.56,Directed
27.0_-118.0,27.0_-117.0,110.00,Directed
27.0_-118.0,28.0_-119.0,155.56,Directed
27.0_-118.0,28.0_-118.0,110.00,Directed
27.0_-118.0,28.0_-117.0,155.56,Directed
18.0_-110.0,17.0_-111.0,155.56,Directed
18.0_-110.0,17.0_-110.0,110.00,Directed
18.0_-110.0,17.0_-109.0,155.56,Directed
18.0_-110.0,18.0_-111.0,110.00,Directed
18.0_-110.0,18.0_-109.0,110.00,Directed
18.0_-110.0,19.0_-111.0,155.56,Directed
18.0_-110.0,19.0_-110.0,110.00,Directed
18.0_-110.0,19.0_-109.0,155.56,Directed
56.0_-12.0,55.0_-13.0,155.56,Directed
56.0_-12.0,55.0_-12.0,110.00,Directed
56.0_-12.0,55.0_-11.0,155.56,Directed
56.0_-12.0,56.0_-11.0,110.00,Directed
56.0_-12.0,57.0_-12.0,110.00,Directed
56.0_-12.0,57.0_-11.0,155.56,Directed
34.0_-65.0,33.0_-66.0,155.56,Directed
34.0_-65.0,33.0_-65.0,110.00,Directed
34.0_-65.0,33.0_-64.0,155.56,Directed
34.0_-65.0,34.0_-66.0,110.00,Directed
34.0_-65.0,34.0_-64.0,110.00,Directed
34.0_-65.0,35.0_-66.0,155.56,Directed
34.0_-65.0,35.0_-65.0,110.00,Directed
34.0_-65.0,35.0_-64.0,155.56,Directed
-26.0_-36.0,-26.0_-37.0,110.00,Directed
-26.0_-36.0,-26.0_-35.0,110.00,Directed
-26.0_-36.0,-25.0_-37.0,155.56,Directed
23.0_-159.0,22.0_-160.0,155.56,Directed
23.0_-159.0,22.0_-159.0,110.00,Directed
23.0_-159.0,22.0_-158.0,155.56,Directed
23.0_-159.0,23.0_-158.0,110.00,Directed
23.0_-159.0,24.0_-159.0,110.00,Directed
23.0_-159.0,24.0_-158.0,155.56,Directed
28.0_-63.0,27.0_-64.0,155.56,Directed
28.0_-63.0,27.0_-63.0,110.00,Directed
28.0_-63.0,27.0_-62.0,155.56,Directed
28.0_-63.0,28.0_-64.0,110.00,Directed
28.0_-63.0,28.0_-62.0,110.00,Directed
28.0_-63.0,29.0_-64.0,155.56,Directed
28.0_-63.0,29.0_-63.0,110.00,Directed
28.0_-63.0,29.0_-62.0,155.56,Directed
2.0_-159.0,1.0_-160.0,155.56,Directed
2.0_-159.0,1.0_-159.0,110.00,Directed
2.0_-159.0,1.0_-158.0,155.56,Directed
2.0_-159.0,2.0_-160.0,110.00,Directed
2.0_-159.0,2.0_-158.0,110.00,Directed
2.0_-159.0,3.0_-160.0,155.56,Directed
2.0_-159.0,3.0_-158.0,155.56,Directed
25.0_-130.0,24.0_-130.0,110.00,Directed
25.0_-130.0,24.0_-129.0,155.56,Directed
25.0_-130.0,25.0_-129.0,110.00,Directed
25.0_-130.0,26.0_-130.0,110.00,Directed
11.0_-119.0,10.0_-119.0,110.00,Directed
11.0_-119.0,11.0_-120.0,110.00,Directed
11.0_-119.0,11.0_-118.0,110.00,Directed
11.0_-119.0,12.0_-119.0,110.00,Directed
11.0_-119.0,12.0_-118.0,155.56,Directed
23.0_137.0,24.0_136.0,155.56,Directed
-33.0_-11.0,-33.0_-12.0,110.00,Directed
-33.0_-11.0,-33.0_-10.0,110.00,Directed
30.0_-122.0,29.0_-123.0,155.56,Directed
30.0_-122.0,29.0_-122.0,110.00,Directed
30.0_-122.0,29.0_-121.0,155.56,Directed
30.0_-122.0,30.0_-123.0,110.00,Directed
30.0_-122.0,30.0_-121.0,110.00,Directed
30.0_-122.0,31.0_-123.0,155.56,Directed
30.0_-122.0,31.0_-122.0,110.00,Directed
30.0_-122.0,31.0_-121.0,155.56,Directed
24.0_-71.0,23.0_-72.0,155.56,Directed
24.0_-71.0,23.0_-71.0,110.00,Directed
24.0_-71.0,23.0_-70.0,155.56,Directed
24.0_-71.0,24.0_-72.0,110.00,Directed
24.0_-71.0,24.0_-70.0,110.00,Directed
24.0_-71.0,25.0_-72.0,155.56,Directed
24.0_-71.0,25.0_-71.0,110.00,Directed
24.0_-71.0,25.0_-70.0,155.56,Directed
36.0_133.0,35.0_132.0,155.56,Directed
36.0_133.0,35.0_133.0,110.00,Directed
36.0_133.0,35.0_134.0,155.56,Directed
36.0_133.0,36.0_132.0,110.00,Directed
36.0_133.0,36.0_134.0,110.00,Directed
36.0_133.0,37.0_132.0,155.56,Directed
36.0_133.0,37.0_133.0,110.00,Directed
36.0_133.0,37.0_134.0,155.56,Directed
19.0_-59.0,18.0_-60.0,155.56,Directed
19.0_-59.0,18.0_-59.0,110.00,Directed
19.0_-59.0,18.0_-58.0,155.56,Directed
19.0_-59.0,19.0_-60.0,110.00,Directed
19.0_-59.0,19.0_-58.0,110.00,Directed
19.0_-59.0,20.0_-60.0,155.56,Directed
19.0_-59.0,20.0_-59.0,110.00,Directed
19.0_-59.0,20.0_-58.0,155.56,Directed
30.0_-72.0,29.0_-73.0,155.56,Directed
30.0_-72.0,29.0_-72.0,110.00,Directed
30.0_-72.0,29.0_-71.0,155.56,Directed
30.0_-72.0,30.0_-73.0,110.00,Directed
30.0_-72.0,30.0_-71.0,110.00,Directed
30.0_-72.0,31.0_-73.0,155.56,Directed
30.0_-72.0,31.0_-72.0,110.00,Directed
30.0_-72.0,31.0_-71.0,155.56,Directed
42.0_-83.0,41.0_-84.0,155.56,Directed
42.0_-83.0,41.0_-83.0,110.00,Directed
42.0_-83.0,41.0_-82.0,155.56,Directed
42.0_-83.0,42.0_-84.0,110.00,Directed
42.0_-83.0,42.0_-82.0,110.00,Directed
42.0_-83.0,43.0_-83.0,110.00,Directed
17.0_135.0,18.0_136.0,155.56,Directed
44.0_-59.0,43.0_-60.0,155.56,Directed
44.0_-59.0,43.0_-59.0,110.00,Directed
44.0_-59.0,43.0_-58.0,155.56,Directed
44.0_-59.0,44.0_-60.0,110.00,Directed
44.0_-59.0,45.0_-60.0,155.56,Directed
44.0_-59.0,45.0_-59.0,110.00,Directed
44.0_-59.0,45.0_-58.0,155.56,Directed
-1.0_-154.0,-2.0_-153.0,155.56,Directed
-1.0_-154.0,-1.0_-153.0,110.00,Directed
31.0_155.0,32.0_156.0,155.56,Directed
23.0_-85.0,22.0_-86.0,155.56,Directed
23.0_-85.0,22.0_-85.0,110.00,Directed
23.0_-85.0,23.0_-84.0,110.00,Directed
23.0_-85.0,24.0_-86.0,155.56,Directed
23.0_-85.0,24.0_-85.0,110.00,Directed
23.0_-85.0,24.0_-84.0,155.56,Directed
27.0_151.0,26.0_152.0,155.56,Directed
27.0_151.0,27.0_150.0,110.00,Directed
9.0_-163.0,8.0_-163.0,110.00,Directed
9.0_-163.0,8.0_-162.0,155.56,Directed
9.0_-163.0,9.0_-164.0,110.00,Directed
9.0_-163.0,9.0_-162.0,110.00,Directed
9.0_-163.0,10.0_-163.0,110.00,Directed
9.0_-163.0,10.0_-162.0,155.56,Directed
53.0_-135.0,53.0_-136.0,110.00,Directed
53.0_-135.0,53.0_-134.0,110.00,Directed
53.0_-135.0,54.0_-136.0,155.56,Directed
23.0_-71.0,22.0_-72.0,155.56,Directed
23.0_-71.0,22.0_-71.0,110.00,Directed
23.0_-71.0,22.0_-70.0,155.56,Directed
23.0_-71.0,23.0_-72.0,110.00,Directed
23.0_-71.0,23.0_-70.0,110.00,Directed
23.0_-71.0,24.0_-72.0,155.56,Directed
23.0_-71.0,24.0_-71.0,110.00,Directed
23.0_-71.0,24.0_-70.0,155.56,Directed
6.0_-123.0,5.0_-123.0,110.00,Directed
6.0_-123.0,5.0_-122.0,155.56,Directed
6.0_-123.0,6.0_-122.0,110.00,Directed
6.0_-123.0,7.0_-124.0,155.56,Directed
6.0_-123.0,7.0_-123.0,110.00,Directed
6.0_-123.0,7.0_-122.0,155.56,Directed
-12.0_87.0,-13.0_86.0,155.56,Directed
-12.0_87.0,-13.0_87.0,110.00,Directed
-12.0_87.0,-13.0_88.0,155.56,Directed
-12.0_87.0,-12.0_86.0,110.00,Directed
-12.0_87.0,-11.0_86.0,155.56,Directed
-12.0_87.0,-11.0_87.0,110.00,Directed
-12.0_87.0,-11.0_88.0,155.56,Directed
23.0_-163.0,22.0_-162.0,155.56,Directed
23.0_-163.0,23.0_-164.0,110.00,Directed
31.0_-164.0,30.0_-164.0,110.00,Directed
31.0_-164.0,31.0_-165.0,110.00,Directed
31.0_-164.0,32.0_-165.0,155.56,Directed
31.0_-164.0,32.0_-164.0,110.00,Directed
-20.0_-28.0,-21.0_-29.0,155.56,Directed
-20.0_-28.0,-19.0_-27.0,155.56,Directed
19.0_-81.0,18.0_-82.0,155.56,Directed
19.0_-81.0,18.0_-81.0,110.00,Directed
19.0_-81.0,18.0_-80.0,155.56,Directed
19.0_-81.0,19.0_-82.0,110.00,Directed
19.0_-81.0,19.0_-80.0,110.00,Directed
19.0_-81.0,20.0_-82.0,155.56,Directed
19.0_-81.0,20.0_-81.0,110.00,Directed
19.0_-81.0,20.0_-80.0,155.56,Directed
14.0_-67.0,13.0_-68.0,155.56,Directed
14.0_-67.0,13.0_-67.0,110.00,Directed
14.0_-67.0,13.0_-66.0,155.56,Directed
14.0_-67.0,14.0_-66.0,110.00,Directed
14.0_-67.0,15.0_-68.0,155.56,Directed
14.0_-67.0,15.0_-66.0,155.56,Directed
43.0_9.0,42.0_8.0,155.56,Directed
43.0_9.0,42.0_9.0,110.00,Directed
43.0_9.0,42.0_10.0,155.56,Directed
43.0_9.0,43.0_8.0,110.00,Directed
43.0_9.0,44.0_8.0,155.56,Directed
43.0_9.0,44.0_9.0,110.00,Directed
28.0_128.0,27.0_127.0,155.56,Directed
28.0_128.0,27.0_129.0,155.56,Directed
28.0_128.0,28.0_129.0,110.00,Directed
28.0_128.0,29.0_127.0,155.56,Directed
28.0_128.0,29.0_128.0,110.00,Directed
28.0_128.0,29.0_129.0,155.56,Directed
15.0_-162.0,14.0_-163.0,155.56,Directed
15.0_-162.0,14.0_-162.0,110.00,Directed
15.0_-162.0,14.0_-161.0,155.56,Directed
15.0_-162.0,15.0_-163.0,110.00,Directed
15.0_-162.0,15.0_-161.0,110.00,Directed
15.0_-162.0,16.0_-163.0,155.56,Directed
15.0_-162.0,16.0_-161.0,155.56,Directed
25.0_-65.0,24.0_-66.0,155.56,Directed
25.0_-65.0,24.0_-65.0,110.00,Directed
25.0_-65.0,25.0_-66.0,110.00,Directed
25.0_-65.0,26.0_-66.0,155.56,Directed
25.0_-65.0,26.0_-65.0,110.00,Directed
32.0_-79.0,31.0_-80.0,155.56,Directed
32.0_-79.0,31.0_-79.0,110.00,Directed
32.0_-79.0,31.0_-78.0,155.56,Directed
32.0_-79.0,32.0_-78.0,110.00,Directed
40.0_-133.0,39.0_-134.0,155.56,Directed
40.0_-133.0,39.0_-133.0,110.00,Directed
40.0_-133.0,39.0_-132.0,155.56,Directed
40.0_-133.0,40.0_-134.0,110.00,Directed
40.0_-133.0,41.0_-132.0,155.56,Directed
39.0_138.0,38.0_137.0,155.56,Directed
39.0_138.0,38.0_138.0,110.00,Directed
39.0_138.0,38.0_139.0,155.56,Directed
39.0_138.0,39.0_137.0,110.00,Directed
39.0_138.0,39.0_139.0,110.00,Directed
39.0_138.0,40.0_137.0,155.56,Directed
39.0_138.0,40.0_138.0,110.00,Directed
39.0_138.0,40.0_139.0,155.56,Directed
17.0_-111.0,16.0_-112.0,155.56,Directed
17.0_-111.0,16.0_-111.0,110.00,Directed
17.0_-111.0,16.0_-110.0,155.56,Directed
17.0_-111.0,17.0_-112.0,110.00,Directed
17.0_-111.0,17.0_-110.0,110.00,Directed
17.0_-111.0,18.0_-112.0,155.56,Directed
17.0_-111.0,18.0_-111.0,110.00,Directed
17.0_-111.0,18.0_-110.0,155.56,Directed
10.0_-161.0,9.0_-162.0,155.56,Directed
10.0_-161.0,9.0_-161.0,110.00,Directed
10.0_-161.0,9.0_-160.0,155.56,Directed
10.0_-161.0,10.0_-162.0,110.00,Directed
10.0_-161.0,10.0_-160.0,110.00,Directed
10.0_-161.0,11.0_-162.0,155.56,Directed
10.0_-161.0,11.0_-161.0,110.00,Directed
10.0_-161.0,11.0_-160.0,155.56,Directed
30.0_-73.0,29.0_-74.0,155.56,Directed
30.0_-73.0,29.0_-73.0,110.00,Directed
30.0_-73.0,29.0_-72.0,155.56,Directed
30.0_-73.0,30.0_-74.0,110.00,Directed
30.0_-73.0,30.0_-72.0,110.00,Directed
30.0_-73.0,31.0_-74.0,155.56,Directed
30.0_-73.0,31.0_-73.0,110.00,Directed
30.0_-73.0,31.0_-72.0,155.56,Directed
5.0_-155.0,4.0_-156.0,155.56,Directed
5.0_-155.0,4.0_-155.0,110.00,Directed
5.0_-155.0,5.0_-156.0,110.00,Directed
5.0_-155.0,6.0_-156.0,155.56,Directed
5.0_-155.0,6.0_-155.0,110.00,Directed
-35.0_-79.0,-35.0_-80.0,110.00,Directed
-35.0_-79.0,-34.0_-80.0,155.56,Directed
-35.0_-79.0,-34.0_-78.0,155.56,Directed
33.0_135.0,32.0_135.0,110.00,Directed
33.0_135.0,32.0_136.0,155.56,Directed
33.0_135.0,33.0_134.0,110.00,Directed
33.0_135.0,33.0_136.0,110.00,Directed
33.0_135.0,34.0_134.0,155.56,Directed
33.0_135.0,34.0_135.0,110.00,Directed
33.0_135.0,34.0_136.0,155.56,Directed
32.0_-145.0,31.0_-146.0,155.56,Directed
32.0_-145.0,31.0_-144.0,155.56,Directed
32.0_-145.0,32.0_-146.0,110.00,Directed
32.0_-145.0,33.0_-144.0,155.56,Directed
21.0_-69.0,20.0_-70.0,155.56,Directed
21.0_-69.0,20.0_-69.0,110.00,Directed
21.0_-69.0,20.0_-68.0,155.56,Directed
21.0_-69.0,21.0_-70.0,110.00,Directed
21.0_-69.0,22.0_-70.0,155.56,Directed
21.0_-69.0,22.0_-69.0,110.00,Directed
21.0_-69.0,22.0_-68.0,155.56,Directed
41.0_-83.0,41.0_-84.0,110.00,Directed
41.0_-83.0,41.0_-82.0,110.00,Directed
41.0_-83.0,42.0_-84.0,155.56,Directed
41.0_-83.0,42.0_-83.0,110.00,Directed
41.0_-83.0,42.0_-82.0,155.56,Directed
40.0_149.0,40.0_148.0,110.00,Directed
40.0_149.0,41.0_150.0,155.56,Directed
11.0_-142.0,10.0_-142.0,110.00,Directed
11.0_-142.0,10.0_-141.0,155.56,Directed
11.0_-142.0,11.0_-143.0,110.00,Directed
42.0_152.0,41.0_151.0,155.56,Directed
42.0_152.0,42.0_151.0,110.00,Directed
42.0_152.0,42.0_153.0,110.00,Directed
18.0_-64.0,17.0_-65.0,155.56,Directed
18.0_-64.0,17.0_-64.0,110.00,Directed
18.0_-64.0,17.0_-63.0,155.56,Directed
18.0_-64.0,18.0_-65.0,110.00,Directed
18.0_-64.0,19.0_-65.0,155.56,Directed
18.0_-64.0,19.0_-64.0,110.00,Directed
22.0_-129.0,21.0_-130.0,155.56,Directed
22.0_-129.0,22.0_-130.0,110.00,Directed
22.0_-129.0,23.0_-130.0,155.56,Directed
22.0_-129.0,23.0_-129.0,110.00,Directed
22.0_-129.0,23.0_-128.0,155.56,Directed
25.0_-78.0,24.0_-78.0,110.00,Directed
25.0_-78.0,24.0_-77.0,155.56,Directed
25.0_-78.0,25.0_-79.0,110.00,Directed
25.0_-78.0,25.0_-77.0,110.00,Directed
25.0_-78.0,26.0_-79.0,155.56,Directed
25.0_-78.0,26.0_-78.0,110.00,Directed
25.0_-78.0,26.0_-77.0,155.56,Directed
55.0_-9.0,54.0_-10.0,155.56,Directed
55.0_-9.0,54.0_-9.0,110.00,Directed
55.0_-9.0,55.0_-10.0,110.00,Directed
55.0_-9.0,55.0_-8.0,110.00,Directed
55.0_-9.0,56.0_-10.0,155.56,Directed
55.0_-9.0,56.0_-9.0,110.00,Directed
55.0_-9.0,56.0_-8.0,155.56,Directed
40.0_-146.0,39.0_-146.0,110.00,Directed
40.0_-146.0,40.0_-147.0,110.00,Directed
40.0_-146.0,40.0_-145.0,110.00,Directed
40.0_-146.0,41.0_-147.0,155.56,Directed
40.0_-146.0,41.0_-146.0,110.00,Directed
29.0_-62.0,28.0_-63.0,155.56,Directed
29.0_-62.0,28.0_-62.0,110.00,Directed
29.0_-62.0,28.0_-61.0,155.56,Directed
29.0_-62.0,29.0_-63.0,110.00,Directed
29.0_-62.0,29.0_-61.0,110.00,Directed
29.0_-62.0,30.0_-63.0,155.56,Directed
29.0_-62.0,30.0_-62.0,110.00,Directed
29.0_-62.0,30.0_-61.0,155.56,Directed
-8.0_-118.0,-8.0_-119.0,110.00,Directed
36.0_-76.0,35.0_-76.0,110.00,Directed
36.0_-76.0,37.0_-75.0,155.56,Directed
11.0_-155.0,10.0_-155.0,110.00,Directed
11.0_-155.0,11.0_-156.0,110.00,Directed
11.0_-155.0,12.0_-156.0,155.56,Directed
11.0_-155.0,12.0_-155.0,110.00,Directed
-6.0_-156.0,-7.0_-156.0,110.00,Directed
-6.0_-156.0,-7.0_-155.0,155.56,Directed
-6.0_-156.0,-6.0_-157.0,110.00,Directed
-6.0_-156.0,-5.0_-157.0,155.56,Directed
-6.0_-156.0,-5.0_-156.0,110.00,Directed
37.0_132.0,36.0_131.0,155.56,Directed
37.0_132.0,36.0_132.0,110.00,Directed
37.0_132.0,36.0_133.0,155.56,Directed
37.0_132.0,37.0_133.0,110.00,Directed
17.0_-78.0,16.0_-79.0,155.56,Directed
17.0_-78.0,16.0_-78.0,110.00,Directed
17.0_-78.0,16.0_-77.0,155.56,Directed
17.0_-78.0,17.0_-79.0,110.00,Directed
17.0_-78.0,17.0_-77.0,110.00,Directed
17.0_-78.0,18.0_-79.0,155.56,Directed
17.0_-78.0,18.0_-78.0,110.00,Directed
17.0_-78.0,18.0_-77.0,155.56,Directed
6.0_87.0,6.0_86.0,110.00,Directed
6.0_87.0,6.0_88.0,110.00,Directed
12.0_-61.0,11.0_-62.0,155.56,Directed
12.0_-61.0,11.0_-61.0,110.00,Directed
12.0_-61.0,11.0_-60.0,155.56,Directed
12.0_-61.0,12.0_-62.0,110.00,Directed
12.0_-61.0,12.0_-60.0,110.00,Directed
12.0_-61.0,13.0_-62.0,155.56,Directed
12.0_-61.0,13.0_-61.0,110.00,Directed
12.0_-61.0,13.0_-60.0,155.56,Directed
-33.0_-85.0,-34.0_-84.0,155.56,Directed
54.0_-6.0,54.0_-5.0,110.00,Directed
54.0_-6.0,55.0_-7.0,155.56,Directed
54.0_-6.0,55.0_-6.0,110.00,Directed
54.0_-6.0,55.0_-5.0,155.56,Directed
-3.0_-129.0,-3.0_-128.0,110.00,Directed
-3.0_-129.0,-2.0_-130.0,155.56,Directed
32.0_-66.0,31.0_-67.0,155.56,Directed
32.0_-66.0,31.0_-66.0,110.00,Directed
32.0_-66.0,31.0_-65.0,155.56,Directed
32.0_-66.0,32.0_-67.0,110.00,Directed
32.0_-66.0,32.0_-65.0,110.00,Directed
32.0_-66.0,33.0_-67.0,155.56,Directed
32.0_-66.0,33.0_-66.0,110.00,Directed
32.0_-66.0,33.0_-65.0,155.56,Directed
-24.0_-37.0,-25.0_-37.0,110.00,Directed
-24.0_-37.0,-24.0_-38.0,110.00,Directed
-24.0_-37.0,-23.0_-37.0,110.00,Directed
33.0_-65.0,32.0_-66.0,155.56,Directed
33.0_-65.0,32.0_-65.0,110.00,Directed
33.0_-65.0,32.0_-64.0,155.56,Directed
33.0_-65.0,33.0_-66.0,110.00,Directed
33.0_-65.0,33.0_-64.0,110.00,Directed
33.0_-65.0,34.0_-66.0,155.56,Directed
33.0_-65.0,34.0_-65.0,110.00,Directed
33.0_-65.0,34.0_-64.0,155.56,Directed
-19.0_96.0,-20.0_96.0,110.00,Directed
-19.0_96.0,-19.0_95.0,110.00,Directed
-19.0_96.0,-18.0_95.0,155.56,Directed
-19.0_96.0,-18.0_97.0,155.56,Directed
-7.0_98.0,-8.0_98.0,110.00,Directed
-7.0_98.0,-8.0_99.0,155.56,Directed
-7.0_98.0,-7.0_99.0,110.00,Directed
40.0_136.0,39.0_135.0,155.56,Directed
40.0_136.0,39.0_137.0,155.56,Directed
40.0_136.0,40.0_137.0,110.00,Directed
40.0_136.0,41.0_137.0,155.56,Directed
28.0_-45.0,27.0_-45.0,110.00,Directed
28.0_-45.0,29.0_-46.0,155.56,Directed
41.0_-70.0,40.0_-71.0,155.56,Directed
41.0_-70.0,40.0_-70.0,110.00,Directed
41.0_-70.0,40.0_-69.0,155.56,Directed
41.0_-70.0,41.0_-71.0,110.00,Directed
41.0_-70.0,41.0_-69.0,110.00,Directed
41.0_-70.0,42.0_-71.0,155.56,Directed
41.0_-70.0,42.0_-70.0,110.00,Directed
41.0_-70.0,42.0_-69.0,155.56,Directed
-34.0_-36.0,-35.0_-37.0,155.56,Directed
-34.0_-36.0,-34.0_-35.0,110.00,Directed
22.0_-85.0,21.0_-85.0,110.00,Directed
22.0_-85.0,21.0_-84.0,155.56,Directed
22.0_-85.0,22.0_-86.0,110.00,Directed
22.0_-85.0,23.0_-85.0,110.00,Directed
22.0_-85.0,23.0_-84.0,155.56,Directed
13.0_-117.0,12.0_-118.0,155.56,Directed
13.0_-117.0,12.0_-117.0,110.00,Directed
13.0_-117.0,13.0_-118.0,110.00,Directed
13.0_-117.0,13.0_-116.0,110.00,Directed
13.0_-117.0,14.0_-118.0,155.56,Directed
13.0_-117.0,14.0_-116.0,155.56,Directed
17.0_-155.0,17.0_-156.0,110.00,Directed
17.0_-155.0,18.0_-156.0,155.56,Directed
17.0_-155.0,18.0_-154.0,155.56,Directed
29.0_-75.0,28.0_-76.0,155.56,Directed
29.0_-75.0,28.0_-75.0,110.00,Directed
29.0_-75.0,28.0_-74.0,155.56,Directed
29.0_-75.0,29.0_-76.0,110.00,Directed
29.0_-75.0,29.0_-74.0,110.00,Directed
29.0_-75.0,30.0_-76.0,155.56,Directed
29.0_-75.0,30.0_-75.0,110.00,Directed
29.0_-75.0,30.0_-74.0,155.56,Directed
39.0_-139.0,38.0_-140.0,155.56,Directed
39.0_-139.0,38.0_-139.0,110.00,Directed
39.0_-139.0,38.0_-138.0,155.56,Directed
39.0_-139.0,39.0_-140.0,110.00,Directed
39.0_-139.0,39.0_-138.0,110.00,Directed
39.0_-139.0,40.0_-140.0,155.56,Directed
39.0_-139.0,40.0_-139.0,110.00,Directed
-37.0_151.0,-38.0_150.0,155.56,Directed
-37.0_151.0,-36.0_150.0,155.56,Directed
33.0_-139.0,32.0_-140.0,155.56,Directed
33.0_-139.0,32.0_-139.0,110.00,Directed
33.0_-139.0,32.0_-138.0,155.56,Directed
33.0_-139.0,33.0_-140.0,110.00,Directed
33.0_-139.0,34.0_-140.0,155.56,Directed
77.0_9.0,77.0_8.0,110.00,Directed
77.0_9.0,77.0_10.0,110.00,Directed
-31.0_-25.0,-32.0_-26.0,155.56,Directed
-31.0_-25.0,-30.0_-25.0,110.00,Directed
-31.0_-25.0,-30.0_-24.0,155.56,Directed
16.0_-70.0,15.0_-71.0,155.56,Directed
16.0_-70.0,15.0_-70.0,110.00,Directed
16.0_-70.0,15.0_-69.0,155.56,Directed
16.0_-70.0,16.0_-71.0,110.00,Directed
16.0_-70.0,16.0_-69.0,110.00,Directed
16.0_-70.0,17.0_-71.0,155.56,Directed
16.0_-70.0,17.0_-70.0,110.00,Directed
16.0_-70.0,17.0_-69.0,155.56,Directed
42.0_-138.0,41.0_-138.0,110.00,Directed
4.0_-161.0,3.0_-162.0,155.56,Directed
4.0_-161.0,3.0_-161.0,110.00,Directed
4.0_-161.0,3.0_-160.0,155.56,Directed
4.0_-161.0,4.0_-160.0,110.00,Directed
4.0_-161.0,5.0_-162.0,155.56,Directed
-27.0_-114.0,-27.0_-115.0,110.00,Directed
-27.0_-114.0,-27.0_-113.0,110.00,Directed
41.0_-157.0,40.0_-158.0,155.56,Directed
41.0_-157.0,40.0_-157.0,110.00,Directed
41.0_-157.0,41.0_-156.0,110.00,Directed
17.0_-65.0,16.0_-66.0,155.56,Directed
17.0_-65.0,16.0_-65.0,110.00,Directed
17.0_-65.0,16.0_-64.0,155.56,Directed
17.0_-65.0,17.0_-66.0,110.00,Directed
17.0_-65.0,17.0_-64.0,110.00,Directed
17.0_-65.0,18.0_-65.0,110.00,Directed
17.0_-65.0,18.0_-64.0,155.56,Directed
-28.0_-108.0,-29.0_-107.0,155.56,Directed
-28.0_-108.0,-28.0_-109.0,110.00,Directed
-28.0_-108.0,-27.0_-108.0,110.00,Directed
30.0_138.0,30.0_137.0,110.00,Directed
30.0_138.0,31.0_137.0,155.56,Directed
30.0_138.0,31.0_138.0,110.00,Directed
29.0_131.0,28.0_130.0,155.56,Directed
29.0_131.0,28.0_131.0,110.00,Directed
29.0_131.0,30.0_130.0,155.56,Directed
29.0_131.0,30.0_131.0,110.00,Directed
27.0_-59.0,26.0_-60.0,155.56,Directed
27.0_-59.0,26.0_-59.0,110.00,Directed
27.0_-59.0,26.0_-58.0,155.56,Directed
27.0_-59.0,27.0_-60.0,110.00,Directed
27.0_-59.0,27.0_-58.0,110.00,Directed
27.0_-59.0,28.0_-60.0,155.56,Directed
27.0_-59.0,28.0_-59.0,110.00,Directed
27.0_-59.0,28.0_-58.0,155.56,Directed
16.0_-169.0,16.0_-170.0,110.00,Directed
25.0_135.0,24.0_135.0,110.00,Directed
25.0_135.0,24.0_136.0,155.56,Directed
32.0_-132.0,32.0_-133.0,110.00,Directed
32.0_-132.0,32.0_-131.0,110.00,Directed
32.0_-132.0,33.0_-133.0,155.56,Directed
32.0_-132.0,33.0_-132.0,110.00,Directed
38.0_-145.0,37.0_-144.0,155.56,Directed
38.0_-145.0,38.0_-146.0,110.00,Directed
38.0_-145.0,38.0_-144.0,110.00,Directed
38.0_-145.0,39.0_-146.0,155.56,Directed
38.0_-145.0,39.0_-144.0,155.56,Directed
-12.0_-146.0,-13.0_-147.0,155.56,Directed
-12.0_-146.0,-13.0_-146.0,110.00,Directed
-12.0_-146.0,-13.0_-145.0,155.56,Directed
-12.0_-146.0,-12.0_-147.0,110.00,Directed
-12.0_-146.0,-12.0_-145.0,110.00,Directed
-12.0_-146.0,-11.0_-147.0,155.56,Directed
-12.0_-146.0,-11.0_-146.0,110.00,Directed
-12.0_-146.0,-11.0_-145.0,155.56,Directed
72.0_139.0,72.0_140.0,110.00,Directed
39.0_-73.0,38.0_-73.0,110.00,Directed
39.0_-73.0,38.0_-72.0,155.56,Directed
39.0_-73.0,39.0_-74.0,110.00,Directed
39.0_-73.0,39.0_-72.0,110.00,Directed
39.0_-73.0,40.0_-74.0,155.56,Directed
39.0_-73.0,40.0_-73.0,110.00,Directed
39.0_-73.0,40.0_-72.0,155.56,Directed
16.0_-83.0,15.0_-82.0,155.56,Directed
16.0_-83.0,16.0_-84.0,110.00,Directed
16.0_-83.0,16.0_-82.0,110.00,Directed
16.0_-83.0,17.0_-84.0,155.56,Directed
16.0_-83.0,17.0_-83.0,110.00,Directed
16.0_-83.0,17.0_-82.0,155.56,Directed
14.0_-115.0,13.0_-116.0,155.56,Directed
14.0_-115.0,13.0_-114.0,155.56,Directed
14.0_-115.0,14.0_-116.0,110.00,Directed
14.0_-115.0,14.0_-114.0,110.00,Directed
14.0_-115.0,15.0_-116.0,155.56,Directed
14.0_-115.0,15.0_-114.0,155.56,Directed
33.0_-126.0,32.0_-127.0,155.56,Directed
33.0_-126.0,32.0_-126.0,110.00,Directed
33.0_-126.0,32.0_-125.0,155.56,Directed
33.0_-126.0,33.0_-127.0,110.00,Directed
33.0_-126.0,33.0_-125.0,110.00,Directed
33.0_-126.0,34.0_-126.0,110.00,Directed
33.0_-126.0,34.0_-125.0,155.56,Directed
0.0_-141.0,-1.0_-142.0,155.56,Directed
0.0_-141.0,-1.0_-141.0,110.00,Directed
0.0_-141.0,0.0_-142.0,110.00,Directed
0.0_-141.0,1.0_-141.0,110.00,Directed
49.0_-10.0,48.0_-11.0,155.56,Directed
49.0_-10.0,48.0_-9.0,155.56,Directed
49.0_-10.0,49.0_-11.0,110.00,Directed
49.0_-10.0,49.0_-9.0,110.00,Directed
49.0_-10.0,50.0_-11.0,155.56,Directed
49.0_-10.0,50.0_-10.0,110.00,Directed
49.0_-10.0,50.0_-9.0,155.56,Directed
7.0_-148.0,6.0_-147.0,155.56,Directed
7.0_-148.0,7.0_-149.0,110.00,Directed
7.0_-148.0,7.0_-147.0,110.00,Directed
7.0_-148.0,8.0_-149.0,155.56,Directed
7.0_-148.0,8.0_-148.0,110.00,Directed
7.0_-148.0,8.0_-147.0,155.56,Directed
-11.0_-4.0,-10.0_-5.0,155.56,Directed
21.0_130.0,20.0_129.0,155.56,Directed
21.0_130.0,22.0_130.0,110.00,Directed
-11.0_-152.0,-12.0_-152.0,110.00,Directed
-11.0_-152.0,-10.0_-152.0,110.00,Directed
36.0_-63.0,35.0_-64.0,155.56,Directed
36.0_-63.0,35.0_-63.0,110.00,Directed
36.0_-63.0,35.0_-62.0,155.56,Directed
36.0_-63.0,36.0_-64.0,110.00,Directed
36.0_-63.0,37.0_-64.0,155.56,Directed
36.0_-63.0,37.0_-63.0,110.00,Directed
36.0_-63.0,37.0_-62.0,155.56,Directed
49.0_0.0,49.0_-1.0,110.00,Directed
49.0_0.0,50.0_-1.0,155.56,Directed
49.0_0.0,50.0_0.0,110.00,Directed
49.0_0.0,50.0_1.0,155.56,Directed
2.0_-129.0,1.0_-130.0,155.56,Directed
2.0_-129.0,1.0_-129.0,110.00,Directed
2.0_-129.0,1.0_-128.0,155.56,Directed
2.0_-129.0,3.0_-130.0,155.56,Directed
2.0_-129.0,3.0_-128.0,155.56,Directed
46.0_-5.0,45.0_-4.0,155.56,Directed
46.0_-5.0,46.0_-6.0,110.00,Directed
46.0_-5.0,46.0_-4.0,110.00,Directed
46.0_-5.0,47.0_-6.0,155.56,Directed
46.0_-5.0,47.0_-5.0,110.00,Directed
46.0_-5.0,47.0_-4.0,155.56,Directed
47.0_-8.0,46.0_-7.0,155.56,Directed
47.0_-8.0,47.0_-9.0,110.00,Directed
47.0_-8.0,47.0_-7.0,110.00,Directed
47.0_-8.0,48.0_-9.0,155.56,Directed
47.0_-8.0,48.0_-8.0,110.00,Directed
47.0_-8.0,48.0_-7.0,155.56,Directed
46.0_-57.0,45.0_-58.0,155.56,Directed
46.0_-57.0,45.0_-57.0,110.00,Directed
46.0_-57.0,46.0_-58.0,110.00,Directed
46.0_-57.0,47.0_-58.0,155.56,Directed
46.0_-57.0,47.0_-57.0,110.00,Directed
-7.0_-137.0,-8.0_-138.0,155.56,Directed
-7.0_-137.0,-8.0_-137.0,110.00,Directed
-7.0_-137.0,-8.0_-136.0,155.56,Directed
-7.0_-137.0,-7.0_-136.0,110.00,Directed
-7.0_-137.0,-6.0_-136.0,155.56,Directed
43.0_-4.0,43.0_-5.0,110.00,Directed
43.0_-4.0,43.0_-3.0,110.00,Directed
43.0_-4.0,44.0_-3.0,155.56,Directed
-13.0_-144.0,-14.0_-145.0,155.56,Directed
-13.0_-144.0,-14.0_-144.0,110.00,Directed
-13.0_-144.0,-13.0_-145.0,110.00,Directed
-13.0_-144.0,-13.0_-143.0,110.00,Directed
-13.0_-144.0,-12.0_-145.0,155.56,Directed
-13.0_-144.0,-12.0_-144.0,110.00,Directed
-13.0_-144.0,-12.0_-143.0,155.56,Directed
22.0_-72.0,21.0_-73.0,155.56,Directed
22.0_-72.0,21.0_-72.0,110.00,Directed
22.0_-72.0,21.0_-71.0,155.56,Directed
22.0_-72.0,22.0_-73.0,110.00,Directed
22.0_-72.0,22.0_-71.0,110.00,Directed
22.0_-72.0,23.0_-73.0,155.56,Directed
22.0_-72.0,23.0_-72.0,110.00,Directed
22.0_-72.0,23.0_-71.0,155.56,Directed
2.0_146.0,2.0_147.0,110.00,Directed
2.0_146.0,3.0_146.0,110.00,Directed
29.0_-163.0,30.0_-164.0,155.56,Directed
29.0_-163.0,30.0_-162.0,155.56,Directed
13.0_-68.0,12.0_-69.0,155.56,Directed
13.0_-68.0,12.0_-68.0,110.00,Directed
13.0_-68.0,12.0_-67.0,155.56,Directed
13.0_-68.0,13.0_-69.0,110.00,Directed
13.0_-68.0,13.0_-67.0,110.00,Directed
13.0_-68.0,14.0_-69.0,155.56,Directed
13.0_-68.0,14.0_-67.0,155.56,Directed
77.0_121.0,77.0_120.0,110.00,Directed
69.0_-51.0,69.0_-52.0,110.00,Directed
-29.0_-15.0,-29.0_-16.0,110.00,Directed
-29.0_-15.0,-28.0_-15.0,110.00,Directed
-29.0_-15.0,-28.0_-14.0,155.56,Directed
38.0_139.0,37.0_138.0,155.56,Directed
38.0_139.0,38.0_138.0,110.00,Directed
38.0_139.0,39.0_138.0,155.56,Directed
38.0_139.0,39.0_139.0,110.00,Directed
41.0_140.0,40.0_139.0,155.56,Directed
41.0_140.0,40.0_141.0,155.56,Directed
41.0_140.0,41.0_139.0,110.00,Directed
41.0_140.0,41.0_141.0,110.00,Directed
41.0_140.0,42.0_140.0,110.00,Directed
41.0_140.0,42.0_141.0,155.56,Directed
40.0_40.0,39.0_41.0,155.56,Directed
40.0_40.0,40.0_41.0,110.00,Directed
40.0_40.0,41.0_41.0,155.56,Directed
34.0_134.0,33.0_133.0,155.56,Directed
34.0_134.0,33.0_134.0,110.00,Directed
34.0_134.0,33.0_135.0,155.56,Directed
34.0_134.0,34.0_133.0,110.00,Directed
34.0_134.0,34.0_135.0,110.00,Directed
34.0_134.0,35.0_133.0,155.56,Directed
34.0_134.0,35.0_134.0,110.00,Directed
34.0_134.0,35.0_135.0,155.56,Directed
41.0_-144.0,40.0_-145.0,155.56,Directed
41.0_-144.0,40.0_-144.0,110.00,Directed
41.0_-144.0,42.0_-144.0,110.00,Directed
41.0_-144.0,42.0_-143.0,155.56,Directed
16.0_-161.0,15.0_-162.0,155.56,Directed
16.0_-161.0,15.0_-161.0,110.00,Directed
16.0_-161.0,15.0_-160.0,155.56,Directed
16.0_-161.0,16.0_-160.0,110.00,Directed
16.0_-161.0,17.0_-161.0,110.00,Directed
16.0_-161.0,17.0_-160.0,155.56,Directed
24.0_-66.0,23.0_-66.0,110.00,Directed
24.0_-66.0,23.0_-65.0,155.56,Directed
24.0_-66.0,24.0_-65.0,110.00,Directed
24.0_-66.0,25.0_-66.0,110.00,Directed
24.0_-66.0,25.0_-65.0,155.56,Directed
-10.0_-140.0,-11.0_-141.0,155.56,Directed
-10.0_-140.0,-11.0_-140.0,110.00,Directed
-10.0_-140.0,-10.0_-141.0,110.00,Directed
-10.0_-140.0,-10.0_-139.0,110.00,Directed
-10.0_-140.0,-9.0_-141.0,155.56,Directed
-10.0_-140.0,-9.0_-140.0,110.00,Directed
-10.0_-140.0,-9.0_-139.0,155.56,Directed
24.0_-113.0,23.0_-113.0,110.00,Directed
24.0_-113.0,23.0_-112.0,155.56,Directed
24.0_-113.0,24.0_-114.0,110.00,Directed
24.0_-113.0,25.0_-114.0,155.56,Directed
24.0_-113.0,25.0_-113.0,110.00,Directed
32.0_136.0,31.0_135.0,155.56,Directed
32.0_136.0,31.0_136.0,110.00,Directed
32.0_136.0,31.0_137.0,155.56,Directed
32.0_136.0,32.0_135.0,110.00,Directed
32.0_136.0,32.0_137.0,110.00,Directed
32.0_136.0,33.0_135.0,155.56,Directed
32.0_136.0,33.0_136.0,110.00,Directed
32.0_136.0,33.0_137.0,155.56,Directed
14.0_137.0,15.0_137.0,110.00,Directed
-8.0_93.0,-9.0_93.0,110.00,Directed
-8.0_93.0,-8.0_94.0,110.00,Directed
-25.0_106.0,-26.0_105.0,155.56,Directed
-25.0_106.0,-26.0_106.0,110.00,Directed
-25.0_106.0,-26.0_107.0,155.56,Directed
-25.0_106.0,-25.0_105.0,110.00,Directed
14.0_-159.0,13.0_-160.0,155.56,Directed
14.0_-159.0,13.0_-159.0,110.00,Directed
14.0_-159.0,13.0_-158.0,155.56,Directed
14.0_-159.0,14.0_-160.0,110.00,Directed
14.0_-159.0,14.0_-158.0,110.00,Directed
14.0_-159.0,15.0_-160.0,155.56,Directed
14.0_-159.0,15.0_-159.0,110.00,Directed
14.0_-159.0,15.0_-158.0,155.56,Directed
-27.0_166.0,-28.0_165.0,155.56,Directed
-27.0_166.0,-27.0_167.0,110.00,Directed
12.0_-149.0,11.0_-150.0,155.56,Directed
12.0_-149.0,11.0_-149.0,110.00,Directed
12.0_-149.0,11.0_-148.0,155.56,Directed
12.0_-149.0,12.0_-150.0,110.00,Directed
12.0_-149.0,12.0_-148.0,110.00,Directed
12.0_-149.0,13.0_-150.0,155.56,Directed
41.0_9.0,40.0_8.0,155.56,Directed
41.0_9.0,40.0_9.0,110.00,Directed
41.0_9.0,41.0_8.0,110.00,Directed
41.0_9.0,42.0_8.0,155.56,Directed
41.0_9.0,42.0_9.0,110.00,Directed
41.0_9.0,42.0_10.0,155.56,Directed
48.0_-11.0,47.0_-12.0,155.56,Directed
48.0_-11.0,47.0_-11.0,110.00,Directed
48.0_-11.0,47.0_-10.0,155.56,Directed
48.0_-11.0,48.0_-12.0,110.00,Directed
48.0_-11.0,49.0_-12.0,155.56,Directed
48.0_-11.0,49.0_-11.0,110.00,Directed
48.0_-11.0,49.0_-10.0,155.56,Directed
-36.0_117.0,-36.0_118.0,110.00,Directed
44.0_-76.0,43.0_-77.0,155.56,Directed
44.0_-76.0,44.0_-77.0,110.00,Directed
44.0_-76.0,45.0_-75.0,155.56,Directed
37.0_-62.0,36.0_-63.0,155.56,Directed
37.0_-62.0,36.0_-61.0,155.56,Directed
37.0_-62.0,37.0_-63.0,110.00,Directed
37.0_-62.0,37.0_-61.0,110.00,Directed
37.0_-62.0,38.0_-63.0,155.56,Directed
37.0_-62.0,38.0_-61.0,155.56,Directed
32.0_-127.0,32.0_-128.0,110.00,Directed
32.0_-127.0,32.0_-126.0,110.00,Directed
32.0_-127.0,33.0_-128.0,155.56,Directed
32.0_-127.0,33.0_-127.0,110.00,Directed
32.0_-127.0,33.0_-126.0,155.56,Directed
-8.0_-140.0,-9.0_-141.0,155.56,Directed
-8.0_-140.0,-9.0_-140.0,110.00,Directed
-8.0_-140.0,-9.0_-139.0,155.56,Directed
-8.0_-140.0,-8.0_-141.0,110.00,Directed
-8.0_-140.0,-7.0_-141.0,155.56,Directed
-8.0_-140.0,-7.0_-140.0,110.00,Directed
28.0_-58.0,27.0_-59.0,155.56,Directed
28.0_-58.0,27.0_-58.0,110.00,Directed
28.0_-58.0,27.0_-57.0,155.56,Directed
28.0_-58.0,28.0_-59.0,110.00,Directed
28.0_-58.0,28.0_-57.0,110.00,Directed
28.0_-58.0,29.0_-59.0,155.56,Directed
28.0_-58.0,29.0_-58.0,110.00,Directed
28.0_-58.0,29.0_-57.0,155.56,Directed
20.0_-106.0,19.0_-107.0,155.56,Directed
20.0_-106.0,19.0_-106.0,110.00,Directed
20.0_-106.0,20.0_-107.0,110.00,Directed
20.0_-106.0,21.0_-107.0,155.56,Directed
20.0_-106.0,21.0_-106.0,110.00,Directed
42.0_15.0,41.0_16.0,155.56,Directed
42.0_15.0,42.0_16.0,110.00,Directed
-17.0_-23.0,-17.0_-24.0,110.00,Directed
31.0_-120.0,30.0_-121.0,155.56,Directed
31.0_-120.0,31.0_-121.0,110.00,Directed
31.0_-120.0,31.0_-119.0,110.00,Directed
31.0_-120.0,32.0_-121.0,155.56,Directed
31.0_-120.0,32.0_-120.0,110.00,Directed
31.0_-120.0,32.0_-119.0,155.56,Directed
73.0_77.0,73.0_78.0,110.00,Directed
73.0_77.0,74.0_76.0,155.56,Directed
76.0_16.0,76.0_17.0,110.00,Directed
-2.0_-153.0,-2.0_-152.0,110.00,Directed
-2.0_-153.0,-1.0_-154.0,155.56,Directed
-2.0_-153.0,-1.0_-153.0,110.00,Directed
-2.0_-153.0,-1.0_-152.0,155.56,Directed
61.0_-5.0,60.0_-6.0,155.56,Directed
61.0_-5.0,60.0_-5.0,110.00,Directed
61.0_-5.0,60.0_-4.0,155.56,Directed
61.0_-5.0,61.0_-4.0,110.00,Directed
44.0_-63.0,43.0_-64.0,155.56,Directed
44.0_-63.0,43.0_-63.0,110.00,Directed
44.0_-63.0,43.0_-62.0,155.56,Directed
44.0_-63.0,44.0_-64.0,110.00,Directed
44.0_-63.0,44.0_-62.0,110.00,Directed
8.0_-120.0,7.0_-121.0,155.56,Directed
8.0_-120.0,7.0_-120.0,110.00,Directed
8.0_-120.0,7.0_-119.0,155.56,Directed
8.0_-120.0,8.0_-121.0,110.00,Directed
8.0_-120.0,9.0_-121.0,155.56,Directed
8.0_-120.0,9.0_-120.0,110.00,Directed
8.0_-120.0,9.0_-119.0,155.56,Directed
53.0_-14.0,52.0_-14.0,110.00,Directed
53.0_-14.0,52.0_-13.0,155.56,Directed
53.0_-14.0,53.0_-15.0,110.00,Directed
53.0_-14.0,53.0_-13.0,110.00,Directed
53.0_-14.0,54.0_-15.0,155.56,Directed
53.0_-14.0,54.0_-14.0,110.00,Directed
53.0_-14.0,54.0_-13.0,155.56,Directed
20.0_-61.0,19.0_-62.0,155.56,Directed
20.0_-61.0,19.0_-61.0,110.00,Directed
20.0_-61.0,19.0_-60.0,155.56,Directed
20.0_-61.0,20.0_-60.0,110.00,Directed
20.0_-61.0,21.0_-62.0,155.56,Directed
20.0_-61.0,21.0_-61.0,110.00,Directed
20.0_-61.0,21.0_-60.0,155.56,Directed
30.0_-68.0,29.0_-69.0,155.56,Directed
30.0_-68.0,29.0_-68.0,110.00,Directed
30.0_-68.0,29.0_-67.0,155.56,Directed
30.0_-68.0,30.0_-69.0,110.00,Directed
30.0_-68.0,30.0_-67.0,110.00,Directed
30.0_-68.0,31.0_-69.0,155.56,Directed
30.0_-68.0,31.0_-68.0,110.00,Directed
30.0_-68.0,31.0_-67.0,155.56,Directed
32.0_-158.0,31.0_-159.0,155.56,Directed
32.0_-158.0,31.0_-158.0,110.00,Directed
32.0_-158.0,31.0_-157.0,155.56,Directed
32.0_-158.0,32.0_-159.0,110.00,Directed
32.0_-158.0,32.0_-157.0,110.00,Directed
32.0_-158.0,33.0_-158.0,110.00,Directed
40.0_-71.0,39.0_-72.0,155.56,Directed
40.0_-71.0,39.0_-71.0,110.00,Directed
40.0_-71.0,39.0_-70.0,155.56,Directed
40.0_-71.0,40.0_-72.0,110.00,Directed
40.0_-71.0,40.0_-70.0,110.00,Directed
40.0_-71.0,41.0_-72.0,155.56,Directed
40.0_-71.0,41.0_-71.0,110.00,Directed
40.0_-71.0,41.0_-70.0,155.56,Directed
31.0_-67.0,30.0_-68.0,155.56,Directed
31.0_-67.0,30.0_-67.0,110.00,Directed
31.0_-67.0,30.0_-66.0,155.56,Directed
31.0_-67.0,31.0_-68.0,110.00,Directed
31.0_-67.0,31.0_-66.0,110.00,Directed
31.0_-67.0,32.0_-68.0,155.56,Directed
31.0_-67.0,32.0_-67.0,110.00,Directed
31.0_-67.0,32.0_-66.0,155.56,Directed
7.0_-117.0,6.0_-118.0,155.56,Directed
7.0_-117.0,6.0_-117.0,110.00,Directed
7.0_-117.0,8.0_-116.0,155.56,Directed
28.0_-116.0,27.0_-117.0,155.56,Directed
28.0_-116.0,27.0_-116.0,110.00,Directed
28.0_-116.0,27.0_-115.0,155.56,Directed
28.0_-116.0,28.0_-117.0,110.00,Directed
35.0_-59.0,34.0_-60.0,155.56,Directed
35.0_-59.0,34.0_-59.0,110.00,Directed
35.0_-59.0,34.0_-58.0,155.56,Directed
35.0_-59.0,35.0_-60.0,110.00,Directed
35.0_-59.0,36.0_-60.0,155.56,Directed
33.0_-161.0,32.0_-161.0,110.00,Directed
33.0_-161.0,32.0_-160.0,155.56,Directed
33.0_-161.0,33.0_-162.0,110.00,Directed
33.0_-161.0,33.0_-160.0,110.00,Directed
21.0_-166.0,21.0_-165.0,110.00,Directed
22.0_155.0,21.0_155.0,110.00,Directed
22.0_155.0,23.0_155.0,110.00,Directed
9.0_-158.0,8.0_-159.0,155.56,Directed
9.0_-158.0,8.0_-158.0,110.00,Directed
9.0_-158.0,8.0_-157.0,155.56,Directed
9.0_-158.0,9.0_-159.0,110.00,Directed
9.0_-158.0,10.0_-159.0,155.56,Directed
9.0_-158.0,10.0_-158.0,110.00,Directed
9.0_-158.0,10.0_-157.0,155.56,Directed
50.0_-3.0,49.0_-2.0,155.56,Directed
50.0_-3.0,50.0_-2.0,110.00,Directed
43.0_-64.0,42.0_-65.0,155.56,Directed
43.0_-64.0,42.0_-64.0,110.00,Directed
43.0_-64.0,42.0_-63.0,155.56,Directed
43.0_-64.0,43.0_-65.0,110.00,Directed
43.0_-64.0,43.0_-63.0,110.00,Directed
43.0_-64.0,44.0_-65.0,155.56,Directed
43.0_-64.0,44.0_-64.0,110.00,Directed
43.0_-64.0,44.0_-63.0,155.56,Directed
29.0_-176.0,29.0_-177.0,110.00,Directed
29.0_-176.0,30.0_-177.0,155.56,Directed
29.0_-176.0,30.0_-176.0,110.00,Directed
29.0_-176.0,30.0_-175.0,155.56,Directed
60.0_-2.0,59.0_-3.0,155.56,Directed
60.0_-2.0,59.0_-1.0,155.56,Directed
60.0_-2.0,60.0_-3.0,110.00,Directed
60.0_-2.0,60.0_-1.0,110.00,Directed
23.0_141.0,22.0_141.0,110.00,Directed
23.0_141.0,24.0_141.0,110.00,Directed
14.0_-72.0,13.0_-73.0,155.56,Directed
14.0_-72.0,13.0_-72.0,110.00,Directed
14.0_-72.0,13.0_-71.0,155.56,Directed
14.0_-72.0,14.0_-71.0,110.00,Directed
14.0_-72.0,15.0_-73.0,155.56,Directed
14.0_-72.0,15.0_-72.0,110.00,Directed
14.0_-72.0,15.0_-71.0,155.56,Directed
6.0_-136.0,5.0_-137.0,155.56,Directed
6.0_-136.0,5.0_-136.0,110.00,Directed
6.0_-136.0,7.0_-136.0,110.00,Directed
3.0_-158.0,2.0_-159.0,155.56,Directed
3.0_-158.0,2.0_-158.0,110.00,Directed
3.0_-158.0,2.0_-157.0,155.56,Directed
3.0_-158.0,3.0_-157.0,110.00,Directed
3.0_-158.0,4.0_-158.0,110.00,Directed
3.0_-158.0,4.0_-157.0,155.56,Directed
24.0_-22.0,23.0_-23.0,155.56,Directed
15.0_-71.0,14.0_-72.0,155.56,Directed
15.0_-71.0,14.0_-71.0,110.00,Directed
15.0_-71.0,14.0_-70.0,155.56,Directed
15.0_-71.0,15.0_-72.0,110.00,Directed
15.0_-71.0,15.0_-70.0,110.00,Directed
15.0_-71.0,16.0_-72.0,155.56,Directed
15.0_-71.0,16.0_-71.0,110.00,Directed
15.0_-71.0,16.0_-70.0,155.56,Directed
24.0_-157.0,23.0_-158.0,155.56,Directed
24.0_-157.0,23.0_-157.0,110.00,Directed
24.0_-157.0,23.0_-156.0,155.56,Directed
24.0_-157.0,24.0_-158.0,110.00,Directed
24.0_-157.0,24.0_-156.0,110.00,Directed
24.0_-157.0,25.0_-158.0,155.56,Directed
24.0_-157.0,25.0_-157.0,110.00,Directed
39.0_143.0,38.0_142.0,155.56,Directed
39.0_143.0,38.0_143.0,110.00,Directed
39.0_143.0,38.0_144.0,155.56,Directed
39.0_143.0,39.0_142.0,110.00,Directed
39.0_143.0,40.0_142.0,155.56,Directed
39.0_143.0,40.0_143.0,110.00,Directed
39.0_143.0,40.0_144.0,155.56,Directed
23.0_-23.0,24.0_-22.0,155.56,Directed
28.0_-129.0,27.0_-130.0,155.56,Directed
28.0_-129.0,27.0_-129.0,110.00,Directed
28.0_-129.0,28.0_-128.0,110.00,Directed
36.0_11.0,36.0_12.0,110.00,Directed
36.0_11.0,37.0_11.0,110.00,Directed
36.0_11.0,37.0_12.0,155.56,Directed
75.0_13.0,76.0_12.0,155.56,Directed
75.0_13.0,76.0_13.0,110.00,Directed
75.0_13.0,76.0_14.0,155.56,Directed
43.0_-77.0,43.0_-78.0,110.00,Directed
43.0_-77.0,44.0_-77.0,110.00,Directed
43.0_-77.0,44.0_-76.0,155.56,Directed
37.0_-75.0,36.0_-76.0,155.56,Directed
37.0_-75.0,37.0_-74.0,110.00,Directed
16.0_-130.0,15.0_-130.0,110.00,Directed
16.0_-130.0,16.0_-129.0,110.00,Directed
16.0_-130.0,17.0_-131.0,155.56,Directed
16.0_-130.0,17.0_-130.0,110.00,Directed
16.0_-130.0,17.0_-129.0,155.56,Directed
3.0_-145.0,2.0_-146.0,155.56,Directed
3.0_-145.0,2.0_-144.0,155.56,Directed
3.0_-145.0,3.0_-146.0,110.00,Directed
3.0_-145.0,3.0_-144.0,110.00,Directed
3.0_-145.0,4.0_-145.0,110.00,Directed
3.0_-145.0,4.0_-144.0,155.56,Directed
-41.0_142.0,-40.0_142.0,110.00,Directed
35.0_151.0,34.0_150.0,155.56,Directed
18.0_-77.0,17.0_-78.0,155.56,Directed
18.0_-77.0,17.0_-77.0,110.00,Directed
18.0_-77.0,17.0_-76.0,155.56,Directed
18.0_-77.0,18.0_-78.0,110.00,Directed
18.0_-77.0,18.0_-76.0,110.00,Directed
18.0_-77.0,19.0_-78.0,155.56,Directed
18.0_-77.0,19.0_-77.0,110.00,Directed
18.0_-77.0,19.0_-76.0,155.56,Directed
-20.0_115.0,-21.0_115.0,110.00,Directed
-20.0_115.0,-21.0_116.0,155.56,Directed
-28.0_165.0,-27.0_166.0,155.56,Directed
-34.0_-3.0,-34.0_-2.0,110.00,Directed
-34.0_-3.0,-33.0_-4.0,155.56,Directed
21.0_-60.0,20.0_-61.0,155.56,Directed
21.0_-60.0,20.0_-60.0,110.00,Directed
21.0_-60.0,20.0_-59.0,155.56,Directed
21.0_-60.0,21.0_-61.0,110.00,Directed
21.0_-60.0,21.0_-59.0,110.00,Directed
21.0_-60.0,22.0_-61.0,155.56,Directed
21.0_-60.0,22.0_-60.0,110.00,Directed
21.0_-60.0,22.0_-59.0,155.56,Directed
23.0_-150.0,22.0_-151.0,155.56,Directed
23.0_-150.0,24.0_-149.0,155.56,Directed
38.0_-127.0,38.0_-128.0,110.00,Directed
38.0_-127.0,38.0_-126.0,110.00,Directed
38.0_-127.0,39.0_-128.0,155.56,Directed
38.0_-127.0,39.0_-126.0,155.56,Directed
27.0_-81.0,26.0_-81.0,110.00,Directed
27.0_-81.0,26.0_-80.0,155.56,Directed
27.0_-81.0,27.0_-80.0,110.00,Directed
27.0_-81.0,28.0_-81.0,110.00,Directed
27.0_-81.0,28.0_-80.0,155.56,Directed
20.0_-74.0,19.0_-75.0,155.56,Directed
20.0_-74.0,19.0_-74.0,110.00,Directed
20.0_-74.0,19.0_-73.0,155.56,Directed
20.0_-74.0,20.0_-75.0,110.00,Directed
20.0_-74.0,20.0_-73.0,110.00,Directed
20.0_-74.0,21.0_-75.0,155.56,Directed
20.0_-74.0,21.0_-74.0,110.00,Directed
20.0_-74.0,21.0_-73.0,155.56,Directed
18.0_-171.0,17.0_-171.0,110.00,Directed
18.0_-171.0,19.0_-172.0,155.56,Directed
38.0_-61.0,37.0_-62.0,155.56,Directed
38.0_-61.0,37.0_-61.0,110.00,Directed
14.0_-146.0,13.0_-147.0,155.56,Directed
14.0_-146.0,13.0_-146.0,110.00,Directed
14.0_-146.0,14.0_-145.0,110.00,Directed
14.0_-146.0,15.0_-147.0,155.56,Directed
14.0_-146.0,15.0_-146.0,110.00,Directed
14.0_-146.0,15.0_-145.0,155.56,Directed
47.0_-12.0,47.0_-11.0,110.00,Directed
47.0_-12.0,48.0_-13.0,155.56,Directed
47.0_-12.0,48.0_-12.0,110.00,Directed
47.0_-12.0,48.0_-11.0,155.56,Directed
29.0_-57.0,28.0_-58.0,155.56,Directed
29.0_-57.0,28.0_-57.0,110.00,Directed
29.0_-57.0,28.0_-56.0,155.56,Directed
29.0_-57.0,29.0_-58.0,110.00,Directed
29.0_-57.0,29.0_-56.0,110.00,Directed
29.0_-57.0,30.0_-58.0,155.56,Directed
29.0_-57.0,30.0_-57.0,110.00,Directed
29.0_-57.0,30.0_-56.0,155.56,Directed
